park,night,illum,moonlight,darkHours,bortle,usualCloud,displayUsual,clear,half,overcast
acad,2026-10-07,0.075,0.000,9.40,3,55,51,89,55,10
arch,2026-10-07,0.070,0.000,9.55,3,30,73,89,55,10
badl,2026-10-07,0.070,0.000,9.42,2,39,65,97,55,10
bibe,2026-10-07,0.072,0.000,9.69,2,27,76,97,55,10
bisc,2026-10-07,0.075,0.000,9.71,5,56,50,74,55,10
blca,2026-10-07,0.070,0.000,9.55,2,31,72,97,55,10
brca,2026-10-07,0.070,0.000,9.57,2,26,77,97,55,10
cany,2026-10-07,0.070,0.000,9.56,2,28,75,97,55,10
care,2026-10-07,0.070,0.000,9.56,2,27,76,97,55,10
cave,2026-10-07,0.070,0.000,9.66,2,28,75,97,55,10
chis,2026-10-07,0.068,0.000,9.63,2,28,75,97,55,10
cong,2026-10-07,0.075,0.000,9.63,4,40,64,84,55,10
crla,2026-10-07,0.068,0.000,9.45,2,53,52,97,55,10
cuva,2026-10-07,0.075,0.000,9.49,6,60,46,59,55,10
deva,2026-10-07,0.068,0.000,9.59,2,19,83,97,55,10
dena,2026-10-07,0.065,0.000,8.14,2,78,30,95,55,10
drto,2026-10-07,0.075,0.000,9.71,2,53,52,97,55,10
ever,2026-10-07,0.075,0.000,9.71,3,53,52,89,55,10
gaar,2026-10-07,0.065,0.000,7.41,2,78,30,94,55,10
jeff,2026-10-07,0.072,0.000,9.55,8,46,39,39,39,10
glba,2026-10-07,0.065,0.000,8.62,2,81,27,95,55,10
glac,2026-10-07,0.070,0.000,9.25,2,63,43,96,55,10
grca,2026-10-07,0.068,0.000,9.60,2,24,78,97,55,10
grte,2026-10-07,0.070,0.000,9.42,2,56,50,97,55,10
grba,2026-10-07,0.068,0.000,9.55,2,27,76,97,55,10
grsa,2026-10-07,0.070,0.000,9.57,2,25,78,97,55,10
grsm,2026-10-07,0.075,0.000,9.60,3,49,56,89,55,10
gumo,2026-10-07,0.070,0.000,9.66,2,26,77,97,55,10
hale,2026-10-07,0.061,0.000,9.73,2,49,56,97,55,10
havo,2026-10-07,0.061,0.000,9.73,3,49,56,89,55,10
hosp,2026-10-07,0.072,0.000,9.62,5,37,67,74,55,10
indu,2026-10-07,0.072,0.000,9.48,6,58,48,59,55,10
isro,2026-10-07,0.075,0.000,9.27,2,65,42,96,55,10
jotr,2026-10-07,0.068,0.000,9.63,3,18,84,89,55,10
katm,2026-10-07,0.065,0.000,8.64,2,85,24,95,55,10
kefj,2026-10-07,0.065,0.000,8.53,2,73,34,95,55,10
kica,2026-10-07,0.068,0.000,9.59,3,20,82,89,55,10
kova,2026-10-07,0.065,0.000,7.49,2,70,37,94,55,10
lacl,2026-10-07,0.065,0.000,8.46,2,84,24,95,55,10
lavo,2026-10-07,0.068,0.000,9.51,2,30,73,97,55,10
maca,2026-10-07,0.072,0.000,9.58,4,46,59,84,55,10
meve,2026-10-07,0.070,0.000,9.58,3,28,75,89,55,10
mora,2026-10-07,0.068,0.000,9.32,3,65,42,89,55,10
npsa,2026-10-07,0.059,0.000,9.29,3,58,48,89,55,10
neri,2026-10-07,0.075,0.000,9.56,3,51,54,89,55,10
noca,2026-10-07,0.068,0.000,9.25,2,71,36,96,55,10
olym,2026-10-07,0.068,0.000,9.28,3,69,38,89,55,10
pefo,2026-10-07,0.068,0.000,9.62,2,23,79,97,55,10
pinn,2026-10-07,0.068,0.000,9.59,3,29,74,89,55,10
redw,2026-10-07,0.068,0.000,9.49,3,42,62,89,55,10
romo,2026-10-07,0.070,0.000,9.51,2,37,67,97,55,10
sagu,2026-10-07,0.068,0.000,9.66,5,20,74,74,55,10
sequ,2026-10-07,0.068,0.000,9.59,3,20,82,89,55,10
shen,2026-10-07,0.075,0.000,9.55,3,47,58,89,55,10
thro,2026-10-07,0.070,0.000,9.30,2,49,56,96,55,10
viis,2026-10-07,0.075,0.000,9.72,3,55,51,89,55,10
voya,2026-10-07,0.072,0.000,9.25,2,67,40,96,55,10
whsa,2026-10-07,0.070,0.000,9.65,3,27,76,89,55,10
wica,2026-10-07,0.070,0.000,9.43,2,39,65,97,55,10
wrst,2026-10-07,0.065,0.000,8.36,2,79,29,95,55,10
yell,2026-10-07,0.070,0.000,9.40,2,55,51,97,55,10
yose,2026-10-07,0.068,0.000,9.57,3,23,79,89,55,10
zion,2026-10-07,0.070,0.000,9.58,3,23,79,89,55,10
acad,2026-10-08,0.028,0.000,9.45,3,55,51,89,55,10
arch,2026-10-08,0.025,0.000,9.59,3,30,73,89,55,10
badl,2026-10-08,0.025,0.000,9.47,2,39,65,97,55,10
bibe,2026-10-08,0.026,0.000,9.71,2,27,76,97,55,10
bisc,2026-10-08,0.028,0.000,9.73,5,56,50,74,55,10
blca,2026-10-08,0.025,0.000,9.59,2,31,72,97,55,10
brca,2026-10-08,0.025,0.000,9.61,2,26,77,97,55,10
cany,2026-10-08,0.025,0.000,9.60,2,28,75,97,55,10
care,2026-10-08,0.025,0.000,9.60,2,27,76,97,55,10
cave,2026-10-08,0.025,0.000,9.69,2,28,75,97,55,10
chis,2026-10-08,0.024,0.000,9.67,2,28,75,97,55,10
cong,2026-10-08,0.028,0.000,9.67,4,40,64,84,55,10
crla,2026-10-08,0.024,0.000,9.50,2,53,52,97,55,10
cuva,2026-10-08,0.028,0.000,9.53,6,60,46,59,55,10
deva,2026-10-08,0.024,0.000,9.63,2,19,83,97,55,10
dena,2026-10-08,0.022,0.000,8.25,2,78,30,95,55,10
drto,2026-10-08,0.028,0.000,9.74,2,53,52,97,55,10
ever,2026-10-08,0.028,0.000,9.73,3,53,52,89,55,10
gaar,2026-10-08,0.022,0.000,7.55,2,78,30,94,55,10
jeff,2026-10-08,0.026,0.000,9.59,8,46,39,39,39,10
glba,2026-10-08,0.022,0.000,8.71,2,81,27,96,55,10
glac,2026-10-08,0.025,0.000,9.31,2,63,43,96,55,10
grca,2026-10-08,0.024,0.000,9.64,2,24,78,97,55,10
grte,2026-10-08,0.025,0.000,9.47,2,56,50,97,55,10
grba,2026-10-08,0.024,0.000,9.59,2,27,76,97,55,10
grsa,2026-10-08,0.025,0.000,9.61,2,25,78,97,55,10
grsm,2026-10-08,0.028,0.000,9.64,3,49,56,89,55,10
gumo,2026-10-08,0.025,0.000,9.69,2,26,77,97,55,10
hale,2026-10-08,0.020,0.000,9.75,2,49,56,97,55,10
havo,2026-10-08,0.020,0.000,9.75,3,49,56,89,55,10
hosp,2026-10-08,0.026,0.000,9.66,5,37,67,74,55,10
indu,2026-10-08,0.026,0.000,9.52,6,58,48,59,55,10
isro,2026-10-08,0.028,0.000,9.33,2,65,42,96,55,10
jotr,2026-10-08,0.024,0.000,9.67,3,18,84,89,55,10
katm,2026-10-08,0.022,0.000,8.73,2,85,24,96,55,10
kefj,2026-10-08,0.022,0.000,8.63,2,73,34,95,55,10
kica,2026-10-08,0.024,0.000,9.62,3,20,82,89,55,10
kova,2026-10-08,0.022,0.000,7.63,2,70,37,94,55,10
lacl,2026-10-08,0.022,0.000,8.55,2,84,24,95,55,10
lavo,2026-10-08,0.024,0.000,9.56,2,30,73,97,55,10
maca,2026-10-08,0.026,0.000,9.62,4,46,59,84,55,10
meve,2026-10-08,0.025,0.000,9.62,3,28,75,89,55,10
mora,2026-10-08,0.024,0.000,9.38,3,65,42,89,55,10
npsa,2026-10-08,0.018,0.000,9.27,3,58,48,89,55,10
neri,2026-10-08,0.028,0.000,9.60,3,51,54,89,55,10
noca,2026-10-08,0.024,0.000,9.31,2,71,36,96,55,10
olym,2026-10-08,0.024,0.000,9.34,3,69,38,89,55,10
pefo,2026-10-08,0.024,0.000,9.65,2,23,79,97,55,10
pinn,2026-10-08,0.024,0.000,9.63,3,29,74,89,55,10
redw,2026-10-08,0.024,0.000,9.54,3,42,62,89,55,10
romo,2026-10-08,0.025,0.000,9.56,2,37,67,97,55,10
sagu,2026-10-08,0.024,0.000,9.69,5,20,74,74,55,10
sequ,2026-10-08,0.024,0.000,9.63,3,20,82,89,55,10
shen,2026-10-08,0.028,0.000,9.59,3,47,58,89,55,10
thro,2026-10-08,0.025,0.000,9.36,2,49,56,97,55,10
viis,2026-10-08,0.028,0.000,9.74,3,55,51,89,55,10
voya,2026-10-08,0.026,0.000,9.31,2,67,40,96,55,10
whsa,2026-10-08,0.025,0.000,9.68,3,27,76,89,55,10
wica,2026-10-08,0.025,0.000,9.48,2,39,65,97,55,10
wrst,2026-10-08,0.022,0.000,8.47,2,79,29,95,55,10
yell,2026-10-08,0.025,0.000,9.45,2,55,51,97,55,10
yose,2026-10-08,0.024,0.000,9.61,3,23,79,89,55,10
zion,2026-10-08,0.025,0.000,9.62,3,23,79,89,55,10
acad,2026-10-09,0.004,0.000,9.50,3,55,51,89,55,10
arch,2026-10-09,0.003,0.000,9.63,3,30,73,89,55,10
badl,2026-10-09,0.003,0.000,9.52,2,39,65,97,55,10
bibe,2026-10-09,0.003,0.000,9.74,2,27,76,97,55,10
bisc,2026-10-09,0.004,0.000,9.76,5,56,50,74,55,10
blca,2026-10-09,0.003,0.000,9.63,2,31,72,97,55,10
brca,2026-10-09,0.003,0.000,9.65,2,26,77,97,55,10
cany,2026-10-09,0.003,0.000,9.64,2,28,75,97,55,10
care,2026-10-09,0.003,0.000,9.64,2,27,76,97,55,10
cave,2026-10-09,0.003,0.000,9.72,2,28,75,97,55,10
chis,2026-10-09,0.002,0.000,9.70,2,28,75,97,55,10
cong,2026-10-09,0.004,0.000,9.70,4,40,64,84,55,10
crla,2026-10-09,0.002,0.000,9.54,2,53,52,97,55,10
cuva,2026-10-09,0.004,0.000,9.58,6,60,46,59,55,10
deva,2026-10-09,0.002,0.000,9.67,2,19,83,97,55,10
dena,2026-10-09,0.002,0.000,8.36,2,78,30,95,55,10
drto,2026-10-09,0.004,0.000,9.76,2,53,52,97,55,10
ever,2026-10-09,0.004,0.000,9.76,3,53,52,89,55,10
gaar,2026-10-09,0.002,0.000,7.70,2,78,30,94,55,10
jeff,2026-10-09,0.003,0.000,9.63,8,46,39,39,39,10
glba,2026-10-09,0.002,0.000,8.80,2,81,27,96,55,10
glac,2026-10-09,0.003,0.000,9.36,2,63,43,97,55,10
grca,2026-10-09,0.002,0.000,9.67,2,24,78,97,55,10
grte,2026-10-09,0.003,0.000,9.52,2,56,50,97,55,10
grba,2026-10-09,0.002,0.000,9.63,2,27,76,97,55,10
grsa,2026-10-09,0.003,0.000,9.65,2,25,78,97,55,10
grsm,2026-10-09,0.004,0.000,9.68,3,49,56,89,55,10
gumo,2026-10-09,0.003,0.000,9.72,2,26,77,97,55,10
hale,2026-10-09,0.001,0.000,9.77,2,49,56,97,55,10
havo,2026-10-09,0.001,0.000,9.76,3,49,56,89,55,10
hosp,2026-10-09,0.003,0.000,9.69,5,37,67,74,55,10
indu,2026-10-09,0.003,0.000,9.57,6,58,48,59,55,10
isro,2026-10-09,0.004,0.000,9.39,2,65,42,97,55,10
jotr,2026-10-09,0.002,0.000,9.70,3,18,84,89,55,10
katm,2026-10-09,0.002,0.000,8.82,2,85,24,96,55,10
kefj,2026-10-09,0.002,0.000,8.72,2,73,34,96,55,10
kica,2026-10-09,0.002,0.000,9.66,3,20,82,89,55,10
kova,2026-10-09,0.002,0.000,7.77,2,70,37,94,55,10
lacl,2026-10-09,0.002,0.000,8.65,2,84,24,95,55,10
lavo,2026-10-09,0.002,0.000,9.60,2,30,73,97,55,10
maca,2026-10-09,0.003,0.000,9.65,4,46,59,84,55,10
meve,2026-10-09,0.003,0.000,9.66,3,28,75,89,55,10
mora,2026-10-09,0.002,0.000,9.43,3,65,42,89,55,10
npsa,2026-10-09,0.001,0.000,9.26,3,58,48,89,55,10
neri,2026-10-09,0.004,0.000,9.64,3,51,54,89,55,10
noca,2026-10-09,0.002,0.000,9.36,2,71,36,97,55,10
olym,2026-10-09,0.002,0.000,9.40,3,69,38,89,55,10
pefo,2026-10-09,0.002,0.000,9.69,2,23,79,97,55,10
pinn,2026-10-09,0.002,0.000,9.67,3,29,74,89,55,10
redw,2026-10-09,0.002,0.000,9.58,3,42,62,89,55,10
romo,2026-10-09,0.003,0.000,9.60,2,37,67,97,55,10
sagu,2026-10-09,0.002,0.000,9.72,5,20,74,74,55,10
sequ,2026-10-09,0.002,0.000,9.67,3,20,82,89,55,10
shen,2026-10-09,0.004,0.000,9.63,3,47,58,89,55,10
thro,2026-10-09,0.003,0.000,9.42,2,49,56,97,55,10
viis,2026-10-09,0.004,0.000,9.76,3,55,51,89,55,10
voya,2026-10-09,0.003,0.000,9.37,2,67,40,97,55,10
whsa,2026-10-09,0.003,0.000,9.71,3,27,76,89,55,10
wica,2026-10-09,0.003,0.000,9.52,2,39,65,97,55,10
wrst,2026-10-09,0.002,0.000,8.57,2,79,29,95,55,10
yell,2026-10-09,0.003,0.000,9.50,2,55,51,97,55,10
yose,2026-10-09,0.002,0.000,9.65,3,23,79,89,55,10
zion,2026-10-09,0.003,0.000,9.66,3,23,79,89,55,10
acad,2026-10-10,0.002,0.000,9.55,3,55,51,89,55,10
arch,2026-10-10,0.003,0.000,9.67,3,30,73,89,55,10
badl,2026-10-10,0.003,0.000,9.57,2,39,65,97,55,10
bibe,2026-10-10,0.002,0.000,9.77,2,27,76,97,55,10
bisc,2026-10-10,0.002,0.000,9.78,5,56,50,74,55,10
blca,2026-10-10,0.003,0.000,9.67,2,31,72,97,55,10
brca,2026-10-10,0.003,0.000,9.69,2,26,77,97,55,10
cany,2026-10-10,0.003,0.000,9.68,2,28,75,97,55,10
care,2026-10-10,0.003,0.000,9.68,2,27,76,97,55,10
cave,2026-10-10,0.003,0.000,9.75,2,28,75,97,55,10
chis,2026-10-10,0.003,0.000,9.73,2,28,75,97,55,10
cong,2026-10-10,0.002,0.000,9.73,4,40,64,84,55,10
crla,2026-10-10,0.003,0.000,9.59,2,53,52,97,55,10
cuva,2026-10-10,0.002,0.000,9.62,6,60,46,59,55,10
deva,2026-10-10,0.003,0.000,9.71,2,19,83,97,55,10
dena,2026-10-10,0.004,0.000,8.47,2,78,30,95,55,10
drto,2026-10-10,0.002,0.000,9.78,2,53,52,97,55,10
ever,2026-10-10,0.002,0.000,9.78,3,53,52,89,55,10
gaar,2026-10-10,0.004,0.000,7.84,2,78,30,94,55,10
jeff,2026-10-10,0.002,0.000,9.67,8,46,39,39,39,10
glba,2026-10-10,0.004,0.000,8.89,2,81,27,96,55,10
glac,2026-10-10,0.003,0.000,9.42,2,63,43,97,55,10
grca,2026-10-10,0.003,0.000,9.71,2,24,78,97,55,10
grte,2026-10-10,0.003,0.000,9.57,2,56,50,97,55,10
grba,2026-10-10,0.003,0.000,9.67,2,27,76,97,55,10
grsa,2026-10-10,0.003,0.000,9.69,2,25,78,97,55,10
grsm,2026-10-10,0.002,0.000,9.71,3,49,56,89,55,10
gumo,2026-10-10,0.003,0.000,9.75,2,26,77,97,55,10
hale,2026-10-10,0.005,0.000,9.78,2,49,56,97,55,10
havo,2026-10-10,0.005,0.000,9.78,3,49,56,89,55,10
hosp,2026-10-10,0.002,0.000,9.73,5,37,67,74,55,10
indu,2026-10-10,0.002,0.000,9.61,6,58,48,59,55,10
isro,2026-10-10,0.002,0.000,9.44,2,65,42,97,55,10
jotr,2026-10-10,0.003,0.000,9.74,3,18,84,89,55,10
katm,2026-10-10,0.004,0.000,8.91,2,85,24,96,55,10
kefj,2026-10-10,0.004,0.000,8.81,2,73,34,96,55,10
kica,2026-10-10,0.003,0.000,9.70,3,20,82,89,55,10
kova,2026-10-10,0.004,0.000,7.91,2,70,37,94,55,10
lacl,2026-10-10,0.004,0.000,8.75,2,84,24,96,55,10
lavo,2026-10-10,0.003,0.000,9.64,2,30,73,97,55,10
maca,2026-10-10,0.002,0.000,9.69,4,46,59,84,55,10
meve,2026-10-10,0.003,0.000,9.69,3,28,75,89,55,10
mora,2026-10-10,0.003,0.000,9.49,3,65,42,89,55,10
npsa,2026-10-10,0.006,0.000,9.24,3,58,48,89,55,10
neri,2026-10-10,0.002,0.000,9.68,3,51,54,89,55,10
noca,2026-10-10,0.003,0.000,9.42,2,71,36,97,55,10
olym,2026-10-10,0.003,0.000,9.46,3,69,38,89,55,10
pefo,2026-10-10,0.003,0.000,9.72,2,23,79,97,55,10
pinn,2026-10-10,0.003,0.000,9.71,3,29,74,89,55,10
redw,2026-10-10,0.003,0.000,9.62,3,42,62,89,55,10
romo,2026-10-10,0.003,0.000,9.64,2,37,67,97,55,10
sagu,2026-10-10,0.003,0.000,9.75,5,20,74,74,55,10
sequ,2026-10-10,0.003,0.000,9.71,3,20,82,89,55,10
shen,2026-10-10,0.002,0.000,9.67,3,47,58,89,55,10
thro,2026-10-10,0.003,0.000,9.47,2,49,56,97,55,10
viis,2026-10-10,0.002,0.000,9.77,3,55,51,89,55,10
voya,2026-10-10,0.002,0.000,9.43,2,67,40,97,55,10
whsa,2026-10-10,0.003,0.000,9.75,3,27,76,89,55,10
wica,2026-10-10,0.003,0.000,9.57,2,39,65,97,55,10
wrst,2026-10-10,0.004,0.000,8.67,2,79,29,95,55,10
yell,2026-10-10,0.003,0.000,9.55,2,55,51,97,55,10
yose,2026-10-10,0.003,0.000,9.69,3,23,79,89,55,10
zion,2026-10-10,0.003,0.000,9.69,3,23,79,89,55,10
acad,2026-10-11,0.022,0.000,9.60,3,55,51,89,55,10
arch,2026-10-11,0.024,0.000,9.71,3,30,73,89,55,10
badl,2026-10-11,0.024,0.000,9.62,2,39,65,97,55,10
bibe,2026-10-11,0.023,0.000,9.80,2,27,76,97,55,10
bisc,2026-10-11,0.022,0.000,9.80,5,56,50,74,55,10
blca,2026-10-11,0.024,0.000,9.71,2,31,72,97,55,10
brca,2026-10-11,0.024,0.000,9.73,2,26,77,97,55,10
cany,2026-10-11,0.024,0.000,9.72,2,28,75,97,55,10
care,2026-10-11,0.024,0.000,9.72,2,27,76,97,55,10
cave,2026-10-11,0.024,0.000,9.78,2,28,75,97,55,10
chis,2026-10-11,0.025,0.000,9.77,2,28,75,97,55,10
cong,2026-10-11,0.022,0.000,9.77,4,40,64,84,55,10
crla,2026-10-11,0.025,0.000,9.64,2,53,52,97,55,10
cuva,2026-10-11,0.022,0.000,9.67,6,60,46,59,55,10
deva,2026-10-11,0.025,0.000,9.74,2,19,83,97,55,10
dena,2026-10-11,0.027,0.000,8.58,2,78,30,95,55,10
drto,2026-10-11,0.022,0.000,9.80,2,53,52,97,55,10
ever,2026-10-11,0.022,0.000,9.80,3,53,52,89,55,10
gaar,2026-10-11,0.027,0.000,7.98,2,78,30,94,55,10
jeff,2026-10-11,0.023,0.000,9.71,8,46,39,39,39,10
glba,2026-10-11,0.027,0.000,8.98,2,81,27,96,55,10
glac,2026-10-11,0.024,0.000,9.48,2,63,43,97,55,10
grca,2026-10-11,0.025,0.000,9.75,2,24,78,97,55,10
grte,2026-10-11,0.024,0.000,9.62,2,56,50,97,55,10
grba,2026-10-11,0.025,0.000,9.71,2,27,76,97,55,10
grsa,2026-10-11,0.024,0.000,9.72,2,25,78,97,55,10
grsm,2026-10-11,0.022,0.000,9.75,3,49,56,89,55,10
gumo,2026-10-11,0.024,0.000,9.78,2,26,77,97,55,10
hale,2026-10-11,0.030,0.000,9.80,2,49,56,97,55,10
havo,2026-10-11,0.030,0.000,9.80,3,49,56,89,55,10
hosp,2026-10-11,0.023,0.000,9.76,5,37,67,74,55,10
indu,2026-10-11,0.023,0.000,9.66,6,58,48,59,55,10
isro,2026-10-11,0.022,0.000,9.50,2,65,42,97,55,10
jotr,2026-10-11,0.025,0.000,9.77,3,18,84,89,55,10
katm,2026-10-11,0.027,0.000,8.99,2,85,24,96,55,10
kefj,2026-10-11,0.027,0.000,8.90,2,73,34,96,55,10
kica,2026-10-11,0.025,0.000,9.74,3,20,82,89,55,10
kova,2026-10-11,0.027,0.000,8.05,2,70,37,95,55,10
lacl,2026-10-11,0.027,0.000,8.84,2,84,24,96,55,10
lavo,2026-10-11,0.025,0.000,9.68,2,30,73,97,55,10
maca,2026-10-11,0.023,0.000,9.73,4,46,59,84,55,10
meve,2026-10-11,0.024,0.000,9.73,3,28,75,89,55,10
mora,2026-10-11,0.025,0.000,9.54,3,65,42,89,55,10
npsa,2026-10-11,0.031,0.000,9.23,3,58,48,89,55,10
neri,2026-10-11,0.022,0.000,9.72,3,51,54,89,55,10
noca,2026-10-11,0.025,0.000,9.48,2,71,36,97,55,10
olym,2026-10-11,0.025,0.000,9.51,3,69,38,89,55,10
pefo,2026-10-11,0.025,0.000,9.76,2,23,79,97,55,10
pinn,2026-10-11,0.025,0.000,9.74,3,29,74,89,55,10
redw,2026-10-11,0.025,0.000,9.67,3,42,62,89,55,10
romo,2026-10-11,0.024,0.000,9.69,2,37,67,97,55,10
sagu,2026-10-11,0.025,0.000,9.78,5,20,74,74,55,10
sequ,2026-10-11,0.025,0.000,9.74,3,20,82,89,55,10
shen,2026-10-11,0.022,0.000,9.71,3,47,58,89,55,10
thro,2026-10-11,0.024,0.000,9.53,2,49,56,97,55,10
viis,2026-10-11,0.022,0.000,9.79,3,55,51,89,55,10
voya,2026-10-11,0.023,0.000,9.48,2,67,40,97,55,10
whsa,2026-10-11,0.024,0.000,9.78,3,27,76,89,55,10
wica,2026-10-11,0.024,0.000,9.62,2,39,65,97,55,10
wrst,2026-10-11,0.027,0.000,8.76,2,79,29,96,55,10
yell,2026-10-11,0.024,0.000,9.60,2,55,51,97,55,10
yose,2026-10-11,0.025,0.000,9.73,3,23,79,89,55,10
zion,2026-10-11,0.024,0.000,9.73,3,23,79,89,55,10
acad,2026-10-12,0.060,0.000,9.65,3,55,51,89,55,10
arch,2026-10-12,0.064,0.000,9.75,3,30,73,89,55,10
badl,2026-10-12,0.064,0.000,9.67,2,39,65,97,55,10
bibe,2026-10-12,0.062,0.000,9.82,2,27,76,97,55,10
bisc,2026-10-12,0.060,0.000,9.83,5,56,50,74,55,10
blca,2026-10-12,0.064,0.000,9.75,2,31,72,97,55,10
brca,2026-10-12,0.064,0.000,9.77,2,26,77,97,55,10
cany,2026-10-12,0.064,0.000,9.76,2,28,75,97,55,10
care,2026-10-12,0.064,0.000,9.76,2,27,76,97,55,10
cave,2026-10-12,0.064,0.000,9.81,2,28,75,97,55,10
chis,2026-10-12,0.066,0.000,9.80,2,28,75,97,55,10
cong,2026-10-12,0.060,0.000,9.80,4,40,64,84,55,10
crla,2026-10-12,0.066,0.000,9.68,2,53,52,97,55,10
cuva,2026-10-12,0.060,0.000,9.71,6,60,46,59,55,10
deva,2026-10-12,0.066,0.000,9.78,2,19,83,97,55,10
dena,2026-10-12,0.068,0.000,8.69,2,78,30,96,55,10
drto,2026-10-12,0.060,0.000,9.83,2,53,52,97,55,10
ever,2026-10-12,0.060,0.000,9.83,3,53,52,89,55,10
gaar,2026-10-12,0.068,0.000,8.11,2,78,30,95,55,10
jeff,2026-10-12,0.062,0.000,9.75,8,46,39,39,39,10
glba,2026-10-12,0.068,0.000,9.06,2,81,27,96,55,10
glac,2026-10-12,0.064,0.000,9.54,2,63,43,97,55,10
grca,2026-10-12,0.066,0.000,9.78,2,24,78,97,55,10
grte,2026-10-12,0.064,0.000,9.66,2,56,50,97,55,10
grba,2026-10-12,0.066,0.000,9.75,2,27,76,97,55,10
grsa,2026-10-12,0.064,0.000,9.76,2,25,78,97,55,10
grsm,2026-10-12,0.060,0.000,9.78,3,49,56,89,55,10
gumo,2026-10-12,0.064,0.000,9.81,2,26,77,97,55,10
hale,2026-10-12,0.073,0.000,9.82,2,49,56,97,55,10
havo,2026-10-12,0.073,0.000,9.81,3,49,56,89,55,10
hosp,2026-10-12,0.062,0.000,9.79,5,37,67,74,55,10
indu,2026-10-12,0.062,0.000,9.70,6,58,48,59,55,10
isro,2026-10-12,0.060,0.000,9.56,2,65,42,97,55,10
jotr,2026-10-12,0.066,0.000,9.80,3,18,84,89,55,10
katm,2026-10-12,0.068,0.000,9.08,2,85,24,96,55,10
kefj,2026-10-12,0.068,0.000,8.99,2,73,34,96,55,10
kica,2026-10-12,0.066,0.000,9.77,3,20,82,89,55,10
kova,2026-10-12,0.068,0.000,8.18,2,70,37,95,55,10
lacl,2026-10-12,0.068,0.000,8.93,2,84,24,96,55,10
lavo,2026-10-12,0.066,0.000,9.73,2,30,73,97,55,10
maca,2026-10-12,0.062,0.000,9.77,4,46,59,84,55,10
meve,2026-10-12,0.064,0.000,9.77,3,28,75,89,55,10
mora,2026-10-12,0.066,0.000,9.59,3,65,42,89,55,10
npsa,2026-10-12,0.075,0.001,9.21,3,58,48,89,55,10
neri,2026-10-12,0.060,0.000,9.76,3,51,54,89,55,10
noca,2026-10-12,0.066,0.000,9.54,2,71,36,97,55,10
olym,2026-10-12,0.066,0.000,9.57,3,69,38,89,55,10
pefo,2026-10-12,0.066,0.000,9.79,2,23,79,97,55,10
pinn,2026-10-12,0.066,0.000,9.78,3,29,74,89,55,10
redw,2026-10-12,0.066,0.000,9.71,3,42,62,89,55,10
romo,2026-10-12,0.064,0.000,9.73,2,37,67,97,55,10
sagu,2026-10-12,0.066,0.000,9.81,5,20,74,74,55,10
sequ,2026-10-12,0.066,0.000,9.78,3,20,82,89,55,10
shen,2026-10-12,0.060,0.000,9.75,3,47,58,89,55,10
thro,2026-10-12,0.064,0.000,9.58,2,49,56,97,55,10
viis,2026-10-12,0.060,0.000,9.80,3,55,51,89,55,10
voya,2026-10-12,0.062,0.000,9.54,2,67,40,97,55,10
whsa,2026-10-12,0.064,0.000,9.81,3,27,76,89,55,10
wica,2026-10-12,0.064,0.000,9.67,2,39,65,97,55,10
wrst,2026-10-12,0.068,0.000,8.86,2,79,29,96,55,10
yell,2026-10-12,0.064,0.000,9.65,2,55,51,97,55,10
yose,2026-10-12,0.066,0.000,9.76,3,23,79,89,55,10
zion,2026-10-12,0.064,0.000,9.77,3,23,79,89,55,10
acad,2026-10-13,0.116,0.000,9.70,3,55,51,89,55,10
arch,2026-10-13,0.121,0.000,9.79,3,30,73,89,55,10
badl,2026-10-13,0.121,0.000,9.71,2,39,65,97,55,10
bibe,2026-10-13,0.118,0.000,9.85,2,27,76,97,55,10
bisc,2026-10-13,0.116,0.000,9.85,5,56,50,74,55,10
blca,2026-10-13,0.121,0.000,9.79,2,31,72,97,55,10
brca,2026-10-13,0.121,0.000,9.80,2,26,77,97,55,10
cany,2026-10-13,0.121,0.000,9.80,2,28,75,97,55,10
care,2026-10-13,0.121,0.000,9.80,2,27,76,97,55,10
cave,2026-10-13,0.121,0.000,9.84,2,28,75,97,55,10
chis,2026-10-13,0.124,0.000,9.83,2,28,75,97,55,10
cong,2026-10-13,0.116,0.000,9.83,4,40,64,84,55,10
crla,2026-10-13,0.124,0.000,9.73,2,53,52,97,55,10
cuva,2026-10-13,0.116,0.000,9.75,6,60,46,59,55,10
deva,2026-10-13,0.124,0.000,9.82,2,19,83,97,55,10
dena,2026-10-13,0.126,0.000,8.79,2,78,30,96,55,10
drto,2026-10-13,0.116,0.000,9.85,2,53,52,97,55,10
ever,2026-10-13,0.116,0.000,9.85,3,53,52,89,55,10
gaar,2026-10-13,0.126,0.000,8.25,2,78,30,95,55,10
jeff,2026-10-13,0.118,0.000,9.79,8,46,39,39,39,10
glba,2026-10-13,0.126,0.000,9.15,2,81,27,96,55,10
glac,2026-10-13,0.121,0.000,9.60,2,63,43,97,55,10
grca,2026-10-13,0.124,0.000,9.82,2,24,78,97,55,10
grte,2026-10-13,0.121,0.000,9.71,2,56,50,97,55,10
grba,2026-10-13,0.124,0.000,9.79,2,27,76,97,55,10
grsa,2026-10-13,0.121,0.000,9.80,2,25,78,97,55,10
grsm,2026-10-13,0.116,0.000,9.82,3,49,56,89,55,10
gumo,2026-10-13,0.121,0.000,9.84,2,26,77,97,55,10
hale,2026-10-13,0.132,0.001,9.84,2,49,56,97,55,10
havo,2026-10-13,0.132,0.002,9.83,3,49,56,89,55,10
hosp,2026-10-13,0.118,0.000,9.83,5,37,67,74,55,10
indu,2026-10-13,0.118,0.000,9.75,6,58,48,59,55,10
isro,2026-10-13,0.116,0.000,9.61,2,65,42,97,55,10
jotr,2026-10-13,0.124,0.000,9.83,3,18,84,89,55,10
katm,2026-10-13,0.126,0.000,9.16,2,85,24,96,55,10
kefj,2026-10-13,0.126,0.000,9.08,2,73,34,96,55,10
kica,2026-10-13,0.124,0.000,9.81,3,20,82,89,55,10
kova,2026-10-13,0.126,0.000,8.31,2,70,37,95,55,10
lacl,2026-10-13,0.126,0.000,9.03,2,84,24,96,55,10
lavo,2026-10-13,0.124,0.000,9.77,2,30,73,97,55,10
maca,2026-10-13,0.118,0.000,9.81,4,46,59,84,55,10
meve,2026-10-13,0.121,0.000,9.81,3,28,75,89,55,10
mora,2026-10-13,0.124,0.000,9.65,3,65,42,89,55,10
npsa,2026-10-13,0.134,0.007,9.19,3,58,48,89,55,10
neri,2026-10-13,0.116,0.000,9.80,3,51,54,89,55,10
noca,2026-10-13,0.124,0.000,9.60,2,71,36,97,55,10
olym,2026-10-13,0.124,0.000,9.62,3,69,38,89,55,10
pefo,2026-10-13,0.124,0.000,9.83,2,23,79,97,55,10
pinn,2026-10-13,0.124,0.000,9.82,3,29,74,89,55,10
redw,2026-10-13,0.124,0.000,9.76,3,42,62,89,55,10
romo,2026-10-13,0.121,0.000,9.77,2,37,67,97,55,10
sagu,2026-10-13,0.124,0.000,9.84,5,20,74,74,55,10
sequ,2026-10-13,0.124,0.000,9.82,3,20,82,89,55,10
shen,2026-10-13,0.116,0.000,9.79,3,47,58,89,55,10
thro,2026-10-13,0.121,0.000,9.64,2,49,56,97,55,10
viis,2026-10-13,0.116,0.001,9.82,3,55,51,89,55,10
voya,2026-10-13,0.118,0.000,9.60,2,67,40,97,55,10
whsa,2026-10-13,0.121,0.000,9.84,3,27,76,89,55,10
wica,2026-10-13,0.121,0.000,9.72,2,39,65,97,55,10
wrst,2026-10-13,0.126,0.000,8.96,2,79,29,96,55,10
yell,2026-10-13,0.121,0.000,9.70,2,55,51,97,55,10
yose,2026-10-13,0.124,0.000,9.80,3,23,79,89,55,10
zion,2026-10-13,0.121,0.000,9.81,3,23,79,89,55,10
acad,2026-10-14,0.185,0.000,9.74,3,55,51,89,55,10
arch,2026-10-14,0.191,0.001,9.83,3,30,73,89,55,10
badl,2026-10-14,0.191,0.000,9.76,2,39,65,97,55,10
bibe,2026-10-14,0.188,0.004,9.88,2,27,76,97,55,10
bisc,2026-10-14,0.185,0.005,9.87,5,56,50,74,55,10
blca,2026-10-14,0.191,0.001,9.83,2,31,72,97,55,10
brca,2026-10-14,0.191,0.001,9.84,2,26,77,97,55,10
cany,2026-10-14,0.191,0.001,9.84,2,28,75,97,55,10
care,2026-10-14,0.191,0.001,9.84,2,27,76,97,55,10
cave,2026-10-14,0.191,0.003,9.87,2,28,75,97,55,10
chis,2026-10-14,0.194,0.002,9.87,2,28,75,97,55,10
cong,2026-10-14,0.185,0.002,9.86,4,40,64,84,55,10
crla,2026-10-14,0.194,0.000,9.78,2,53,52,97,55,10
cuva,2026-10-14,0.185,0.000,9.80,6,60,46,59,55,10
deva,2026-10-14,0.194,0.001,9.85,2,19,83,97,55,10
dena,2026-10-14,0.197,0.000,8.90,2,78,30,96,55,10
drto,2026-10-14,0.185,0.005,9.87,2,53,52,97,55,10
ever,2026-10-14,0.185,0.005,9.87,3,53,52,89,55,10
gaar,2026-10-14,0.197,0.000,8.38,2,78,30,95,55,10
jeff,2026-10-14,0.188,0.001,9.83,8,46,39,39,39,10
glba,2026-10-14,0.197,0.000,9.23,2,81,27,96,55,10
glac,2026-10-14,0.191,0.000,9.65,2,63,43,97,55,10
grca,2026-10-14,0.194,0.002,9.85,2,24,78,97,55,10
grte,2026-10-14,0.191,0.000,9.76,2,56,50,97,55,10
grba,2026-10-14,0.194,0.001,9.83,2,27,76,97,55,10
grsa,2026-10-14,0.191,0.001,9.84,2,25,78,97,55,10
grsm,2026-10-14,0.185,0.001,9.85,3,49,56,89,55,10
gumo,2026-10-14,0.191,0.003,9.87,2,26,77,97,55,10
hale,2026-10-14,0.204,0.009,9.85,2,49,56,97,55,10
havo,2026-10-14,0.204,0.010,9.85,3,49,56,89,55,10
hosp,2026-10-14,0.188,0.002,9.86,5,37,67,74,55,10
indu,2026-10-14,0.188,0.000,9.79,6,58,48,59,55,10
isro,2026-10-14,0.185,0.000,9.67,2,65,42,97,55,10
jotr,2026-10-14,0.194,0.002,9.87,3,18,84,89,55,10
katm,2026-10-14,0.197,0.000,9.25,2,85,24,96,55,10
kefj,2026-10-14,0.197,0.000,9.17,2,73,34,96,55,10
kica,2026-10-14,0.194,0.001,9.85,3,20,82,89,55,10
kova,2026-10-14,0.197,0.000,8.44,2,70,37,95,55,10
lacl,2026-10-14,0.197,0.000,9.12,2,84,24,96,55,10
lavo,2026-10-14,0.194,0.000,9.81,2,30,73,97,55,10
maca,2026-10-14,0.188,0.001,9.84,4,46,59,84,55,10
meve,2026-10-14,0.191,0.001,9.84,3,28,75,89,55,10
mora,2026-10-14,0.194,0.000,9.70,3,65,42,89,55,10
npsa,2026-10-14,0.207,0.023,9.18,3,58,48,89,55,10
neri,2026-10-14,0.185,0.001,9.84,3,51,54,89,55,10
noca,2026-10-14,0.194,0.000,9.65,2,71,36,97,55,10
olym,2026-10-14,0.194,0.000,9.68,3,69,38,89,55,10
pefo,2026-10-14,0.194,0.002,9.86,2,23,79,97,55,10
pinn,2026-10-14,0.194,0.002,9.85,3,29,74,89,55,10
redw,2026-10-14,0.194,0.000,9.80,3,42,62,89,55,10
romo,2026-10-14,0.191,0.000,9.81,2,37,67,97,55,10
sagu,2026-10-14,0.194,0.003,9.87,5,20,74,74,55,10
sequ,2026-10-14,0.194,0.002,9.85,3,20,82,89,55,10
shen,2026-10-14,0.185,0.001,9.83,3,47,58,89,55,10
thro,2026-10-14,0.191,0.000,9.69,2,49,56,97,55,10
viis,2026-10-14,0.185,0.007,9.83,3,55,51,89,55,10
voya,2026-10-14,0.188,0.000,9.66,2,67,40,97,55,10
whsa,2026-10-14,0.191,0.003,9.87,3,27,76,89,55,10
wica,2026-10-14,0.191,0.000,9.76,2,39,65,97,55,10
wrst,2026-10-14,0.197,0.000,9.05,2,79,29,96,55,10
yell,2026-10-14,0.191,0.000,9.75,2,55,51,97,55,10
yose,2026-10-14,0.194,0.001,9.84,3,23,79,89,55,10
zion,2026-10-14,0.191,0.001,9.84,3,23,79,89,55,10
acad,2026-10-15,0.264,0.002,9.79,3,55,51,89,55,10
arch,2026-10-15,0.271,0.009,9.87,3,30,73,89,55,10
badl,2026-10-15,0.271,0.004,9.81,2,39,65,97,55,10
bibe,2026-10-15,0.268,0.017,9.90,2,27,76,97,55,10
bisc,2026-10-15,0.264,0.020,9.89,5,56,50,74,55,10
blca,2026-10-15,0.271,0.009,9.87,2,31,72,97,55,10
brca,2026-10-15,0.271,0.010,9.88,2,26,77,97,55,10
cany,2026-10-15,0.271,0.009,9.87,2,28,75,97,55,10
care,2026-10-15,0.271,0.009,9.87,2,27,76,97,55,10
cave,2026-10-15,0.271,0.015,9.90,2,28,75,97,55,10
chis,2026-10-15,0.275,0.014,9.90,2,28,75,97,55,10
cong,2026-10-15,0.264,0.012,9.90,4,40,64,84,55,10
crla,2026-10-15,0.275,0.005,9.82,2,53,52,97,55,10
cuva,2026-10-15,0.264,0.005,9.84,6,60,46,59,55,10
deva,2026-10-15,0.275,0.011,9.89,2,19,83,97,55,10
dena,2026-10-15,0.278,0.000,9.00,2,78,30,96,55,10
drto,2026-10-15,0.264,0.020,9.89,2,53,52,97,55,10
ever,2026-10-15,0.264,0.020,9.89,3,53,52,89,55,10
gaar,2026-10-15,0.278,0.000,8.51,2,78,30,95,55,10
jeff,2026-10-15,0.268,0.008,9.87,8,46,39,39,39,10
glba,2026-10-15,0.278,0.000,9.32,2,81,27,96,55,10
glac,2026-10-15,0.271,0.000,9.71,2,63,43,97,55,10
grca,2026-10-15,0.275,0.011,9.89,2,24,78,97,55,10
grte,2026-10-15,0.271,0.004,9.81,2,56,50,97,55,10
grba,2026-10-15,0.275,0.008,9.87,2,27,76,97,55,10
grsa,2026-10-15,0.271,0.009,9.88,2,25,78,97,55,10
grsm,2026-10-15,0.264,0.011,9.89,3,49,56,89,55,10
gumo,2026-10-15,0.271,0.015,9.90,2,26,77,97,55,10
hale,2026-10-15,0.285,0.029,9.87,2,49,56,96,55,10
havo,2026-10-15,0.285,0.030,9.86,3,49,56,89,55,10
hosp,2026-10-15,0.268,0.012,9.89,5,37,67,74,55,10
indu,2026-10-15,0.268,0.005,9.84,6,58,48,59,55,10
isro,2026-10-15,0.264,0.001,9.72,2,65,42,97,55,10
jotr,2026-10-15,0.275,0.014,9.90,3,18,84,89,55,10
katm,2026-10-15,0.278,0.000,9.33,2,85,24,96,55,10
kefj,2026-10-15,0.278,0.000,9.26,2,73,34,96,55,10
kica,2026-10-15,0.275,0.011,9.88,3,20,82,89,55,10
kova,2026-10-15,0.278,0.000,8.57,2,70,37,95,55,10
lacl,2026-10-15,0.278,0.000,9.21,2,84,24,96,55,10
lavo,2026-10-15,0.275,0.007,9.85,2,30,73,97,55,10
maca,2026-10-15,0.268,0.009,9.88,4,46,59,84,55,10
meve,2026-10-15,0.271,0.010,9.88,3,28,75,89,55,10
mora,2026-10-15,0.275,0.001,9.75,3,65,42,89,55,10
npsa,2026-10-15,0.289,0.054,9.16,3,58,48,89,55,10
neri,2026-10-15,0.264,0.008,9.87,3,51,54,89,55,10
noca,2026-10-15,0.275,0.001,9.71,2,71,36,97,55,10
olym,2026-10-15,0.275,0.001,9.73,3,69,38,89,55,10
pefo,2026-10-15,0.275,0.012,9.89,2,23,79,97,55,10
pinn,2026-10-15,0.275,0.011,9.89,3,29,74,89,55,10
redw,2026-10-15,0.275,0.006,9.84,3,42,62,89,55,10
romo,2026-10-15,0.271,0.007,9.85,2,37,67,97,55,10
sagu,2026-10-15,0.275,0.015,9.90,5,20,74,74,55,10
sequ,2026-10-15,0.275,0.011,9.89,3,20,82,89,55,10
shen,2026-10-15,0.264,0.008,9.87,3,47,58,89,55,10
thro,2026-10-15,0.271,0.001,9.74,2,49,56,97,55,10
viis,2026-10-15,0.264,0.024,9.85,3,55,51,89,55,10
voya,2026-10-15,0.268,0.000,9.71,2,67,40,97,55,10
whsa,2026-10-15,0.271,0.014,9.90,3,27,76,89,55,10
wica,2026-10-15,0.271,0.004,9.81,2,39,65,97,55,10
wrst,2026-10-15,0.278,0.000,9.15,2,79,29,96,55,10
yell,2026-10-15,0.271,0.003,9.79,2,55,51,97,55,10
yose,2026-10-15,0.275,0.010,9.88,3,23,79,89,55,10
zion,2026-10-15,0.271,0.010,9.88,3,23,79,89,55,10
acad,2026-10-16,0.352,0.016,9.84,3,55,51,89,55,10
arch,2026-10-16,0.359,0.031,9.91,3,30,73,89,55,10
badl,2026-10-16,0.359,0.020,9.85,2,39,65,96,55,10
bibe,2026-10-16,0.355,0.046,9.93,2,27,76,96,55,10
bisc,2026-10-16,0.352,0.049,9.92,5,56,50,74,55,10
blca,2026-10-16,0.359,0.031,9.91,2,31,72,96,55,10
brca,2026-10-16,0.359,0.033,9.92,2,26,77,96,55,10
cany,2026-10-16,0.359,0.032,9.91,2,28,75,96,55,10
care,2026-10-16,0.359,0.032,9.91,2,27,76,96,55,10
cave,2026-10-16,0.359,0.042,9.93,2,28,75,96,55,10
chis,2026-10-16,0.363,0.040,9.93,2,28,75,96,55,10
cong,2026-10-16,0.352,0.037,9.93,4,40,64,84,55,10
crla,2026-10-16,0.363,0.023,9.87,2,53,52,96,55,10
cuva,2026-10-16,0.352,0.023,9.88,6,60,46,59,55,10
deva,2026-10-16,0.363,0.035,9.92,2,19,83,96,55,10
dena,2026-10-16,0.367,0.000,9.10,2,78,30,96,55,10
drto,2026-10-16,0.352,0.050,9.91,2,53,52,95,55,10
ever,2026-10-16,0.352,0.049,9.92,3,53,52,89,55,10
gaar,2026-10-16,0.367,0.000,8.64,2,78,30,95,55,10
jeff,2026-10-16,0.355,0.029,9.91,8,46,39,39,39,10
glba,2026-10-16,0.367,0.000,9.40,2,81,27,97,55,10
glac,2026-10-16,0.359,0.010,9.77,2,63,43,97,55,10
grca,2026-10-16,0.363,0.036,9.92,2,24,78,96,55,10
grte,2026-10-16,0.359,0.020,9.85,2,56,50,96,55,10
grba,2026-10-16,0.363,0.031,9.91,2,27,76,96,55,10
grsa,2026-10-16,0.359,0.032,9.91,2,25,78,96,55,10
grsm,2026-10-16,0.352,0.034,9.92,3,49,56,89,55,10
gumo,2026-10-16,0.359,0.042,9.93,2,26,77,96,55,10
hale,2026-10-16,0.374,0.064,9.89,2,49,56,95,55,10
havo,2026-10-16,0.374,0.066,9.88,3,49,56,89,55,10
hosp,2026-10-16,0.355,0.037,9.93,5,37,67,74,55,10
indu,2026-10-16,0.355,0.023,9.88,6,58,48,59,55,10
isro,2026-10-16,0.352,0.010,9.78,2,65,42,97,55,10
jotr,2026-10-16,0.363,0.040,9.93,3,18,84,89,55,10
katm,2026-10-16,0.367,0.000,9.41,2,85,24,97,55,10
kefj,2026-10-16,0.367,0.000,9.34,2,73,34,97,55,10
kica,2026-10-16,0.363,0.035,9.92,3,20,82,89,55,10
kova,2026-10-16,0.367,0.000,8.69,2,70,37,96,55,10
lacl,2026-10-16,0.367,0.000,9.30,2,84,24,96,55,10
lavo,2026-10-16,0.363,0.028,9.89,2,30,73,96,55,10
maca,2026-10-16,0.355,0.031,9.92,4,46,59,84,55,10
meve,2026-10-16,0.359,0.033,9.92,3,28,75,89,55,10
mora,2026-10-16,0.363,0.015,9.80,3,65,42,89,55,10
npsa,2026-10-16,0.378,0.101,9.15,3,58,48,89,55,10
neri,2026-10-16,0.352,0.030,9.91,3,51,54,89,55,10
noca,2026-10-16,0.363,0.011,9.77,2,71,36,97,55,10
olym,2026-10-16,0.363,0.013,9.79,3,69,38,89,55,10
pefo,2026-10-16,0.363,0.037,9.93,2,23,79,96,55,10
pinn,2026-10-16,0.363,0.036,9.92,3,29,74,89,55,10
redw,2026-10-16,0.363,0.027,9.89,3,42,62,89,55,10
romo,2026-10-16,0.359,0.027,9.89,2,37,67,96,55,10
sagu,2026-10-16,0.363,0.042,9.93,5,20,74,74,55,10
sequ,2026-10-16,0.363,0.036,9.92,3,20,82,89,55,10
shen,2026-10-16,0.352,0.028,9.91,3,47,58,89,55,10
thro,2026-10-16,0.359,0.013,9.80,2,49,56,97,55,10
viis,2026-10-16,0.352,0.056,9.86,3,55,51,89,55,10
voya,2026-10-16,0.355,0.010,9.77,2,67,40,97,55,10
whsa,2026-10-16,0.359,0.041,9.93,3,27,76,89,55,10
wica,2026-10-16,0.359,0.020,9.86,2,39,65,96,55,10
wrst,2026-10-16,0.367,0.000,9.24,2,79,29,96,55,10
yell,2026-10-16,0.359,0.019,9.84,2,55,51,97,55,10
yose,2026-10-16,0.363,0.033,9.91,3,23,79,89,55,10
zion,2026-10-16,0.359,0.034,9.92,3,23,79,89,55,10
acad,2026-10-17,0.444,0.050,9.89,3,55,51,89,55,10
arch,2026-10-17,0.452,0.072,9.95,3,30,73,89,55,10
badl,2026-10-17,0.452,0.057,9.90,2,39,65,95,55,10
bibe,2026-10-17,0.448,0.093,9.96,2,27,76,94,55,10
bisc,2026-10-17,0.444,0.096,9.94,5,56,50,74,55,10
blca,2026-10-17,0.452,0.072,9.95,2,31,72,95,55,10
brca,2026-10-17,0.452,0.075,9.95,2,26,77,94,55,10
cany,2026-10-17,0.452,0.073,9.95,2,28,75,94,55,10
care,2026-10-17,0.452,0.073,9.95,2,27,76,94,55,10
cave,2026-10-17,0.452,0.087,9.96,2,28,75,94,55,10
chis,2026-10-17,0.456,0.085,9.96,2,28,75,94,55,10
cong,2026-10-17,0.444,0.080,9.96,4,40,64,84,55,10
crla,2026-10-17,0.456,0.062,9.91,2,53,52,95,55,10
cuva,2026-10-17,0.444,0.061,9.92,6,60,46,59,55,10
deva,2026-10-17,0.456,0.079,9.96,2,19,83,94,55,10
dena,2026-10-17,0.460,0.000,9.20,2,78,30,96,55,10
drto,2026-10-17,0.444,0.098,9.93,2,53,52,93,55,10
ever,2026-10-17,0.444,0.096,9.94,3,53,52,89,55,10
gaar,2026-10-17,0.460,0.000,8.77,2,78,30,96,55,10
jeff,2026-10-17,0.448,0.069,9.94,8,46,39,39,39,10
glba,2026-10-17,0.460,0.004,9.48,2,81,27,97,55,10
glac,2026-10-17,0.452,0.041,9.82,2,63,43,96,55,10
grca,2026-10-17,0.456,0.079,9.96,2,24,78,94,55,10
grte,2026-10-17,0.452,0.057,9.90,2,56,50,95,55,10
grba,2026-10-17,0.456,0.072,9.95,2,27,76,95,55,10
grsa,2026-10-17,0.452,0.074,9.95,2,25,78,94,55,10
grsm,2026-10-17,0.444,0.076,9.96,3,49,56,89,55,10
gumo,2026-10-17,0.452,0.087,9.96,2,26,77,94,55,10
hale,2026-10-17,0.468,0.117,9.91,2,49,56,93,55,10
havo,2026-10-17,0.468,0.119,9.89,3,49,56,89,55,10
hosp,2026-10-17,0.448,0.080,9.96,5,37,67,74,55,10
indu,2026-10-17,0.448,0.061,9.92,6,58,48,59,55,10
isro,2026-10-17,0.444,0.040,9.83,2,65,42,96,55,10
jotr,2026-10-17,0.456,0.085,9.96,3,18,84,89,55,10
katm,2026-10-17,0.460,0.005,9.49,2,85,24,97,55,10
kefj,2026-10-17,0.460,0.002,9.43,2,73,34,97,55,10
kica,2026-10-17,0.456,0.078,9.96,3,20,82,89,55,10
kova,2026-10-17,0.460,0.000,8.82,2,70,37,96,55,10
lacl,2026-10-17,0.460,0.001,9.39,2,84,24,97,55,10
lavo,2026-10-17,0.456,0.069,9.94,2,30,73,95,55,10
maca,2026-10-17,0.448,0.073,9.95,4,46,59,84,55,10
meve,2026-10-17,0.452,0.076,9.95,3,28,75,89,55,10
mora,2026-10-17,0.456,0.049,9.86,3,65,42,89,55,10
npsa,2026-10-17,0.472,0.164,9.13,3,58,48,87,55,10
neri,2026-10-17,0.444,0.070,9.95,3,51,54,89,55,10
noca,2026-10-17,0.456,0.042,9.82,2,71,36,96,55,10
olym,2026-10-17,0.456,0.045,9.84,3,69,38,89,55,10
pefo,2026-10-17,0.456,0.081,9.96,2,23,79,94,55,10
pinn,2026-10-17,0.456,0.079,9.96,3,29,74,89,55,10
redw,2026-10-17,0.456,0.067,9.93,3,42,62,89,55,10
romo,2026-10-17,0.452,0.067,9.93,2,37,67,95,55,10
sagu,2026-10-17,0.456,0.088,9.96,5,20,74,74,55,10
sequ,2026-10-17,0.456,0.079,9.96,3,20,82,89,55,10
shen,2026-10-17,0.444,0.068,9.94,3,47,58,89,55,10
thro,2026-10-17,0.452,0.045,9.85,2,49,56,95,55,10
viis,2026-10-17,0.444,0.105,9.88,3,55,51,89,55,10
voya,2026-10-17,0.448,0.039,9.82,2,67,40,96,55,10
whsa,2026-10-17,0.452,0.086,9.96,3,27,76,89,55,10
wica,2026-10-17,0.452,0.057,9.90,2,39,65,95,55,10
wrst,2026-10-17,0.460,0.000,9.33,2,79,29,96,55,10
yell,2026-10-17,0.452,0.055,9.89,2,55,51,95,55,10
yose,2026-10-17,0.456,0.076,9.95,3,23,79,89,55,10
zion,2026-10-17,0.452,0.076,9.95,3,23,79,89,55,10
acad,2026-10-18,0.539,0.107,9.93,3,55,51,89,55,10
arch,2026-10-18,0.547,0.135,9.98,3,30,73,89,55,10
badl,2026-10-18,0.547,0.117,9.95,2,39,65,93,55,10
bibe,2026-10-18,0.543,0.158,9.98,2,27,76,91,55,10
bisc,2026-10-18,0.539,0.161,9.96,5,56,50,74,55,10
blca,2026-10-18,0.547,0.135,9.98,2,31,72,92,55,10
brca,2026-10-18,0.547,0.139,9.99,2,26,77,92,55,10
cany,2026-10-18,0.547,0.136,9.99,2,28,75,92,55,10
care,2026-10-18,0.547,0.136,9.99,2,27,76,92,55,10
cave,2026-10-18,0.547,0.152,9.99,2,28,75,91,55,10
chis,2026-10-18,0.551,0.150,9.99,2,28,75,91,55,10
cong,2026-10-18,0.539,0.143,9.99,4,40,64,84,55,10
crla,2026-10-18,0.551,0.123,9.96,2,53,52,93,55,10
cuva,2026-10-18,0.539,0.121,9.97,6,60,46,59,55,10
deva,2026-10-18,0.551,0.143,9.99,2,19,83,92,55,10
dena,2026-10-18,0.555,0.010,9.30,2,78,30,96,55,10
drto,2026-10-18,0.539,0.164,9.95,2,53,52,91,55,10
ever,2026-10-18,0.539,0.162,9.96,3,53,52,88,55,10
gaar,2026-10-18,0.555,0.000,8.89,2,78,30,96,55,10
jeff,2026-10-18,0.543,0.131,9.98,8,46,39,39,39,10
glba,2026-10-18,0.555,0.041,9.56,2,81,27,95,55,10
glac,2026-10-18,0.547,0.098,9.88,2,63,43,93,55,10
grca,2026-10-18,0.551,0.143,9.99,2,24,78,92,55,10
grte,2026-10-18,0.547,0.118,9.95,2,56,50,93,55,10
grba,2026-10-18,0.551,0.135,9.98,2,27,76,92,55,10
grsa,2026-10-18,0.547,0.137,9.99,2,25,78,92,55,10
grsm,2026-10-18,0.539,0.138,9.99,3,49,56,89,55,10
gumo,2026-10-18,0.547,0.152,9.99,2,26,77,91,55,10
hale,2026-10-18,0.563,0.186,9.92,2,49,56,90,55,10
havo,2026-10-18,0.563,0.189,9.91,3,49,56,87,55,10
hosp,2026-10-18,0.543,0.143,9.99,5,37,67,74,55,10
indu,2026-10-18,0.543,0.121,9.96,6,58,48,59,55,10
isro,2026-10-18,0.539,0.096,9.88,2,65,42,93,55,10
jotr,2026-10-18,0.551,0.149,9.99,3,18,84,89,55,10
katm,2026-10-18,0.555,0.045,9.58,2,85,24,95,55,10
kefj,2026-10-18,0.555,0.035,9.51,2,73,34,95,55,10
kica,2026-10-18,0.551,0.142,9.99,3,20,82,89,55,10
kova,2026-10-18,0.555,0.000,8.94,2,70,37,96,55,10
lacl,2026-10-18,0.555,0.030,9.47,2,84,24,96,55,10
lavo,2026-10-18,0.551,0.131,9.98,2,30,73,92,55,10
maca,2026-10-18,0.543,0.134,9.99,4,46,59,84,55,10
meve,2026-10-18,0.547,0.139,9.99,3,28,75,89,55,10
mora,2026-10-18,0.551,0.108,9.91,3,65,42,89,55,10
npsa,2026-10-18,0.567,0.240,9.11,3,58,48,84,55,10
neri,2026-10-18,0.539,0.131,9.98,3,51,54,89,55,10
noca,2026-10-18,0.551,0.099,9.88,2,71,36,93,55,10
olym,2026-10-18,0.551,0.104,9.89,3,69,38,89,55,10
pefo,2026-10-18,0.551,0.145,9.99,2,23,79,92,55,10
pinn,2026-10-18,0.551,0.144,9.99,3,29,74,89,55,10
redw,2026-10-18,0.551,0.129,9.97,3,42,62,89,55,10
romo,2026-10-18,0.547,0.129,9.97,2,37,67,92,55,10
sagu,2026-10-18,0.551,0.153,9.99,5,20,74,74,55,10
sequ,2026-10-18,0.551,0.143,9.99,3,20,82,89,55,10
shen,2026-10-18,0.539,0.129,9.98,3,47,58,89,55,10
thro,2026-10-18,0.547,0.103,9.90,2,49,56,93,55,10
viis,2026-10-18,0.539,0.171,9.89,3,55,51,88,55,10
voya,2026-10-18,0.543,0.095,9.88,2,67,40,94,55,10
whsa,2026-10-18,0.547,0.150,9.99,3,27,76,89,55,10
wica,2026-10-18,0.547,0.117,9.95,2,39,65,93,55,10
wrst,2026-10-18,0.555,0.022,9.42,2,79,29,96,55,10
yell,2026-10-18,0.547,0.115,9.94,2,55,51,93,55,10
yose,2026-10-18,0.551,0.139,9.99,3,23,79,89,55,10
zion,2026-10-18,0.547,0.140,9.99,3,23,79,89,55,10
acad,2026-10-19,0.634,0.188,9.98,3,55,51,87,55,10
arch,2026-10-19,0.642,0.218,10.02,3,30,73,86,55,10
badl,2026-10-19,0.642,0.199,9.99,2,39,65,90,55,10
bibe,2026-10-19,0.638,0.241,10.01,2,27,76,88,55,10
bisc,2026-10-19,0.634,0.243,9.98,5,56,50,74,55,10
blca,2026-10-19,0.642,0.218,10.02,2,31,72,89,55,10
brca,2026-10-19,0.642,0.222,10.02,2,26,77,89,55,10
cany,2026-10-19,0.642,0.219,10.02,2,28,75,89,55,10
care,2026-10-19,0.642,0.220,10.02,2,27,76,89,55,10
cave,2026-10-19,0.642,0.235,10.02,2,28,75,88,55,10
chis,2026-10-19,0.645,0.234,10.03,2,28,75,88,55,10
cong,2026-10-19,0.634,0.224,10.02,4,40,64,84,55,10
crla,2026-10-19,0.645,0.207,10.00,2,53,52,89,55,10
cuva,2026-10-19,0.634,0.203,10.01,6,60,46,59,55,10
deva,2026-10-19,0.645,0.226,10.03,2,19,83,88,55,10
dena,2026-10-19,0.649,0.081,9.40,2,78,30,93,55,10
drto,2026-10-19,0.634,0.246,9.97,2,53,52,88,55,10
ever,2026-10-19,0.634,0.244,9.98,3,53,52,85,55,10
gaar,2026-10-19,0.649,0.025,9.02,2,78,30,95,55,10
jeff,2026-10-19,0.638,0.213,10.02,8,46,39,39,39,10
glba,2026-10-19,0.649,0.123,9.64,2,81,27,92,55,10
glac,2026-10-19,0.642,0.181,9.93,2,63,43,90,55,10
grca,2026-10-19,0.645,0.227,10.03,2,24,78,88,55,10
grte,2026-10-19,0.642,0.201,9.99,2,56,50,89,55,10
grba,2026-10-19,0.645,0.218,10.02,2,27,76,89,55,10
grsa,2026-10-19,0.642,0.220,10.02,2,25,78,89,55,10
grsm,2026-10-19,0.634,0.220,10.02,3,49,56,86,55,10
gumo,2026-10-19,0.642,0.235,10.02,2,26,77,88,55,10
hale,2026-10-19,0.657,0.272,9.94,2,49,56,87,55,10
havo,2026-10-19,0.657,0.274,9.92,3,49,56,84,55,10
hosp,2026-10-19,0.638,0.226,10.02,5,37,67,74,55,10
indu,2026-10-19,0.638,0.203,10.01,6,58,48,59,55,10
isro,2026-10-19,0.634,0.178,9.94,2,65,42,90,55,10
jotr,2026-10-19,0.645,0.233,10.03,3,18,81,86,55,10
katm,2026-10-19,0.649,0.129,9.65,2,85,24,92,55,10
kefj,2026-10-19,0.649,0.117,9.60,2,73,34,92,55,10
kica,2026-10-19,0.645,0.226,10.03,3,20,81,86,55,10
kova,2026-10-19,0.649,0.031,9.06,2,70,37,95,55,10
lacl,2026-10-19,0.649,0.111,9.56,2,84,24,92,55,10
lavo,2026-10-19,0.645,0.215,10.02,2,30,73,89,55,10
maca,2026-10-19,0.638,0.217,10.02,4,46,59,84,55,10
meve,2026-10-19,0.642,0.222,10.02,3,28,75,86,55,10
mora,2026-10-19,0.645,0.192,9.96,3,65,42,87,55,10
npsa,2026-10-19,0.661,0.327,9.10,3,58,48,81,55,10
neri,2026-10-19,0.634,0.213,10.02,3,51,54,86,55,10
noca,2026-10-19,0.645,0.183,9.93,2,71,36,90,55,10
olym,2026-10-19,0.645,0.188,9.95,3,69,38,87,55,10
pefo,2026-10-19,0.645,0.229,10.03,2,23,79,88,55,10
pinn,2026-10-19,0.645,0.228,10.03,3,29,74,86,55,10
redw,2026-10-19,0.645,0.213,10.01,3,42,62,86,55,10
romo,2026-10-19,0.642,0.212,10.01,2,37,67,89,55,10
sagu,2026-10-19,0.645,0.236,10.02,5,20,74,74,55,10
sequ,2026-10-19,0.645,0.227,10.03,3,20,81,86,55,10
shen,2026-10-19,0.634,0.211,10.02,3,47,58,87,55,10
thro,2026-10-19,0.642,0.185,9.95,2,49,56,90,55,10
viis,2026-10-19,0.634,0.253,9.91,3,55,51,85,55,10
voya,2026-10-19,0.638,0.177,9.93,2,67,40,90,55,10
whsa,2026-10-19,0.642,0.234,10.02,3,27,76,86,55,10
wica,2026-10-19,0.642,0.200,9.99,2,39,65,89,55,10
wrst,2026-10-19,0.649,0.099,9.51,2,79,29,93,55,10
yell,2026-10-19,0.642,0.198,9.98,2,55,51,90,55,10
yose,2026-10-19,0.645,0.223,10.02,3,23,79,86,55,10
zion,2026-10-19,0.642,0.223,10.03,3,23,79,86,55,10
acad,2026-10-20,0.725,0.290,10.03,3,55,51,83,55,10
arch,2026-10-20,0.733,0.320,10.06,3,30,73,82,55,10
badl,2026-10-20,0.733,0.303,10.04,2,39,65,85,55,10
bibe,2026-10-20,0.729,0.341,10.03,2,27,76,84,55,10
bisc,2026-10-20,0.725,0.341,10.00,5,56,50,74,55,10
blca,2026-10-20,0.733,0.320,10.06,2,31,72,85,55,10
brca,2026-10-20,0.733,0.324,10.06,2,26,77,85,55,10
cany,2026-10-20,0.733,0.322,10.06,2,28,75,85,55,10
care,2026-10-20,0.733,0.322,10.06,2,27,76,85,55,10
cave,2026-10-20,0.733,0.335,10.05,2,28,75,84,55,10
chis,2026-10-20,0.736,0.336,10.06,2,28,75,84,55,10
cong,2026-10-20,0.725,0.324,10.05,4,40,64,80,55,10
crla,2026-10-20,0.736,0.312,10.04,2,53,52,85,55,10
cuva,2026-10-20,0.725,0.304,10.05,6,60,46,59,55,10
deva,2026-10-20,0.736,0.329,10.06,2,19,80,84,55,10
dena,2026-10-20,0.740,0.205,9.50,2,78,30,89,55,10
drto,2026-10-20,0.725,0.344,9.99,2,53,52,84,55,10
ever,2026-10-20,0.725,0.342,10.00,3,53,52,81,55,10
gaar,2026-10-20,0.740,0.149,9.14,2,78,30,90,55,10
jeff,2026-10-20,0.729,0.315,10.06,8,46,39,39,39,10
glba,2026-10-20,0.740,0.240,9.72,2,81,27,87,55,10
glac,2026-10-20,0.733,0.288,9.98,2,63,43,86,55,10
grca,2026-10-20,0.736,0.328,10.06,2,24,78,84,55,10
grte,2026-10-20,0.733,0.305,10.04,2,56,50,85,55,10
grba,2026-10-20,0.736,0.321,10.06,2,27,76,85,55,10
grsa,2026-10-20,0.733,0.322,10.06,2,25,78,85,55,10
grsm,2026-10-20,0.725,0.321,10.06,3,49,56,82,55,10
gumo,2026-10-20,0.733,0.336,10.05,2,26,77,84,55,10
hale,2026-10-20,0.747,0.372,9.96,2,49,56,83,55,10
havo,2026-10-20,0.747,0.374,9.94,3,49,56,80,55,10
hosp,2026-10-20,0.729,0.326,10.06,5,37,67,74,55,10
indu,2026-10-20,0.729,0.305,10.05,6,58,48,59,55,10
isro,2026-10-20,0.725,0.283,9.99,2,65,42,86,55,10
jotr,2026-10-20,0.736,0.335,10.06,3,18,77,82,55,10
katm,2026-10-20,0.740,0.248,9.73,2,85,24,87,55,10
kefj,2026-10-20,0.740,0.237,9.68,2,73,34,88,55,10
kica,2026-10-20,0.736,0.328,10.06,3,20,77,82,55,10
kova,2026-10-20,0.740,0.157,9.18,2,70,37,90,55,10
lacl,2026-10-20,0.740,0.232,9.65,2,84,24,88,55,10
lavo,2026-10-20,0.736,0.319,10.06,2,30,73,85,55,10
maca,2026-10-20,0.729,0.317,10.06,4,46,59,80,55,10
meve,2026-10-20,0.733,0.324,10.06,3,28,75,82,55,10
mora,2026-10-20,0.736,0.298,10.01,3,65,42,83,55,10
npsa,2026-10-20,0.751,0.424,9.08,3,58,48,77,55,10
neri,2026-10-20,0.725,0.314,10.06,3,51,54,82,55,10
noca,2026-10-20,0.736,0.291,9.98,2,71,36,86,55,10
olym,2026-10-20,0.736,0.295,10.00,3,69,38,83,55,10
pefo,2026-10-20,0.736,0.330,10.06,2,23,79,84,55,10
pinn,2026-10-20,0.736,0.330,10.06,3,29,74,82,55,10
redw,2026-10-20,0.736,0.317,10.05,3,42,62,82,55,10
romo,2026-10-20,0.733,0.315,10.05,2,37,67,85,55,10
sagu,2026-10-20,0.736,0.337,10.05,5,20,72,74,55,10
sequ,2026-10-20,0.736,0.329,10.06,3,20,77,82,55,10
shen,2026-10-20,0.725,0.312,10.06,3,47,58,83,55,10
thro,2026-10-20,0.733,0.291,10.00,2,49,56,86,55,10
viis,2026-10-20,0.725,0.349,9.92,3,55,51,81,55,10
voya,2026-10-20,0.729,0.282,9.98,2,67,40,86,55,10
whsa,2026-10-20,0.733,0.334,10.05,3,27,75,82,55,10
wica,2026-10-20,0.733,0.304,10.04,2,39,65,85,55,10
wrst,2026-10-20,0.740,0.220,9.60,2,79,29,88,55,10
yell,2026-10-20,0.733,0.303,10.03,2,55,51,85,55,10
yose,2026-10-20,0.736,0.326,10.06,3,23,76,82,55,10
zion,2026-10-20,0.733,0.325,10.06,3,23,76,82,55,10
acad,2026-10-21,0.810,0.413,10.07,3,55,51,78,55,10
arch,2026-10-21,0.817,0.442,10.10,3,30,70,77,55,10
badl,2026-10-21,0.817,0.427,10.08,2,39,65,80,55,10
bibe,2026-10-21,0.814,0.457,10.06,2,27,72,79,55,10
bisc,2026-10-21,0.810,0.455,10.02,5,56,50,72,55,10
blca,2026-10-21,0.817,0.441,10.10,2,31,72,80,55,10
brca,2026-10-21,0.817,0.445,10.10,2,26,73,80,55,10
cany,2026-10-21,0.817,0.443,10.10,2,28,73,80,55,10
care,2026-10-21,0.817,0.443,10.10,2,27,73,80,55,10
cave,2026-10-21,0.817,0.453,10.08,2,28,72,79,55,10
chis,2026-10-21,0.820,0.455,10.09,2,28,72,79,55,10
cong,2026-10-21,0.810,0.441,10.08,4,40,64,75,55,10
crla,2026-10-21,0.820,0.436,10.09,2,53,52,80,55,10
cuva,2026-10-21,0.810,0.426,10.09,6,60,46,59,55,10
deva,2026-10-21,0.820,0.449,10.09,2,19,75,80,55,10
dena,2026-10-21,0.824,0.363,9.59,2,78,30,82,55,10
drto,2026-10-21,0.810,0.457,10.01,2,53,52,79,55,10
ever,2026-10-21,0.810,0.455,10.02,3,53,52,77,55,10
gaar,2026-10-21,0.824,0.325,9.26,2,78,30,83,55,10
jeff,2026-10-21,0.814,0.435,10.09,8,46,39,39,39,10
glba,2026-10-21,0.824,0.385,9.80,2,81,27,82,55,10
glac,2026-10-21,0.817,0.417,10.04,2,63,43,81,55,10
grca,2026-10-21,0.820,0.448,10.09,2,24,74,80,55,10
grte,2026-10-21,0.817,0.430,10.08,2,56,50,80,55,10
grba,2026-10-21,0.820,0.443,10.10,2,27,73,80,55,10
grsa,2026-10-21,0.817,0.442,10.10,2,25,74,80,55,10
grsm,2026-10-21,0.810,0.439,10.09,3,49,56,77,55,10
gumo,2026-10-21,0.817,0.453,10.08,2,26,73,79,55,10
hale,2026-10-21,0.830,0.487,9.97,2,49,56,78,55,10
havo,2026-10-21,0.830,0.489,9.95,3,49,56,75,55,10
hosp,2026-10-21,0.814,0.444,10.09,5,37,63,72,55,10
indu,2026-10-21,0.814,0.427,10.09,6,58,48,59,55,10
isro,2026-10-21,0.810,0.410,10.04,2,65,42,81,55,10
jotr,2026-10-21,0.820,0.453,10.09,3,18,72,77,55,10
katm,2026-10-21,0.824,0.394,9.81,2,85,24,81,55,10
kefj,2026-10-21,0.824,0.385,9.76,2,73,34,82,55,10
kica,2026-10-21,0.820,0.449,10.10,3,20,72,77,55,10
kova,2026-10-21,0.824,0.333,9.30,2,70,37,83,55,10
lacl,2026-10-21,0.824,0.383,9.73,2,84,24,82,55,10
lavo,2026-10-21,0.820,0.442,10.09,2,30,72,80,55,10
maca,2026-10-21,0.814,0.436,10.09,4,46,59,75,55,10
meve,2026-10-21,0.817,0.444,10.09,3,28,70,77,55,10
mora,2026-10-21,0.820,0.426,10.06,3,65,42,78,55,10
npsa,2026-10-21,0.833,0.531,9.06,3,58,48,72,55,10
neri,2026-10-21,0.810,0.433,10.09,3,51,54,78,55,10
noca,2026-10-21,0.820,0.420,10.04,2,71,36,81,55,10
olym,2026-10-21,0.820,0.424,10.05,3,69,38,78,55,10
pefo,2026-10-21,0.820,0.449,10.09,2,23,74,80,55,10
pinn,2026-10-21,0.820,0.450,10.09,3,29,70,77,55,10
redw,2026-10-21,0.820,0.441,10.09,3,42,62,77,55,10
romo,2026-10-21,0.817,0.436,10.09,2,37,67,80,55,10
sagu,2026-10-21,0.820,0.455,10.08,5,20,67,72,55,10
sequ,2026-10-21,0.820,0.449,10.09,3,20,72,77,55,10
shen,2026-10-21,0.810,0.431,10.09,3,47,58,78,55,10
thro,2026-10-21,0.817,0.418,10.05,2,49,56,81,55,10
viis,2026-10-21,0.810,0.460,9.93,3,55,51,77,55,10
voya,2026-10-21,0.814,0.410,10.04,2,67,40,81,55,10
whsa,2026-10-21,0.817,0.452,10.08,3,27,70,77,55,10
wica,2026-10-21,0.817,0.428,10.08,2,39,65,80,55,10
wrst,2026-10-21,0.824,0.372,9.69,2,79,29,82,55,10
yell,2026-10-21,0.817,0.428,10.08,2,55,51,80,55,10
yose,2026-10-21,0.820,0.447,10.10,3,23,71,77,55,10
zion,2026-10-21,0.817,0.446,10.10,3,23,71,77,55,10
acad,2026-10-22,0.885,0.556,10.12,3,55,51,73,55,10
arch,2026-10-22,0.891,0.582,10.13,3,30,64,72,55,10
badl,2026-10-22,0.891,0.572,10.12,2,39,65,75,55,10
bibe,2026-10-22,0.888,0.590,10.08,2,27,67,74,55,10
bisc,2026-10-22,0.885,0.585,10.04,5,56,50,67,54,10
blca,2026-10-22,0.891,0.581,10.13,2,31,66,74,55,10
brca,2026-10-22,0.891,0.584,10.13,2,26,68,74,55,10
cany,2026-10-22,0.891,0.583,10.13,2,28,67,74,55,10
care,2026-10-22,0.891,0.583,10.13,2,27,67,74,55,10
cave,2026-10-22,0.891,0.588,10.11,2,28,67,74,55,10
chis,2026-10-22,0.893,0.592,10.12,2,28,67,74,55,10
cong,2026-10-22,0.885,0.576,10.11,4,40,59,69,55,10
crla,2026-10-22,0.893,0.581,10.13,2,53,52,74,55,10
cuva,2026-10-22,0.885,0.567,10.13,6,60,46,59,52,10
deva,2026-10-22,0.893,0.588,10.13,2,19,69,74,55,10
dena,2026-10-22,0.896,0.550,9.69,2,78,30,75,55,10
drto,2026-10-22,0.885,0.587,10.03,2,53,52,74,55,10
ever,2026-10-22,0.885,0.586,10.04,3,53,52,72,55,10
gaar,2026-10-22,0.896,0.534,9.38,2,78,30,75,55,10
jeff,2026-10-22,0.888,0.574,10.13,8,46,39,39,39,10
glba,2026-10-22,0.896,0.557,9.88,2,81,27,75,55,10
glac,2026-10-22,0.891,0.568,10.09,2,63,43,75,55,10
grca,2026-10-22,0.893,0.586,10.13,2,24,68,74,55,10
grte,2026-10-22,0.891,0.575,10.12,2,56,50,74,55,10
grba,2026-10-22,0.893,0.583,10.13,2,27,67,74,55,10
grsa,2026-10-22,0.891,0.582,10.13,2,25,68,74,55,10
grsm,2026-10-22,0.885,0.575,10.12,3,49,56,72,55,10
gumo,2026-10-22,0.891,0.588,10.10,2,26,67,74,55,10
hale,2026-10-22,0.901,0.619,9.99,2,49,56,73,55,10
havo,2026-10-22,0.901,0.620,9.97,3,49,56,70,55,10
hosp,2026-10-22,0.888,0.581,10.12,5,37,58,67,54,10
indu,2026-10-22,0.888,0.568,10.13,6,58,48,59,52,10
isro,2026-10-22,0.885,0.558,10.09,2,65,42,75,55,10
jotr,2026-10-22,0.893,0.590,10.12,3,18,67,71,55,10
katm,2026-10-22,0.896,0.566,9.89,2,85,24,75,55,10
kefj,2026-10-22,0.896,0.561,9.85,2,73,34,75,55,10
kica,2026-10-22,0.893,0.588,10.13,3,20,66,71,55,10
kova,2026-10-22,0.896,0.539,9.41,2,70,37,75,55,10
lacl,2026-10-22,0.896,0.560,9.82,2,84,24,75,55,10
lavo,2026-10-22,0.893,0.584,10.13,2,30,67,74,55,10
maca,2026-10-22,0.888,0.574,10.13,4,46,58,70,55,10
meve,2026-10-22,0.891,0.583,10.13,3,28,65,72,55,10
mora,2026-10-22,0.893,0.575,10.11,3,65,42,72,55,10
npsa,2026-10-22,0.904,0.651,9.05,3,58,48,68,55,10
neri,2026-10-22,0.885,0.571,10.13,3,51,54,72,55,10
noca,2026-10-22,0.893,0.572,10.09,2,71,36,75,55,10
olym,2026-10-22,0.893,0.574,10.10,3,69,38,72,55,10
pefo,2026-10-22,0.893,0.587,10.12,2,23,68,74,55,10
pinn,2026-10-22,0.893,0.589,10.13,3,29,64,71,55,10
redw,2026-10-22,0.893,0.584,10.13,3,42,61,72,55,10
romo,2026-10-22,0.891,0.578,10.13,2,37,65,74,55,10
sagu,2026-10-22,0.893,0.590,10.11,5,20,61,66,54,10
sequ,2026-10-22,0.893,0.588,10.13,3,20,66,71,55,10
shen,2026-10-22,0.885,0.569,10.13,3,47,58,72,55,10
thro,2026-10-22,0.891,0.566,10.10,2,49,56,75,55,10
viis,2026-10-22,0.885,0.586,9.95,3,55,51,71,55,10
voya,2026-10-22,0.888,0.559,10.09,2,67,40,75,55,10
whsa,2026-10-22,0.891,0.588,10.11,3,27,65,71,55,10
wica,2026-10-22,0.891,0.572,10.12,2,39,65,75,55,10
wrst,2026-10-22,0.896,0.552,9.78,2,79,29,75,55,10
yell,2026-10-22,0.891,0.574,10.12,2,55,51,75,55,10
yose,2026-10-22,0.893,0.587,10.13,3,23,66,72,55,10
zion,2026-10-22,0.891,0.585,10.13,3,23,66,72,55,10
acad,2026-10-23,0.944,0.722,10.16,3,55,51,66,54,10
arch,2026-10-23,0.949,0.744,10.17,3,30,58,65,53,10
badl,2026-10-23,0.949,0.739,10.17,2,39,58,68,55,10
bibe,2026-10-23,0.947,0.744,10.11,2,27,61,68,55,10
bisc,2026-10-23,0.944,0.735,10.07,5,56,47,61,48,10
blca,2026-10-23,0.949,0.743,10.17,2,31,60,68,55,10
brca,2026-10-23,0.949,0.745,10.17,2,26,61,68,55,10
cany,2026-10-23,0.949,0.744,10.17,2,28,61,68,55,10
care,2026-10-23,0.949,0.745,10.17,2,27,61,68,55,10
cave,2026-10-23,0.949,0.743,10.13,2,28,61,68,55,10
chis,2026-10-23,0.951,0.750,10.15,2,28,60,67,55,10
cong,2026-10-23,0.944,0.732,10.14,4,40,53,63,51,10
crla,2026-10-23,0.951,0.749,10.17,2,53,52,68,55,10
cuva,2026-10-23,0.944,0.729,10.17,6,60,43,58,46,10
deva,2026-10-23,0.951,0.748,10.16,2,19,63,68,55,10
dena,2026-10-23,0.953,0.756,9.78,2,78,30,67,54,10
drto,2026-10-23,0.944,0.736,10.05,2,53,52,68,55,10
ever,2026-10-23,0.944,0.735,10.06,3,53,52,66,53,10
gaar,2026-10-23,0.953,0.749,9.49,2,78,30,67,54,10
jeff,2026-10-23,0.947,0.735,10.17,8,46,39,39,39,10
glba,2026-10-23,0.953,0.753,9.96,2,81,27,67,55,10
glac,2026-10-23,0.949,0.743,10.14,2,63,43,68,55,10
grca,2026-10-23,0.951,0.746,10.16,2,24,62,68,55,10
grte,2026-10-23,0.949,0.743,10.17,2,56,50,68,55,10
grba,2026-10-23,0.951,0.746,10.17,2,27,61,68,55,10
grsa,2026-10-23,0.949,0.742,10.17,2,25,62,68,55,10
grsm,2026-10-23,0.944,0.732,10.15,3,49,53,66,53,10
gumo,2026-10-23,0.949,0.744,10.13,2,26,61,68,55,10
hale,2026-10-23,0.956,0.770,10.00,2,49,54,67,54,10
havo,2026-10-23,0.956,0.770,9.98,3,49,52,64,52,10
hosp,2026-10-23,0.947,0.737,10.15,5,37,51,61,48,10
indu,2026-10-23,0.947,0.732,10.17,6,58,44,58,46,10
isro,2026-10-23,0.944,0.731,10.14,2,65,42,68,55,10
jotr,2026-10-23,0.951,0.748,10.15,3,18,61,65,53,10
katm,2026-10-23,0.953,0.762,9.97,2,85,24,67,54,10
kefj,2026-10-23,0.953,0.759,9.93,2,73,34,67,55,10
kica,2026-10-23,0.951,0.749,10.16,3,20,60,65,53,10
kova,2026-10-23,0.953,0.753,9.53,2,70,37,67,54,10
lacl,2026-10-23,0.953,0.760,9.90,2,84,24,67,54,10
lavo,2026-10-23,0.951,0.749,10.17,2,30,60,68,55,10
maca,2026-10-23,0.947,0.733,10.16,4,46,52,63,51,10
meve,2026-10-23,0.949,0.744,10.16,3,28,58,65,53,10
mora,2026-10-23,0.951,0.748,10.16,3,65,42,65,53,10
npsa,2026-10-23,0.958,0.785,9.03,3,58,48,62,50,10
neri,2026-10-23,0.944,0.730,10.16,3,51,53,66,53,10
noca,2026-10-23,0.951,0.747,10.14,2,71,36,68,55,10
olym,2026-10-23,0.951,0.749,10.15,3,69,38,65,53,10
pefo,2026-10-23,0.951,0.745,10.15,2,23,62,68,55,10
pinn,2026-10-23,0.951,0.750,10.16,3,29,58,65,52,10
redw,2026-10-23,0.951,0.750,10.17,3,42,54,65,52,10
romo,2026-10-23,0.949,0.742,10.17,2,37,59,68,55,10
sagu,2026-10-23,0.951,0.746,10.13,5,20,55,60,48,10
sequ,2026-10-23,0.951,0.749,10.16,3,20,60,65,53,10
shen,2026-10-23,0.944,0.729,10.16,3,47,54,66,53,10
thro,2026-10-23,0.949,0.739,10.15,2,49,56,68,55,10
viis,2026-10-23,0.944,0.731,9.96,3,55,51,66,53,10
voya,2026-10-23,0.947,0.733,10.14,2,67,40,68,55,10
whsa,2026-10-23,0.949,0.744,10.14,3,27,58,65,53,10
wica,2026-10-23,0.949,0.740,10.17,2,39,58,68,55,10
wrst,2026-10-23,0.953,0.754,9.86,2,79,29,67,55,10
yell,2026-10-23,0.949,0.743,10.17,2,55,51,68,55,10
yose,2026-10-23,0.951,0.749,10.17,3,23,59,65,53,10
zion,2026-10-23,0.949,0.746,10.16,3,23,59,65,53,10
acad,2026-10-24,0.984,0.875,10.21,3,55,46,60,48,10
arch,2026-10-24,0.986,0.890,10.20,3,30,52,59,47,10
badl,2026-10-24,0.986,0.886,10.21,2,39,52,62,50,10
bibe,2026-10-24,0.985,0.891,10.13,2,27,55,62,49,10
bisc,2026-10-24,0.984,0.884,10.09,5,56,41,55,42,10
blca,2026-10-24,0.986,0.890,10.20,2,31,54,62,49,10
brca,2026-10-24,0.986,0.891,10.20,2,26,55,62,49,10
cany,2026-10-24,0.986,0.890,10.20,2,28,55,62,49,10
care,2026-10-24,0.986,0.891,10.20,2,27,55,62,49,10
cave,2026-10-24,0.986,0.891,10.16,2,28,55,62,49,10
chis,2026-10-24,0.988,0.895,10.18,2,28,55,62,49,10
cong,2026-10-24,0.984,0.883,10.17,4,40,47,57,45,10
crla,2026-10-24,0.988,0.892,10.21,2,53,49,62,49,10
cuva,2026-10-24,0.984,0.881,10.21,6,60,37,52,40,10
deva,2026-10-24,0.988,0.893,10.19,2,19,57,62,49,10
dena,2026-10-24,0.989,0.884,9.87,2,78,30,62,49,10
drto,2026-10-24,0.984,0.885,10.07,2,53,49,62,50,10
ever,2026-10-24,0.984,0.885,10.08,3,53,46,60,47,10
gaar,2026-10-24,0.989,0.878,9.61,2,78,30,62,49,10
jeff,2026-10-24,0.985,0.884,10.20,8,46,36,39,35,10
glba,2026-10-24,0.989,0.885,10.03,2,81,27,62,50,10
glac,2026-10-24,0.986,0.886,10.19,2,63,43,62,50,10
grca,2026-10-24,0.988,0.892,10.19,2,24,56,62,49,10
grte,2026-10-24,0.986,0.888,10.21,2,56,48,62,49,10
grba,2026-10-24,0.988,0.891,10.21,2,27,55,62,49,10
grsa,2026-10-24,0.986,0.889,10.20,2,25,56,62,49,10
grsm,2026-10-24,0.984,0.883,10.19,3,49,47,60,47,10
gumo,2026-10-24,0.986,0.891,10.16,2,26,55,62,49,10
hale,2026-10-24,0.991,0.908,10.02,2,49,49,61,49,10
havo,2026-10-24,0.991,0.908,10.00,3,49,46,59,46,10
hosp,2026-10-24,0.985,0.886,10.18,5,37,45,55,42,10
indu,2026-10-24,0.985,0.882,10.21,6,58,38,52,40,10
isro,2026-10-24,0.984,0.879,10.19,2,65,42,62,50,10
jotr,2026-10-24,0.988,0.894,10.18,3,18,55,59,47,10
katm,2026-10-24,0.989,0.891,10.04,2,85,24,62,49,10
kefj,2026-10-24,0.989,0.888,10.00,2,73,34,62,49,10
kica,2026-10-24,0.988,0.894,10.20,3,20,54,59,47,10
kova,2026-10-24,0.989,0.880,9.64,2,70,37,62,49,10
lacl,2026-10-24,0.989,0.888,9.98,2,84,24,62,49,10
lavo,2026-10-24,0.988,0.893,10.21,2,30,54,62,49,10
maca,2026-10-24,0.985,0.883,10.19,4,46,46,57,45,10
meve,2026-10-24,0.986,0.890,10.20,3,28,52,59,47,10
mora,2026-10-24,0.988,0.890,10.20,3,65,42,59,47,10
npsa,2026-10-24,0.991,0.905,9.01,3,58,43,57,45,10
neri,2026-10-24,0.984,0.882,10.20,3,51,47,60,47,10
noca,2026-10-24,0.988,0.889,10.19,2,71,36,62,49,10
olym,2026-10-24,0.988,0.890,10.20,3,69,38,59,47,10
pefo,2026-10-24,0.988,0.891,10.18,2,23,56,62,49,10
pinn,2026-10-24,0.988,0.894,10.19,3,29,52,59,47,10
redw,2026-10-24,0.988,0.893,10.21,3,42,49,59,47,10
romo,2026-10-24,0.986,0.888,10.21,2,37,53,62,49,10
sagu,2026-10-24,0.988,0.893,10.16,5,20,49,54,42,10
sequ,2026-10-24,0.988,0.894,10.19,3,20,54,59,47,10
shen,2026-10-24,0.984,0.881,10.20,3,47,48,60,47,10
thro,2026-10-24,0.986,0.884,10.20,2,49,50,62,50,10
viis,2026-10-24,0.984,0.880,9.97,3,55,46,60,47,10
voya,2026-10-24,0.985,0.880,10.19,2,67,40,62,50,10
whsa,2026-10-24,0.986,0.891,10.17,3,27,53,59,47,10
wica,2026-10-24,0.986,0.886,10.21,2,39,52,62,50,10
wrst,2026-10-24,0.989,0.884,9.95,2,79,29,62,50,10
yell,2026-10-24,0.986,0.888,10.21,2,55,48,62,49,10
yose,2026-10-24,0.988,0.893,10.20,3,23,54,59,47,10
zion,2026-10-24,0.986,0.892,10.20,3,23,54,59,47,10
acad,2026-10-25,1.000,0.968,10.25,3,55,43,56,44,10
arch,2026-10-25,1.000,0.967,10.24,3,30,49,56,44,10
badl,2026-10-25,1.000,0.966,10.25,2,39,49,59,46,10
bibe,2026-10-25,1.000,0.970,10.16,2,27,52,59,46,10
bisc,2026-10-25,1.000,0.972,10.11,5,56,37,51,39,10
blca,2026-10-25,1.000,0.968,10.24,2,31,51,59,46,10
brca,2026-10-25,1.000,0.967,10.23,2,26,52,59,46,10
cany,2026-10-25,1.000,0.967,10.24,2,28,52,59,46,10
care,2026-10-25,1.000,0.967,10.24,2,27,52,59,46,10
cave,2026-10-25,1.000,0.969,10.19,2,28,52,59,46,10
chis,2026-10-25,1.000,0.967,10.21,2,28,52,59,46,10
cong,2026-10-25,1.000,0.971,10.20,4,40,44,54,41,10
crla,2026-10-25,1.000,0.964,10.26,2,53,46,59,46,10
cuva,2026-10-25,1.000,0.969,10.25,6,60,34,49,36,10
deva,2026-10-25,1.000,0.967,10.23,2,19,54,59,46,10
dena,2026-10-25,1.000,0.946,9.96,2,78,30,60,47,10
drto,2026-10-25,1.000,0.972,10.09,2,53,45,59,46,10
ever,2026-10-25,1.000,0.972,10.10,3,53,43,56,44,10
gaar,2026-10-25,1.000,0.940,9.72,2,78,30,59,47,10
jeff,2026-10-25,1.000,0.969,10.24,8,46,32,39,31,10
glba,2026-10-25,1.000,0.953,10.11,2,81,27,59,47,10
glac,2026-10-25,1.000,0.963,10.24,2,63,43,59,46,10
grca,2026-10-25,1.000,0.968,10.22,2,24,53,59,46,10
grte,2026-10-25,1.000,0.965,10.25,2,56,45,59,46,10
grba,2026-10-25,1.000,0.967,10.24,2,27,52,59,46,10
grsa,2026-10-25,1.000,0.968,10.23,2,25,53,59,46,10
grsm,2026-10-25,1.000,0.970,10.22,3,49,44,56,44,10
gumo,2026-10-25,1.000,0.969,10.19,2,26,52,59,46,10
hale,2026-10-25,1.000,0.960,10.03,2,49,47,59,47,10
havo,2026-10-25,1.000,0.960,10.01,3,49,44,57,44,10
hosp,2026-10-25,1.000,0.970,10.21,5,37,42,51,39,10
indu,2026-10-25,1.000,0.968,10.25,6,58,34,49,36,10
isro,2026-10-25,1.000,0.966,10.24,2,65,42,59,46,10
jotr,2026-10-25,1.000,0.968,10.21,3,18,52,56,44,10
katm,2026-10-25,1.000,0.949,10.12,2,85,24,60,47,10
kefj,2026-10-25,1.000,0.949,10.08,2,73,34,60,47,10
kica,2026-10-25,1.000,0.966,10.23,3,20,51,56,44,10
kova,2026-10-25,1.000,0.940,9.75,2,70,37,60,47,10
lacl,2026-10-25,1.000,0.948,10.06,2,84,24,60,47,10
lavo,2026-10-25,1.000,0.965,10.25,2,30,51,59,46,10
maca,2026-10-25,1.000,0.970,10.23,4,46,42,54,41,10
meve,2026-10-25,1.000,0.968,10.23,3,28,49,56,44,10
mora,2026-10-25,1.000,0.963,10.25,3,65,40,56,44,10
npsa,2026-10-25,0.999,0.944,9.00,3,58,41,56,43,10
neri,2026-10-25,1.000,0.970,10.23,3,51,43,56,44,10
noca,2026-10-25,1.000,0.962,10.25,2,71,36,59,47,10
olym,2026-10-25,1.000,0.962,10.25,3,69,38,57,44,10
pefo,2026-10-25,1.000,0.968,10.21,2,23,53,59,46,10
pinn,2026-10-25,1.000,0.966,10.23,3,29,49,56,44,10
redw,2026-10-25,1.000,0.964,10.25,3,42,46,56,44,10
romo,2026-10-25,1.000,0.967,10.25,2,37,50,59,46,10
sagu,2026-10-25,1.000,0.969,10.19,5,20,46,51,39,10
sequ,2026-10-25,1.000,0.967,10.23,3,20,51,56,44,10
shen,2026-10-25,1.000,0.970,10.24,3,47,44,56,44,10
thro,2026-10-25,1.000,0.965,10.25,2,49,47,59,46,10
viis,2026-10-25,1.000,0.972,9.99,3,55,42,56,44,10
voya,2026-10-25,1.000,0.965,10.24,2,67,40,59,46,10
whsa,2026-10-25,1.000,0.969,10.19,3,27,49,56,44,10
wica,2026-10-25,1.000,0.966,10.25,2,39,49,59,46,10
wrst,2026-10-25,1.000,0.949,10.03,2,79,29,60,47,10
yell,2026-10-25,1.000,0.965,10.25,2,55,45,59,46,10
yose,2026-10-25,1.000,0.966,10.24,3,23,51,56,44,10
zion,2026-10-25,1.000,0.967,10.23,3,23,51,56,44,10
acad,2026-10-26,0.989,0.888,10.29,3,55,46,59,47,10
arch,2026-10-26,0.986,0.878,10.27,3,30,52,60,47,10
badl,2026-10-26,0.986,0.879,10.30,2,39,53,62,50,10
bibe,2026-10-26,0.988,0.879,10.18,2,27,56,62,50,10
bisc,2026-10-26,0.989,0.885,10.13,5,56,41,55,42,10
blca,2026-10-26,0.986,0.878,10.27,2,31,55,62,50,10
brca,2026-10-26,0.986,0.877,10.27,2,26,56,62,50,10
cany,2026-10-26,0.986,0.878,10.27,2,28,55,62,50,10
care,2026-10-26,0.986,0.877,10.27,2,27,56,62,50,10
cave,2026-10-26,0.986,0.879,10.21,2,28,55,62,50,10
chis,2026-10-26,0.985,0.875,10.24,2,28,55,62,50,10
cong,2026-10-26,0.989,0.886,10.23,4,40,47,57,45,10
crla,2026-10-26,0.985,0.874,10.30,2,53,49,63,50,10
cuva,2026-10-26,0.989,0.885,10.29,6,60,37,52,40,10
deva,2026-10-26,0.985,0.876,10.26,2,19,58,62,50,10
dena,2026-10-26,0.984,0.860,10.05,2,78,30,63,51,10
drto,2026-10-26,0.989,0.884,10.11,2,53,49,62,50,10
ever,2026-10-26,0.989,0.885,10.12,3,53,46,60,47,10
gaar,2026-10-26,0.984,0.857,9.84,2,78,30,63,50,10
jeff,2026-10-26,0.988,0.883,10.27,8,46,36,39,35,10
glba,2026-10-26,0.984,0.866,10.18,2,81,27,63,50,10
glac,2026-10-26,0.986,0.876,10.29,2,63,43,62,50,10
grca,2026-10-26,0.985,0.877,10.25,2,24,56,62,50,10
grte,2026-10-26,0.986,0.877,10.30,2,56,48,62,50,10
grba,2026-10-26,0.985,0.877,10.28,2,27,56,62,50,10
grsa,2026-10-26,0.986,0.879,10.27,2,25,56,62,50,10
grsm,2026-10-26,0.989,0.885,10.25,3,49,47,60,47,10
gumo,2026-10-26,0.986,0.879,10.21,2,26,56,62,50,10
hale,2026-10-26,0.981,0.862,10.05,2,49,51,63,51,10
havo,2026-10-26,0.981,0.862,10.02,3,49,48,61,48,10
hosp,2026-10-26,0.988,0.882,10.24,5,37,45,55,42,10
indu,2026-10-26,0.988,0.884,10.29,6,58,38,52,40,10
isro,2026-10-26,0.989,0.882,10.29,2,65,42,62,50,10
jotr,2026-10-26,0.985,0.876,10.23,3,18,55,60,47,10
katm,2026-10-26,0.984,0.862,10.19,2,85,24,63,51,10
kefj,2026-10-26,0.984,0.862,10.16,2,73,34,63,51,10
kica,2026-10-26,0.985,0.876,10.26,3,20,55,60,47,10
kova,2026-10-26,0.984,0.856,9.86,2,70,37,63,51,10
lacl,2026-10-26,0.984,0.861,10.14,2,84,24,63,51,10
lavo,2026-10-26,0.985,0.875,10.29,2,30,55,63,50,10
maca,2026-10-26,0.988,0.884,10.26,4,46,46,57,45,10
meve,2026-10-26,0.986,0.878,10.26,3,28,53,60,47,10
mora,2026-10-26,0.985,0.874,10.30,3,65,42,60,48,10
npsa,2026-10-26,0.980,0.826,8.98,3,58,46,60,48,10
neri,2026-10-26,0.989,0.886,10.27,3,51,47,60,47,10
noca,2026-10-26,0.985,0.874,10.30,2,71,36,63,50,10
olym,2026-10-26,0.985,0.873,10.30,3,69,38,60,48,10
pefo,2026-10-26,0.985,0.878,10.24,2,23,57,62,50,10
pinn,2026-10-26,0.985,0.875,10.26,3,29,53,60,48,10
redw,2026-10-26,0.985,0.874,10.29,3,42,50,60,48,10
romo,2026-10-26,0.986,0.879,10.28,2,37,53,62,50,10
sagu,2026-10-26,0.985,0.877,10.22,5,20,50,55,42,10
sequ,2026-10-26,0.985,0.876,10.26,3,20,55,60,47,10
shen,2026-10-26,0.989,0.886,10.27,3,47,48,60,47,10
thro,2026-10-26,0.986,0.879,10.30,2,49,50,62,50,10
viis,2026-10-26,0.989,0.888,10.00,3,55,46,59,47,10
voya,2026-10-26,0.988,0.881,10.29,2,67,40,62,50,10
whsa,2026-10-26,0.986,0.879,10.22,3,27,53,60,47,10
wica,2026-10-26,0.986,0.879,10.30,2,39,53,62,50,10
wrst,2026-10-26,0.984,0.863,10.12,2,79,29,63,50,10
yell,2026-10-26,0.986,0.877,10.30,2,55,49,62,50,10
yose,2026-10-26,0.985,0.875,10.27,3,23,54,60,47,10
zion,2026-10-26,0.986,0.877,10.26,3,23,54,60,47,10
acad,2026-10-27,0.950,0.789,10.34,3,55,50,63,51,10
arch,2026-10-27,0.945,0.774,10.31,3,30,57,64,52,10
badl,2026-10-27,0.945,0.779,10.34,2,39,57,66,54,10
bibe,2026-10-27,0.948,0.765,10.20,2,27,60,67,54,10
bisc,2026-10-27,0.950,0.768,10.14,5,56,45,59,47,10
blca,2026-10-27,0.945,0.774,10.31,2,31,59,67,54,10
brca,2026-10-27,0.945,0.772,10.30,2,26,60,67,54,10
cany,2026-10-27,0.945,0.773,10.31,2,28,60,67,54,10
care,2026-10-27,0.945,0.773,10.31,2,27,60,67,54,10
cave,2026-10-27,0.945,0.768,10.24,2,28,60,67,54,10
chis,2026-10-27,0.943,0.765,10.26,2,28,60,67,54,10
cong,2026-10-27,0.950,0.779,10.26,4,40,51,61,49,10
crla,2026-10-27,0.943,0.773,10.34,2,53,52,67,54,10
cuva,2026-10-27,0.950,0.784,10.32,6,60,41,56,44,10
deva,2026-10-27,0.943,0.769,10.29,2,19,62,67,54,10
dena,2026-10-27,0.941,0.768,10.14,2,78,30,67,54,10
drto,2026-10-27,0.950,0.765,10.13,2,53,52,67,54,10
ever,2026-10-27,0.950,0.767,10.14,3,53,51,64,52,10
gaar,2026-10-27,0.941,0.767,9.95,2,78,30,67,54,10
jeff,2026-10-27,0.948,0.780,10.31,8,46,39,39,39,10
glba,2026-10-27,0.941,0.773,10.26,2,81,27,67,54,10
glac,2026-10-27,0.945,0.778,10.34,2,63,43,66,54,10
grca,2026-10-27,0.943,0.770,10.29,2,24,61,67,54,10
grte,2026-10-27,0.945,0.777,10.34,2,56,50,66,54,10
grba,2026-10-27,0.943,0.772,10.31,2,27,60,67,54,10
grsa,2026-10-27,0.945,0.774,10.30,2,25,60,67,54,10
grsm,2026-10-27,0.950,0.779,10.28,3,49,52,64,51,10
gumo,2026-10-27,0.945,0.768,10.24,2,26,60,67,54,10
hale,2026-10-27,0.936,0.723,10.06,2,49,56,69,55,10
havo,2026-10-27,0.936,0.721,10.04,3,49,54,66,54,10
hosp,2026-10-27,0.948,0.775,10.27,5,37,50,59,46,10
indu,2026-10-27,0.948,0.783,10.33,6,58,42,56,44,10
isro,2026-10-27,0.950,0.785,10.34,2,65,42,66,54,10
jotr,2026-10-27,0.943,0.767,10.26,3,18,60,64,52,10
katm,2026-10-27,0.941,0.768,10.26,2,85,24,67,54,10
kefj,2026-10-27,0.941,0.769,10.24,2,73,34,67,54,10
kica,2026-10-27,0.943,0.769,10.29,3,20,59,64,52,10
kova,2026-10-27,0.941,0.765,9.97,2,70,37,67,54,10
lacl,2026-10-27,0.941,0.768,10.22,2,84,24,67,54,10
lavo,2026-10-27,0.943,0.771,10.32,2,30,59,67,54,10
maca,2026-10-27,0.948,0.780,10.29,4,46,50,61,49,10
meve,2026-10-27,0.945,0.773,10.30,3,28,57,64,52,10
mora,2026-10-27,0.943,0.775,10.35,3,65,42,64,52,10
npsa,2026-10-27,0.933,0.640,8.96,3,58,48,68,55,10
neri,2026-10-27,0.950,0.782,10.30,3,51,51,64,51,10
noca,2026-10-27,0.943,0.776,10.35,2,71,36,66,54,10
olym,2026-10-27,0.943,0.775,10.35,3,69,38,64,52,10
pefo,2026-10-27,0.943,0.770,10.27,2,23,61,67,54,10
pinn,2026-10-27,0.943,0.768,10.29,3,29,57,64,52,10
redw,2026-10-27,0.943,0.771,10.33,3,42,54,64,52,10
romo,2026-10-27,0.945,0.776,10.32,2,37,57,66,54,10
sagu,2026-10-27,0.943,0.766,10.24,5,20,54,59,47,10
sequ,2026-10-27,0.943,0.769,10.29,3,20,59,64,52,10
shen,2026-10-27,0.950,0.783,10.30,3,47,52,64,51,10
thro,2026-10-27,0.945,0.780,10.34,2,49,54,66,54,10
viis,2026-10-27,0.950,0.760,10.01,3,55,51,65,52,10
voya,2026-10-27,0.948,0.784,10.34,2,67,40,66,54,10
whsa,2026-10-27,0.945,0.769,10.25,3,27,58,64,52,10
wica,2026-10-27,0.945,0.779,10.34,2,39,57,66,54,10
wrst,2026-10-27,0.941,0.771,10.20,2,79,29,67,54,10
yell,2026-10-27,0.945,0.777,10.34,2,55,51,66,54,10
yose,2026-10-27,0.943,0.770,10.30,3,23,58,64,52,10
zion,2026-10-27,0.945,0.771,10.30,3,23,58,64,52,10
acad,2026-10-28,0.885,0.668,10.38,3,55,51,68,55,10
arch,2026-10-28,0.879,0.630,10.34,3,30,62,70,55,10
badl,2026-10-28,0.879,0.650,10.38,2,39,62,71,55,10
bibe,2026-10-28,0.882,0.607,10.23,2,27,66,73,55,10
bisc,2026-10-28,0.885,0.608,10.16,5,56,50,66,53,10
blca,2026-10-28,0.879,0.631,10.34,2,31,65,72,55,10
brca,2026-10-28,0.879,0.626,10.33,2,26,66,72,55,10
cany,2026-10-28,0.879,0.629,10.34,2,28,65,72,55,10
care,2026-10-28,0.879,0.628,10.34,2,27,66,72,55,10
cave,2026-10-28,0.879,0.614,10.27,2,28,66,73,55,10
chis,2026-10-28,0.876,0.612,10.29,2,28,66,73,55,10
cong,2026-10-28,0.885,0.629,10.29,4,40,57,67,55,10
crla,2026-10-28,0.876,0.639,10.38,2,53,52,72,55,10
cuva,2026-10-28,0.885,0.651,10.36,6,60,46,59,49,10
deva,2026-10-28,0.876,0.621,10.32,2,19,68,73,55,10
dena,2026-10-28,0.872,0.670,10.23,2,78,30,71,55,10
drto,2026-10-28,0.885,0.605,10.15,2,53,52,73,55,10
ever,2026-10-28,0.885,0.607,10.16,3,53,52,71,55,10
gaar,2026-10-28,0.872,0.671,10.06,2,78,30,71,55,10
jeff,2026-10-28,0.882,0.639,10.34,8,46,39,39,39,10
glba,2026-10-28,0.872,0.671,10.33,2,81,27,71,55,10
glac,2026-10-28,0.879,0.662,10.39,2,63,43,71,55,10
grca,2026-10-28,0.876,0.621,10.32,2,24,67,73,55,10
grte,2026-10-28,0.879,0.647,10.38,2,56,50,72,55,10
grba,2026-10-28,0.876,0.629,10.35,2,27,66,72,55,10
grsa,2026-10-28,0.879,0.629,10.33,2,25,66,72,55,10
grsm,2026-10-28,0.885,0.632,10.31,3,49,56,70,55,10
gumo,2026-10-28,0.879,0.613,10.26,2,26,66,73,55,10
hale,2026-10-28,0.865,0.565,10.08,2,49,56,75,55,10
havo,2026-10-28,0.865,0.562,10.05,3,49,56,73,55,10
hosp,2026-10-28,0.882,0.625,10.30,5,37,56,65,52,10
indu,2026-10-28,0.882,0.650,10.36,6,58,47,59,49,10
isro,2026-10-28,0.885,0.670,10.39,2,65,42,71,55,10
jotr,2026-10-28,0.876,0.614,10.29,3,18,66,70,55,10
katm,2026-10-28,0.872,0.665,10.34,2,85,24,71,55,10
kefj,2026-10-28,0.872,0.668,10.31,2,73,34,71,55,10
kica,2026-10-28,0.876,0.621,10.33,3,20,65,70,55,10
kova,2026-10-28,0.872,0.669,10.08,2,70,37,71,55,10
lacl,2026-10-28,0.872,0.667,10.30,2,84,24,71,55,10
lavo,2026-10-28,0.876,0.631,10.36,2,30,65,72,55,10
maca,2026-10-28,0.882,0.636,10.33,4,46,56,67,55,10
meve,2026-10-28,0.879,0.626,10.33,3,28,63,70,55,10
mora,2026-10-28,0.876,0.654,10.39,3,65,42,69,55,10
npsa,2026-10-28,0.862,0.475,8.95,3,58,48,74,55,10
neri,2026-10-28,0.885,0.640,10.33,3,51,54,69,55,10
noca,2026-10-28,0.876,0.659,10.40,2,71,36,71,55,10
olym,2026-10-28,0.876,0.656,10.39,3,69,38,69,55,10
pefo,2026-10-28,0.876,0.619,10.30,2,23,67,73,55,10
pinn,2026-10-28,0.876,0.619,10.32,3,29,63,70,55,10
redw,2026-10-28,0.876,0.633,10.37,3,42,59,70,55,10
romo,2026-10-28,0.879,0.637,10.36,2,37,63,72,55,10
sagu,2026-10-28,0.876,0.611,10.27,5,20,61,66,53,10
sequ,2026-10-28,0.876,0.620,10.32,3,20,65,70,55,10
shen,2026-10-28,0.885,0.643,10.34,3,47,58,69,55,10
thro,2026-10-28,0.879,0.662,10.39,2,49,56,71,55,10
viis,2026-10-28,0.885,0.598,10.03,3,55,51,71,55,10
voya,2026-10-28,0.882,0.669,10.39,2,67,40,71,55,10
whsa,2026-10-28,0.879,0.615,10.28,3,27,64,70,55,10
wica,2026-10-28,0.879,0.650,10.38,2,39,62,72,55,10
wrst,2026-10-28,0.872,0.671,10.28,2,79,29,71,55,10
yell,2026-10-28,0.879,0.650,10.38,2,55,51,71,55,10
yose,2026-10-28,0.876,0.623,10.34,3,23,64,70,55,10
zion,2026-10-28,0.879,0.625,10.33,3,23,64,70,55,10
acad,2026-10-29,0.799,0.513,10.42,3,55,51,74,55,10
arch,2026-10-29,0.791,0.479,10.38,3,30,68,76,55,10
badl,2026-10-29,0.791,0.497,10.42,2,39,65,78,55,10
bibe,2026-10-29,0.795,0.459,10.25,2,27,72,79,55,10
bisc,2026-10-29,0.799,0.459,10.18,5,56,50,72,55,10
blca,2026-10-29,0.791,0.480,10.38,2,31,71,78,55,10
brca,2026-10-29,0.791,0.475,10.36,2,26,72,78,55,10
cany,2026-10-29,0.791,0.478,10.37,2,28,71,78,55,10
care,2026-10-29,0.791,0.478,10.37,2,27,72,78,55,10
cave,2026-10-29,0.791,0.465,10.29,2,28,72,79,55,10
chis,2026-10-29,0.787,0.463,10.32,2,28,72,79,55,10
cong,2026-10-29,0.799,0.478,10.32,4,40,63,73,55,10
crla,2026-10-29,0.787,0.487,10.42,2,53,52,78,55,10
cuva,2026-10-29,0.799,0.498,10.40,6,60,46,59,55,10
deva,2026-10-29,0.787,0.470,10.35,2,19,74,79,55,10
dena,2026-10-29,0.783,0.559,10.32,2,78,30,75,55,10
drto,2026-10-29,0.799,0.457,10.17,2,53,52,79,55,10
ever,2026-10-29,0.799,0.459,10.18,3,53,52,77,55,10
gaar,2026-10-29,0.783,0.566,10.16,2,78,30,75,55,10
jeff,2026-10-29,0.795,0.487,10.37,8,46,39,39,39,10
glba,2026-10-29,0.783,0.550,10.40,2,81,27,76,55,10
glac,2026-10-29,0.791,0.510,10.44,2,63,43,77,55,10
grca,2026-10-29,0.787,0.471,10.35,2,24,73,79,55,10
grte,2026-10-29,0.791,0.494,10.42,2,56,50,78,55,10
grba,2026-10-29,0.787,0.478,10.38,2,27,72,78,55,10
grsa,2026-10-29,0.791,0.479,10.37,2,25,72,78,55,10
grsm,2026-10-29,0.799,0.482,10.34,3,49,56,76,55,10
gumo,2026-10-29,0.791,0.464,10.29,2,26,72,79,55,10
hale,2026-10-29,0.775,0.420,10.09,2,49,56,81,55,10
havo,2026-10-29,0.775,0.418,10.06,3,49,56,78,55,10
hosp,2026-10-29,0.795,0.475,10.33,5,37,62,71,55,10
indu,2026-10-29,0.795,0.497,10.40,6,58,48,59,55,10
isro,2026-10-29,0.799,0.518,10.44,2,65,42,77,55,10
jotr,2026-10-29,0.787,0.465,10.32,3,18,72,76,55,10
katm,2026-10-29,0.783,0.542,10.41,2,85,24,76,55,10
kefj,2026-10-29,0.783,0.548,10.39,2,73,34,76,55,10
kica,2026-10-29,0.787,0.471,10.36,3,20,71,76,55,10
kova,2026-10-29,0.783,0.563,10.18,2,70,37,75,55,10
lacl,2026-10-29,0.783,0.550,10.38,2,84,24,76,55,10
lavo,2026-10-29,0.787,0.480,10.40,2,30,71,78,55,10
maca,2026-10-29,0.795,0.485,10.36,4,46,59,73,55,10
meve,2026-10-29,0.791,0.476,10.36,3,28,69,76,55,10
mora,2026-10-29,0.787,0.500,10.44,3,65,42,75,55,10
npsa,2026-10-29,0.771,0.337,8.93,3,58,48,80,55,10
neri,2026-10-29,0.799,0.489,10.37,3,51,54,75,55,10
noca,2026-10-29,0.787,0.507,10.44,2,71,36,77,55,10
olym,2026-10-29,0.787,0.503,10.44,3,69,38,75,55,10
pefo,2026-10-29,0.787,0.470,10.33,2,23,73,79,55,10
pinn,2026-10-29,0.787,0.469,10.35,3,29,69,76,55,10
redw,2026-10-29,0.787,0.481,10.40,3,42,62,76,55,10
romo,2026-10-29,0.791,0.486,10.39,2,37,67,78,55,10
sagu,2026-10-29,0.787,0.463,10.30,5,20,66,71,55,10
sequ,2026-10-29,0.787,0.470,10.35,3,20,71,76,55,10
shen,2026-10-29,0.799,0.491,10.37,3,47,58,75,55,10
thro,2026-10-29,0.791,0.509,10.44,2,49,56,77,55,10
viis,2026-10-29,0.799,0.450,10.04,3,55,51,77,55,10
voya,2026-10-29,0.795,0.518,10.44,2,67,40,77,55,10
whsa,2026-10-29,0.791,0.466,10.30,3,27,70,76,55,10
wica,2026-10-29,0.791,0.496,10.42,2,39,65,78,55,10
wrst,2026-10-29,0.783,0.557,10.36,2,79,29,75,55,10
yell,2026-10-29,0.791,0.497,10.43,2,55,51,78,55,10
yose,2026-10-29,0.787,0.473,10.37,3,23,70,76,55,10
zion,2026-10-29,0.791,0.474,10.36,3,23,70,76,55,10
acad,2026-10-30,0.697,0.370,10.46,3,55,51,80,55,10
arch,2026-10-30,0.689,0.343,10.41,3,30,73,81,55,10
badl,2026-10-30,0.689,0.356,10.46,2,39,65,83,55,10
bibe,2026-10-30,0.693,0.327,10.27,2,27,76,84,55,10
bisc,2026-10-30,0.697,0.328,10.20,5,56,50,74,55,10
blca,2026-10-30,0.689,0.343,10.41,2,31,72,84,55,10
brca,2026-10-30,0.689,0.339,10.40,2,26,77,84,55,10
cany,2026-10-30,0.689,0.341,10.40,2,28,75,84,55,10
care,2026-10-30,0.689,0.341,10.41,2,27,76,84,55,10
cave,2026-10-30,0.689,0.332,10.32,2,28,75,84,55,10
chis,2026-10-30,0.684,0.330,10.35,2,28,75,84,55,10
cong,2026-10-30,0.697,0.343,10.34,4,40,64,79,55,10
crla,2026-10-30,0.684,0.347,10.46,2,53,52,84,55,10
cuva,2026-10-30,0.697,0.358,10.44,6,60,46,59,55,10
deva,2026-10-30,0.684,0.335,10.38,2,19,79,84,55,10
dena,2026-10-30,0.680,0.418,10.40,2,78,30,81,55,10
drto,2026-10-30,0.697,0.326,10.19,2,53,52,84,55,10
ever,2026-10-30,0.697,0.328,10.20,3,53,52,82,55,10
gaar,2026-10-30,0.680,0.444,10.27,2,78,30,80,55,10
jeff,2026-10-30,0.693,0.349,10.41,8,46,39,39,39,10
glba,2026-10-30,0.680,0.394,10.47,2,81,27,82,55,10
glac,2026-10-30,0.689,0.365,10.49,2,63,43,83,55,10
grca,2026-10-30,0.684,0.336,10.38,2,24,78,84,55,10
grte,2026-10-30,0.689,0.353,10.46,2,56,50,83,55,10
grba,2026-10-30,0.684,0.341,10.41,2,27,76,84,55,10
grsa,2026-10-30,0.689,0.342,10.40,2,25,78,84,55,10
grsm,2026-10-30,0.697,0.345,10.37,3,49,56,81,55,10
gumo,2026-10-30,0.689,0.331,10.32,2,26,77,84,55,10
hale,2026-10-30,0.670,0.296,10.11,2,49,56,86,55,10
havo,2026-10-30,0.670,0.294,10.08,3,49,56,83,55,10
hosp,2026-10-30,0.693,0.340,10.35,5,37,67,74,55,10
indu,2026-10-30,0.693,0.357,10.44,6,58,48,59,55,10
isro,2026-10-30,0.697,0.372,10.49,2,65,42,83,55,10
jotr,2026-10-30,0.684,0.331,10.35,3,18,77,82,55,10
katm,2026-10-30,0.680,0.386,10.48,2,85,24,82,55,10
kefj,2026-10-30,0.680,0.394,10.46,2,73,34,82,55,10
kica,2026-10-30,0.684,0.336,10.39,3,20,77,82,55,10
kova,2026-10-30,0.680,0.440,10.29,2,70,37,80,55,10
lacl,2026-10-30,0.680,0.397,10.45,2,84,24,82,55,10
lavo,2026-10-30,0.684,0.342,10.43,2,30,73,84,55,10
maca,2026-10-30,0.693,0.348,10.39,4,46,59,79,55,10
meve,2026-10-30,0.689,0.340,10.39,3,28,74,81,55,10
mora,2026-10-30,0.684,0.357,10.48,3,65,42,81,55,10
npsa,2026-10-30,0.666,0.227,8.91,3,58,48,84,55,10
neri,2026-10-30,0.697,0.351,10.40,3,51,54,81,55,10
noca,2026-10-30,0.684,0.362,10.49,2,71,36,83,55,10
olym,2026-10-30,0.684,0.359,10.49,3,69,38,81,55,10
pefo,2026-10-30,0.684,0.335,10.36,2,23,78,84,55,10
pinn,2026-10-30,0.684,0.334,10.38,3,29,74,82,55,10
redw,2026-10-30,0.684,0.343,10.44,3,42,62,81,55,10
romo,2026-10-30,0.689,0.347,10.43,2,37,67,84,55,10
sagu,2026-10-30,0.684,0.330,10.32,5,20,72,74,55,10
sequ,2026-10-30,0.684,0.335,10.38,3,20,77,82,55,10
shen,2026-10-30,0.697,0.353,10.40,3,47,58,81,55,10
thro,2026-10-30,0.689,0.365,10.48,2,49,56,83,55,10
viis,2026-10-30,0.697,0.321,10.05,3,55,51,82,55,10
voya,2026-10-30,0.693,0.372,10.49,2,67,40,83,55,10
whsa,2026-10-30,0.689,0.332,10.33,3,27,75,82,55,10
wica,2026-10-30,0.689,0.355,10.46,2,39,65,83,55,10
wrst,2026-10-30,0.680,0.408,10.44,2,79,29,81,55,10
yell,2026-10-30,0.689,0.355,10.47,2,55,51,83,55,10
yose,2026-10-30,0.684,0.337,10.40,3,23,76,82,55,10
zion,2026-10-30,0.689,0.338,10.39,3,23,76,81,55,10
acad,2026-10-31,0.587,0.247,10.50,3,55,51,85,55,10
arch,2026-10-31,0.578,0.226,10.44,3,30,73,86,55,10
badl,2026-10-31,0.578,0.235,10.50,2,39,65,88,55,10
bibe,2026-10-31,0.582,0.217,10.29,2,27,76,89,55,10
bisc,2026-10-31,0.587,0.219,10.22,5,56,50,74,55,10
blca,2026-10-31,0.578,0.227,10.44,2,31,72,88,55,10
brca,2026-10-31,0.578,0.224,10.43,2,26,77,89,55,10
cany,2026-10-31,0.578,0.226,10.44,2,28,75,88,55,10
care,2026-10-31,0.578,0.225,10.44,2,27,76,88,55,10
cave,2026-10-31,0.578,0.220,10.34,2,28,75,89,55,10
chis,2026-10-31,0.573,0.218,10.38,2,28,75,89,55,10
cong,2026-10-31,0.587,0.229,10.37,4,40,64,83,55,10
crla,2026-10-31,0.573,0.229,10.49,2,53,52,88,55,10
cuva,2026-10-31,0.587,0.238,10.47,6,60,46,59,55,10
deva,2026-10-31,0.573,0.222,10.41,2,19,83,89,55,10
dena,2026-10-31,0.568,0.264,10.49,2,78,30,87,55,10
drto,2026-10-31,0.587,0.217,10.20,2,53,52,89,55,10
ever,2026-10-31,0.587,0.218,10.22,3,53,52,86,55,10
gaar,2026-10-31,0.568,0.287,10.37,2,78,30,86,55,10
jeff,2026-10-31,0.582,0.232,10.44,8,46,39,39,39,10
glba,2026-10-31,0.568,0.254,10.54,2,81,27,87,55,10
glac,2026-10-31,0.578,0.240,10.54,2,63,43,88,55,10
grca,2026-10-31,0.573,0.222,10.41,2,24,78,89,55,10
grte,2026-10-31,0.578,0.233,10.50,2,56,50,88,55,10
grba,2026-10-31,0.573,0.225,10.45,2,27,76,88,55,10
grsa,2026-10-31,0.578,0.226,10.43,2,25,78,88,55,10
grsm,2026-10-31,0.587,0.230,10.40,3,49,56,86,55,10
gumo,2026-10-31,0.578,0.219,10.34,2,26,77,89,55,10
hale,2026-10-31,0.559,0.193,10.12,2,49,56,90,55,10
havo,2026-10-31,0.559,0.192,10.09,3,49,56,87,55,10
hosp,2026-10-31,0.582,0.226,10.38,5,37,67,74,55,10
indu,2026-10-31,0.582,0.237,10.48,6,58,48,59,55,10
isro,2026-10-31,0.587,0.247,10.53,2,65,42,88,55,10
jotr,2026-10-31,0.573,0.219,10.37,3,18,82,86,55,10
katm,2026-10-31,0.568,0.247,10.55,2,85,24,88,55,10
kefj,2026-10-31,0.568,0.252,10.54,2,73,34,87,55,10
kica,2026-10-31,0.573,0.222,10.42,3,20,81,86,55,10
kova,2026-10-31,0.568,0.282,10.39,2,70,37,86,55,10
lacl,2026-10-31,0.568,0.253,10.53,2,84,24,87,55,10
lavo,2026-10-31,0.573,0.225,10.47,2,30,73,88,55,10
maca,2026-10-31,0.582,0.231,10.42,4,46,59,83,55,10
meve,2026-10-31,0.578,0.225,10.42,3,28,75,86,55,10
mora,2026-10-31,0.573,0.234,10.53,3,65,42,86,55,10
npsa,2026-10-31,0.554,0.143,8.90,3,58,48,88,55,10
neri,2026-10-31,0.587,0.234,10.43,3,51,54,86,55,10
noca,2026-10-31,0.573,0.238,10.54,2,71,36,88,55,10
olym,2026-10-31,0.573,0.235,10.54,3,69,38,86,55,10
pefo,2026-10-31,0.573,0.222,10.39,2,23,79,89,55,10
pinn,2026-10-31,0.573,0.220,10.41,3,29,74,86,55,10
redw,2026-10-31,0.573,0.226,10.48,3,42,62,86,55,10
romo,2026-10-31,0.578,0.230,10.46,2,37,67,88,55,10
sagu,2026-10-31,0.573,0.218,10.35,5,20,74,74,55,10
sequ,2026-10-31,0.573,0.221,10.41,3,20,81,86,55,10
shen,2026-10-31,0.587,0.235,10.44,3,47,58,86,55,10
thro,2026-10-31,0.578,0.241,10.53,2,49,56,88,55,10
viis,2026-10-31,0.587,0.214,10.06,3,55,51,86,55,10
voya,2026-10-31,0.582,0.246,10.54,2,67,40,88,55,10
whsa,2026-10-31,0.578,0.220,10.36,3,27,76,86,55,10
wica,2026-10-31,0.578,0.235,10.50,2,39,65,88,55,10
wrst,2026-10-31,0.568,0.260,10.52,2,79,29,87,55,10
yell,2026-10-31,0.578,0.234,10.51,2,55,51,88,55,10
yose,2026-10-31,0.573,0.223,10.43,3,23,79,86,55,10
zion,2026-10-31,0.578,0.224,10.42,3,23,79,86,55,10
acad,2026-11-01,0.469,0.149,10.54,3,55,51,89,55,10
arch,2026-11-01,0.460,0.135,10.48,3,33,70,89,55,10
badl,2026-11-01,0.460,0.140,10.54,2,46,59,92,55,10
bibe,2026-11-01,0.465,0.130,10.32,2,34,69,92,55,10
bisc,2026-11-01,0.469,0.133,10.24,5,49,56,74,55,10
blca,2026-11-01,0.460,0.135,10.47,2,35,69,92,55,10
brca,2026-11-01,0.460,0.134,10.46,2,30,73,92,55,10
cany,2026-11-01,0.460,0.135,10.47,2,31,72,92,55,10
care,2026-11-01,0.460,0.135,10.47,2,30,73,92,55,10
cave,2026-11-01,0.460,0.132,10.37,2,34,69,92,55,10
chis,2026-11-01,0.456,0.130,10.40,2,33,70,92,55,10
cong,2026-11-01,0.469,0.138,10.40,4,49,56,84,55,10
crla,2026-11-01,0.456,0.135,10.53,2,69,38,92,55,10
cuva,2026-11-01,0.469,0.143,10.51,6,64,42,59,55,10
deva,2026-11-01,0.456,0.132,10.44,2,26,77,92,55,10
dena,2026-11-01,0.451,0.146,10.57,2,69,38,92,55,10
drto,2026-11-01,0.469,0.131,10.22,2,41,63,92,55,10
ever,2026-11-01,0.469,0.132,10.24,3,42,62,89,55,10
gaar,2026-11-01,0.451,0.154,10.48,2,77,31,91,55,10
jeff,2026-11-01,0.465,0.139,10.47,8,50,39,39,39,10
glba,2026-11-01,0.451,0.145,10.61,2,81,27,92,55,10
glac,2026-11-01,0.460,0.141,10.59,2,81,27,92,55,10
grca,2026-11-01,0.460,0.133,10.44,2,28,75,92,55,10
grte,2026-11-01,0.460,0.138,10.54,2,74,33,92,55,10
grba,2026-11-01,0.456,0.134,10.48,2,35,69,92,55,10
grsa,2026-11-01,0.460,0.135,10.46,2,27,76,92,55,10
grsm,2026-11-01,0.469,0.139,10.43,3,56,50,89,55,10
gumo,2026-11-01,0.460,0.132,10.37,2,32,71,92,55,10
hale,2026-11-01,0.446,0.114,10.13,2,52,53,93,55,10
havo,2026-11-01,0.446,0.114,10.10,3,48,57,89,55,10
hosp,2026-11-01,0.465,0.136,10.41,5,45,60,74,55,10
indu,2026-11-01,0.465,0.142,10.51,6,65,42,59,55,10
isro,2026-11-01,0.469,0.147,10.58,2,78,30,92,55,10
jotr,2026-11-01,0.456,0.131,10.40,3,25,78,89,55,10
katm,2026-11-01,0.451,0.140,10.62,2,83,25,92,55,10
kefj,2026-11-01,0.451,0.142,10.61,2,66,41,92,55,10
kica,2026-11-01,0.456,0.132,10.45,3,34,69,89,55,10
kova,2026-11-01,0.451,0.151,10.49,2,64,42,91,55,10
lacl,2026-11-01,0.451,0.142,10.60,2,82,26,92,55,10
lavo,2026-11-01,0.456,0.134,10.50,2,52,53,92,55,10
maca,2026-11-01,0.465,0.139,10.45,4,55,51,84,55,10
meve,2026-11-01,0.460,0.134,10.45,3,31,72,89,55,10
mora,2026-11-01,0.456,0.138,10.57,3,78,30,89,55,10
npsa,2026-11-01,0.442,0.082,8.88,3,66,41,89,55,10
neri,2026-11-01,0.469,0.141,10.46,3,57,49,89,55,10
noca,2026-11-01,0.456,0.139,10.59,2,83,25,92,55,10
olym,2026-11-01,0.456,0.138,10.58,3,79,29,89,55,10
pefo,2026-11-01,0.460,0.133,10.42,2,29,74,92,55,10
pinn,2026-11-01,0.456,0.131,10.44,3,41,63,89,55,10
redw,2026-11-01,0.456,0.134,10.51,3,58,48,89,55,10
romo,2026-11-01,0.460,0.137,10.50,2,45,60,92,55,10
sagu,2026-11-01,0.460,0.131,10.37,5,30,73,74,55,10
sequ,2026-11-01,0.456,0.132,10.44,3,33,70,89,55,10
shen,2026-11-01,0.469,0.142,10.47,3,48,57,89,55,10
thro,2026-11-01,0.460,0.142,10.57,2,54,51,92,55,10
viis,2026-11-01,0.474,0.131,10.07,3,50,55,89,55,10
voya,2026-11-01,0.465,0.146,10.58,2,80,28,92,55,10
whsa,2026-11-01,0.460,0.132,10.38,3,31,72,89,55,10
wica,2026-11-01,0.460,0.140,10.54,2,45,60,92,55,10
wrst,2026-11-01,0.451,0.146,10.59,2,75,33,92,55,10
yell,2026-11-01,0.460,0.139,10.55,2,70,37,92,55,10
yose,2026-11-01,0.456,0.132,10.46,3,41,63,89,55,10
zion,2026-11-01,0.460,0.133,10.46,3,28,75,89,55,10
acad,2026-11-02,0.360,0.077,10.58,3,55,51,89,55,10
arch,2026-11-02,0.352,0.070,10.51,3,33,70,89,55,10
badl,2026-11-02,0.352,0.072,10.58,2,46,59,95,55,10
bibe,2026-11-02,0.356,0.068,10.34,2,34,69,95,55,10
bisc,2026-11-02,0.360,0.070,10.26,5,49,56,74,55,10
blca,2026-11-02,0.352,0.070,10.51,2,35,69,95,55,10
brca,2026-11-02,0.352,0.069,10.49,2,30,73,95,55,10
cany,2026-11-02,0.352,0.070,10.50,2,31,72,95,55,10
care,2026-11-02,0.352,0.069,10.50,2,30,73,95,55,10
cave,2026-11-02,0.352,0.069,10.39,2,34,69,95,55,10
chis,2026-11-02,0.347,0.067,10.43,2,33,70,95,55,10
cong,2026-11-02,0.360,0.073,10.42,4,49,56,84,55,10
crla,2026-11-02,0.347,0.069,10.57,2,69,38,95,55,10
cuva,2026-11-02,0.360,0.074,10.54,6,64,42,59,55,10
deva,2026-11-02,0.347,0.068,10.47,2,26,77,95,55,10
dena,2026-11-02,0.343,0.067,10.66,2,69,38,95,55,10
drto,2026-11-02,0.360,0.070,10.24,2,41,63,95,55,10
ever,2026-11-02,0.360,0.070,10.25,3,42,62,89,55,10
gaar,2026-11-02,0.343,0.067,10.58,2,77,31,95,55,10
jeff,2026-11-02,0.356,0.073,10.50,8,50,39,39,39,10
glba,2026-11-02,0.343,0.069,10.68,2,81,27,95,55,10
glac,2026-11-02,0.352,0.071,10.63,2,81,27,95,55,10
grca,2026-11-02,0.352,0.069,10.46,2,28,75,95,55,10
grte,2026-11-02,0.352,0.071,10.58,2,74,33,95,55,10
grba,2026-11-02,0.347,0.069,10.51,2,35,69,95,55,10
grsa,2026-11-02,0.352,0.070,10.49,2,27,76,95,55,10
grsm,2026-11-02,0.360,0.073,10.45,3,56,50,89,55,10
gumo,2026-11-02,0.352,0.069,10.39,2,32,71,95,55,10
hale,2026-11-02,0.339,0.059,10.15,2,52,53,95,55,10
havo,2026-11-02,0.339,0.058,10.11,3,48,57,89,55,10
hosp,2026-11-02,0.356,0.071,10.44,5,45,60,74,55,10
indu,2026-11-02,0.356,0.074,10.55,6,65,42,59,55,10
isro,2026-11-02,0.360,0.075,10.62,2,78,30,95,55,10
jotr,2026-11-02,0.347,0.068,10.43,3,25,78,89,55,10
katm,2026-11-02,0.343,0.066,10.68,2,83,25,95,55,10
kefj,2026-11-02,0.343,0.067,10.68,2,66,41,95,55,10
kica,2026-11-02,0.347,0.068,10.48,3,34,69,89,55,10
kova,2026-11-02,0.343,0.066,10.59,2,64,42,95,55,10
lacl,2026-11-02,0.343,0.066,10.68,2,82,26,95,55,10
lavo,2026-11-02,0.347,0.068,10.54,2,52,53,95,55,10
maca,2026-11-02,0.356,0.073,10.48,4,55,51,84,55,10
meve,2026-11-02,0.352,0.070,10.48,3,31,72,89,55,10
mora,2026-11-02,0.347,0.069,10.62,3,78,30,89,55,10
npsa,2026-11-02,0.334,0.041,8.87,3,66,41,89,55,10
neri,2026-11-02,0.360,0.074,10.49,3,57,49,89,55,10
noca,2026-11-02,0.347,0.070,10.63,2,83,25,95,55,10
olym,2026-11-02,0.347,0.069,10.63,3,79,29,89,55,10
pefo,2026-11-02,0.352,0.069,10.45,2,29,74,95,55,10
pinn,2026-11-02,0.347,0.068,10.47,3,41,63,89,55,10
redw,2026-11-02,0.347,0.068,10.55,3,58,48,89,55,10
romo,2026-11-02,0.352,0.071,10.53,2,45,60,95,55,10
sagu,2026-11-02,0.352,0.068,10.40,5,30,73,74,55,10
sequ,2026-11-02,0.347,0.068,10.47,3,33,70,89,55,10
shen,2026-11-02,0.360,0.074,10.50,3,48,57,89,55,10
thro,2026-11-02,0.352,0.072,10.62,2,54,51,95,55,10
viis,2026-11-02,0.365,0.070,10.09,3,50,55,89,55,10
voya,2026-11-02,0.356,0.074,10.63,2,80,28,95,55,10
whsa,2026-11-02,0.352,0.069,10.41,3,31,72,89,55,10
wica,2026-11-02,0.352,0.072,10.58,2,45,60,95,55,10
wrst,2026-11-02,0.343,0.068,10.67,2,75,33,95,55,10
yell,2026-11-02,0.352,0.071,10.59,2,70,37,95,55,10
yose,2026-11-02,0.347,0.068,10.49,3,41,63,89,55,10
zion,2026-11-02,0.352,0.069,10.49,3,28,75,89,55,10
acad,2026-11-03,0.260,0.032,10.62,3,55,51,89,55,10
arch,2026-11-03,0.252,0.029,10.54,3,33,70,89,55,10
badl,2026-11-03,0.252,0.029,10.62,2,46,59,96,55,10
bibe,2026-11-03,0.256,0.029,10.36,2,34,69,96,55,10
bisc,2026-11-03,0.260,0.031,10.27,5,49,56,74,55,10
blca,2026-11-03,0.252,0.029,10.54,2,35,69,96,55,10
brca,2026-11-03,0.252,0.029,10.52,2,30,73,96,55,10
cany,2026-11-03,0.252,0.029,10.53,2,31,72,96,55,10
care,2026-11-03,0.252,0.029,10.53,2,30,73,96,55,10
cave,2026-11-03,0.252,0.029,10.42,2,34,69,96,55,10
chis,2026-11-03,0.248,0.028,10.46,2,33,70,96,55,10
cong,2026-11-03,0.260,0.031,10.45,4,49,56,84,55,10
crla,2026-11-03,0.248,0.028,10.61,2,69,38,96,55,10
cuva,2026-11-03,0.260,0.031,10.58,6,64,42,59,55,10
deva,2026-11-03,0.248,0.028,10.50,2,26,77,96,55,10
dena,2026-11-03,0.244,0.022,10.74,2,69,38,97,55,10
drto,2026-11-03,0.260,0.030,10.25,2,41,63,96,55,10
ever,2026-11-03,0.260,0.031,10.27,3,42,62,89,55,10
gaar,2026-11-03,0.244,0.021,10.68,2,77,31,97,55,10
jeff,2026-11-03,0.256,0.030,10.54,8,50,39,39,39,10
glba,2026-11-03,0.244,0.025,10.75,2,81,27,97,55,10
glac,2026-11-03,0.252,0.028,10.68,2,81,27,96,55,10
grca,2026-11-03,0.252,0.029,10.49,2,28,75,96,55,10
grte,2026-11-03,0.252,0.029,10.62,2,74,33,96,55,10
grba,2026-11-03,0.248,0.028,10.54,2,35,69,96,55,10
grsa,2026-11-03,0.252,0.029,10.52,2,27,76,96,55,10
grsm,2026-11-03,0.260,0.031,10.48,3,56,50,89,55,10
gumo,2026-11-03,0.252,0.029,10.41,2,32,71,96,55,10
hale,2026-11-03,0.241,0.024,10.16,2,52,53,97,55,10
havo,2026-11-03,0.241,0.024,10.13,3,48,57,89,55,10
hosp,2026-11-03,0.256,0.030,10.46,5,45,60,74,55,10
indu,2026-11-03,0.256,0.031,10.58,6,65,42,59,55,10
isro,2026-11-03,0.260,0.030,10.67,2,78,30,96,55,10
jotr,2026-11-03,0.248,0.028,10.45,3,25,78,89,55,10
katm,2026-11-03,0.244,0.023,10.75,2,83,25,97,55,10
kefj,2026-11-03,0.244,0.023,10.75,2,66,41,97,55,10
kica,2026-11-03,0.248,0.028,10.51,3,34,69,89,55,10
kova,2026-11-03,0.244,0.020,10.69,2,64,42,97,55,10
lacl,2026-11-03,0.244,0.023,10.75,2,82,26,97,55,10
lavo,2026-11-03,0.248,0.028,10.57,2,52,53,96,55,10
maca,2026-11-03,0.256,0.031,10.51,4,55,51,84,55,10
meve,2026-11-03,0.252,0.029,10.51,3,31,72,89,55,10
mora,2026-11-03,0.248,0.028,10.66,3,78,30,89,55,10
npsa,2026-11-03,0.237,0.016,8.85,3,66,41,89,55,10
neri,2026-11-03,0.260,0.031,10.52,3,57,49,89,55,10
noca,2026-11-03,0.248,0.027,10.68,2,83,25,96,55,10
olym,2026-11-03,0.248,0.027,10.67,3,79,29,89,55,10
pefo,2026-11-03,0.252,0.029,10.47,2,29,74,96,55,10
pinn,2026-11-03,0.248,0.028,10.50,3,41,63,89,55,10
redw,2026-11-03,0.248,0.028,10.58,3,58,48,89,55,10
romo,2026-11-03,0.252,0.029,10.57,2,45,60,96,55,10
sagu,2026-11-03,0.252,0.029,10.42,5,30,73,74,55,10
sequ,2026-11-03,0.248,0.028,10.50,3,33,70,89,55,10
shen,2026-11-03,0.260,0.031,10.53,3,48,57,89,55,10
thro,2026-11-03,0.252,0.029,10.66,2,54,51,96,55,10
viis,2026-11-03,0.264,0.031,10.10,3,50,55,89,55,10
voya,2026-11-03,0.256,0.030,10.67,2,80,28,96,55,10
whsa,2026-11-03,0.252,0.029,10.43,3,31,72,89,55,10
wica,2026-11-03,0.252,0.029,10.61,2,45,60,96,55,10
wrst,2026-11-03,0.244,0.023,10.74,2,75,33,97,55,10
yell,2026-11-03,0.252,0.029,10.63,2,70,37,96,55,10
yose,2026-11-03,0.248,0.028,10.53,3,41,63,89,55,10
zion,2026-11-03,0.252,0.029,10.52,3,28,75,89,55,10
acad,2026-11-04,0.172,0.009,10.66,3,55,51,89,55,10
arch,2026-11-04,0.166,0.008,10.57,3,33,70,89,55,10
badl,2026-11-04,0.166,0.008,10.65,2,46,59,97,55,10
bibe,2026-11-04,0.169,0.009,10.38,2,34,69,97,55,10
bisc,2026-11-04,0.172,0.010,10.29,5,49,56,74,55,10
blca,2026-11-04,0.166,0.008,10.57,2,35,69,97,55,10
brca,2026-11-04,0.166,0.008,10.55,2,30,73,97,55,10
cany,2026-11-04,0.166,0.008,10.56,2,31,72,97,55,10
care,2026-11-04,0.166,0.008,10.56,2,30,73,97,55,10
cave,2026-11-04,0.166,0.009,10.44,2,34,69,97,55,10
chis,2026-11-04,0.163,0.008,10.48,2,33,70,97,55,10
cong,2026-11-04,0.172,0.010,10.47,4,49,56,84,55,10
crla,2026-11-04,0.163,0.008,10.64,2,69,38,97,55,10
cuva,2026-11-04,0.172,0.009,10.61,6,64,42,59,55,10
deva,2026-11-04,0.163,0.008,10.53,2,26,77,97,55,10
dena,2026-11-04,0.159,0.004,10.82,2,69,38,97,55,10
drto,2026-11-04,0.172,0.010,10.27,2,41,63,97,55,10
ever,2026-11-04,0.172,0.010,10.29,3,42,62,89,55,10
gaar,2026-11-04,0.159,0.003,10.78,2,77,31,97,55,10
jeff,2026-11-04,0.169,0.009,10.57,8,50,39,39,39,10
glba,2026-11-04,0.159,0.005,10.81,2,81,27,97,55,10
glac,2026-11-04,0.166,0.007,10.72,2,81,27,97,55,10
grca,2026-11-04,0.166,0.008,10.52,2,28,75,97,55,10
grte,2026-11-04,0.166,0.008,10.66,2,74,33,97,55,10
grba,2026-11-04,0.163,0.008,10.58,2,35,69,97,55,10
grsa,2026-11-04,0.166,0.008,10.55,2,27,76,97,55,10
grsm,2026-11-04,0.172,0.009,10.51,3,56,50,89,55,10
gumo,2026-11-04,0.166,0.009,10.44,2,32,71,97,55,10
hale,2026-11-04,0.156,0.007,10.17,2,52,53,97,55,10
havo,2026-11-04,0.156,0.007,10.14,3,48,57,89,55,10
hosp,2026-11-04,0.169,0.009,10.49,5,45,60,74,55,10
indu,2026-11-04,0.169,0.009,10.62,6,65,42,59,55,10
isro,2026-11-04,0.172,0.008,10.71,2,78,30,97,55,10
jotr,2026-11-04,0.163,0.008,10.48,3,25,78,89,55,10
katm,2026-11-04,0.159,0.004,10.82,2,83,25,97,55,10
kefj,2026-11-04,0.159,0.004,10.82,2,66,41,97,55,10
kica,2026-11-04,0.163,0.008,10.54,3,34,69,89,55,10
kova,2026-11-04,0.159,0.002,10.79,2,64,42,97,55,10
lacl,2026-11-04,0.159,0.004,10.82,2,82,26,97,55,10
lavo,2026-11-04,0.163,0.008,10.60,2,52,53,97,55,10
maca,2026-11-04,0.169,0.009,10.54,4,55,51,84,55,10
meve,2026-11-04,0.166,0.008,10.54,3,31,72,89,55,10
mora,2026-11-04,0.163,0.007,10.70,3,78,30,89,55,10
npsa,2026-11-04,0.153,0.004,8.83,3,66,41,89,55,10
neri,2026-11-04,0.172,0.009,10.55,3,57,49,89,55,10
noca,2026-11-04,0.163,0.007,10.73,2,83,25,97,55,10
olym,2026-11-04,0.163,0.007,10.71,3,79,29,89,55,10
pefo,2026-11-04,0.166,0.008,10.50,2,29,74,97,55,10
pinn,2026-11-04,0.163,0.008,10.53,3,41,63,89,55,10
redw,2026-11-04,0.163,0.008,10.62,3,58,48,89,55,10
romo,2026-11-04,0.166,0.008,10.60,2,45,60,97,55,10
sagu,2026-11-04,0.166,0.008,10.44,5,30,73,74,55,10
sequ,2026-11-04,0.163,0.008,10.53,3,33,70,89,55,10
shen,2026-11-04,0.172,0.009,10.56,3,48,57,89,55,10
thro,2026-11-04,0.166,0.008,10.70,2,54,51,97,55,10
viis,2026-11-04,0.176,0.010,10.11,3,50,55,89,55,10
voya,2026-11-04,0.169,0.008,10.72,2,80,28,97,55,10
whsa,2026-11-04,0.166,0.009,10.46,3,31,72,89,55,10
wica,2026-11-04,0.166,0.008,10.65,2,45,60,97,55,10
wrst,2026-11-04,0.159,0.004,10.82,2,75,33,97,55,10
yell,2026-11-04,0.166,0.008,10.67,2,70,37,97,55,10
yose,2026-11-04,0.163,0.008,10.56,3,41,63,89,55,10
zion,2026-11-04,0.166,0.008,10.55,3,28,75,89,55,10
acad,2026-11-05,0.101,0.001,10.70,3,55,51,89,55,10
arch,2026-11-05,0.096,0.001,10.60,3,33,70,89,55,10
badl,2026-11-05,0.096,0.001,10.69,2,46,59,97,55,10
bibe,2026-11-05,0.098,0.001,10.40,2,34,69,97,55,10
bisc,2026-11-05,0.101,0.002,10.31,5,49,56,74,55,10
blca,2026-11-05,0.096,0.001,10.60,2,35,69,97,55,10
brca,2026-11-05,0.096,0.001,10.58,2,30,73,97,55,10
cany,2026-11-05,0.096,0.001,10.59,2,31,72,97,55,10
care,2026-11-05,0.096,0.001,10.59,2,30,73,97,55,10
cave,2026-11-05,0.096,0.001,10.47,2,34,69,97,55,10
chis,2026-11-05,0.093,0.001,10.51,2,33,70,97,55,10
cong,2026-11-05,0.101,0.001,10.50,4,49,56,84,55,10
crla,2026-11-05,0.093,0.001,10.68,2,69,38,97,55,10
cuva,2026-11-05,0.101,0.001,10.65,6,64,42,59,55,10
deva,2026-11-05,0.093,0.001,10.56,2,26,77,97,55,10
dena,2026-11-05,0.091,0.000,10.90,2,69,38,97,55,10
drto,2026-11-05,0.101,0.002,10.29,2,41,63,97,55,10
ever,2026-11-05,0.101,0.002,10.31,3,42,62,89,55,10
gaar,2026-11-05,0.091,0.000,10.88,2,77,31,98,55,10
jeff,2026-11-05,0.098,0.001,10.60,8,50,39,39,39,10
glba,2026-11-05,0.091,0.000,10.88,2,81,27,97,55,10
glac,2026-11-05,0.096,0.001,10.77,2,81,27,97,55,10
grca,2026-11-05,0.096,0.001,10.55,2,28,75,97,55,10
grte,2026-11-05,0.096,0.001,10.69,2,74,33,97,55,10
grba,2026-11-05,0.093,0.001,10.61,2,35,69,97,55,10
grsa,2026-11-05,0.096,0.001,10.58,2,27,76,97,55,10
grsm,2026-11-05,0.101,0.001,10.54,3,56,50,89,55,10
gumo,2026-11-05,0.096,0.001,10.46,2,32,71,97,55,10
hale,2026-11-05,0.088,0.001,10.19,2,52,53,97,55,10
havo,2026-11-05,0.088,0.001,10.15,3,48,57,89,55,10
hosp,2026-11-05,0.098,0.001,10.52,5,45,60,74,55,10
indu,2026-11-05,0.098,0.001,10.65,6,65,42,59,55,10
isro,2026-11-05,0.101,0.001,10.76,2,78,30,97,55,10
jotr,2026-11-05,0.093,0.001,10.50,3,25,78,89,55,10
katm,2026-11-05,0.091,0.000,10.88,2,83,25,97,55,10
kefj,2026-11-05,0.091,0.000,10.89,2,66,41,97,55,10
kica,2026-11-05,0.093,0.001,10.57,3,34,69,89,55,10
kova,2026-11-05,0.091,0.000,10.88,2,64,42,98,55,10
lacl,2026-11-05,0.091,0.000,10.89,2,82,26,97,55,10
lavo,2026-11-05,0.093,0.001,10.64,2,52,53,97,55,10
maca,2026-11-05,0.098,0.001,10.57,4,55,51,84,55,10
meve,2026-11-05,0.096,0.001,10.57,3,31,72,89,55,10
mora,2026-11-05,0.093,0.001,10.74,3,78,30,89,55,10
npsa,2026-11-05,0.086,0.000,8.82,3,66,41,89,55,10
neri,2026-11-05,0.101,0.001,10.58,3,57,49,89,55,10
noca,2026-11-05,0.093,0.001,10.77,2,83,25,97,55,10
olym,2026-11-05,0.093,0.001,10.76,3,79,29,89,55,10
pefo,2026-11-05,0.096,0.001,10.53,2,29,74,97,55,10
pinn,2026-11-05,0.093,0.001,10.56,3,41,63,89,55,10
redw,2026-11-05,0.093,0.001,10.65,3,58,48,89,55,10
romo,2026-11-05,0.096,0.001,10.63,2,45,60,97,55,10
sagu,2026-11-05,0.096,0.001,10.47,5,30,73,74,55,10
sequ,2026-11-05,0.093,0.001,10.56,3,33,70,89,55,10
shen,2026-11-05,0.101,0.001,10.59,3,48,57,89,55,10
thro,2026-11-05,0.096,0.001,10.75,2,54,51,97,55,10
viis,2026-11-05,0.103,0.002,10.12,3,50,55,89,55,10
voya,2026-11-05,0.098,0.001,10.76,2,80,28,97,55,10
whsa,2026-11-05,0.096,0.001,10.48,3,31,72,89,55,10
wica,2026-11-05,0.096,0.001,10.69,2,45,60,97,55,10
wrst,2026-11-05,0.091,0.000,10.89,2,75,33,97,55,10
yell,2026-11-05,0.096,0.001,10.71,2,70,37,97,55,10
yose,2026-11-05,0.093,0.001,10.59,3,41,63,89,55,10
zion,2026-11-05,0.096,0.001,10.57,3,28,75,89,55,10
acad,2026-11-06,0.047,0.000,10.74,3,55,51,89,55,10
arch,2026-11-06,0.044,0.000,10.63,3,33,70,89,55,10
badl,2026-11-06,0.044,0.000,10.73,2,46,59,98,55,10
bibe,2026-11-06,0.046,0.000,10.42,2,34,69,98,55,10
bisc,2026-11-06,0.047,0.000,10.33,5,49,56,74,55,10
blca,2026-11-06,0.044,0.000,10.63,2,35,69,98,55,10
brca,2026-11-06,0.044,0.000,10.61,2,30,73,98,55,10
cany,2026-11-06,0.044,0.000,10.62,2,31,72,98,55,10
care,2026-11-06,0.044,0.000,10.62,2,30,73,98,55,10
cave,2026-11-06,0.044,0.000,10.49,2,34,69,98,55,10
chis,2026-11-06,0.042,0.000,10.53,2,33,70,98,55,10
cong,2026-11-06,0.047,0.000,10.52,4,49,56,84,55,10
crla,2026-11-06,0.042,0.000,10.71,2,69,38,98,55,10
cuva,2026-11-06,0.047,0.000,10.68,6,64,42,59,55,10
deva,2026-11-06,0.042,0.000,10.59,2,26,77,98,55,10
dena,2026-11-06,0.040,0.000,10.97,2,69,38,98,55,10
drto,2026-11-06,0.047,0.000,10.30,2,41,63,97,55,10
ever,2026-11-06,0.047,0.000,10.32,3,42,62,89,55,10
gaar,2026-11-06,0.040,0.000,10.97,2,77,31,98,55,10
jeff,2026-11-06,0.046,0.000,10.63,8,50,39,39,39,10
glba,2026-11-06,0.040,0.000,10.94,2,81,27,98,55,10
glac,2026-11-06,0.044,0.000,10.81,2,81,27,98,55,10
grca,2026-11-06,0.044,0.000,10.58,2,28,75,98,55,10
grte,2026-11-06,0.044,0.000,10.73,2,74,33,98,55,10
grba,2026-11-06,0.042,0.000,10.64,2,35,69,98,55,10
grsa,2026-11-06,0.044,0.000,10.61,2,27,76,98,55,10
grsm,2026-11-06,0.047,0.000,10.56,3,56,50,89,55,10
gumo,2026-11-06,0.044,0.000,10.48,2,32,71,98,55,10
hale,2026-11-06,0.039,0.000,10.20,2,52,53,98,55,10
havo,2026-11-06,0.039,0.000,10.16,3,48,57,89,55,10
hosp,2026-11-06,0.046,0.000,10.54,5,45,60,74,55,10
indu,2026-11-06,0.046,0.000,10.69,6,65,42,59,55,10
isro,2026-11-06,0.047,0.000,10.80,2,78,30,98,55,10
jotr,2026-11-06,0.042,0.000,10.53,3,25,78,89,55,10
katm,2026-11-06,0.040,0.000,10.94,2,83,25,98,55,10
kefj,2026-11-06,0.040,0.000,10.95,2,66,41,98,55,10
kica,2026-11-06,0.042,0.000,10.59,3,34,69,89,55,10
kova,2026-11-06,0.040,0.000,10.98,2,64,42,98,55,10
lacl,2026-11-06,0.040,0.000,10.96,2,82,26,98,55,10
lavo,2026-11-06,0.042,0.000,10.67,2,52,53,98,55,10
maca,2026-11-06,0.046,0.000,10.60,4,55,51,84,55,10
meve,2026-11-06,0.044,0.000,10.60,3,31,72,89,55,10
mora,2026-11-06,0.042,0.000,10.78,3,78,30,89,55,10
npsa,2026-11-06,0.037,0.000,8.80,3,66,41,89,55,10
neri,2026-11-06,0.047,0.000,10.61,3,57,49,89,55,10
noca,2026-11-06,0.042,0.000,10.81,2,83,25,98,55,10
olym,2026-11-06,0.042,0.000,10.80,3,79,29,89,55,10
pefo,2026-11-06,0.044,0.000,10.55,2,29,74,98,55,10
pinn,2026-11-06,0.042,0.000,10.59,3,41,63,89,55,10
redw,2026-11-06,0.042,0.000,10.69,3,58,48,89,55,10
romo,2026-11-06,0.044,0.000,10.66,2,45,60,98,55,10
sagu,2026-11-06,0.044,0.000,10.49,5,30,73,74,55,10
sequ,2026-11-06,0.042,0.000,10.59,3,33,70,89,55,10
shen,2026-11-06,0.047,0.000,10.62,3,48,57,89,55,10
thro,2026-11-06,0.044,0.000,10.79,2,54,51,98,55,10
viis,2026-11-06,0.049,0.000,10.13,3,50,55,89,55,10
voya,2026-11-06,0.046,0.000,10.81,2,80,28,98,55,10
whsa,2026-11-06,0.044,0.000,10.50,3,31,72,89,55,10
wica,2026-11-06,0.044,0.000,10.72,2,45,60,98,55,10
wrst,2026-11-06,0.040,0.000,10.96,2,75,33,98,55,10
yell,2026-11-06,0.044,0.000,10.74,2,70,37,98,55,10
yose,2026-11-06,0.042,0.000,10.61,3,41,63,89,55,10
zion,2026-11-06,0.044,0.000,10.60,3,28,75,89,55,10
acad,2026-11-07,0.014,0.000,10.77,3,55,51,89,55,10
arch,2026-11-07,0.012,0.000,10.66,3,33,70,89,55,10
badl,2026-11-07,0.012,0.000,10.76,2,46,59,98,55,10
bibe,2026-11-07,0.013,0.000,10.44,2,34,69,98,55,10
bisc,2026-11-07,0.014,0.000,10.34,5,49,56,74,55,10
blca,2026-11-07,0.012,0.000,10.66,2,35,69,98,55,10
brca,2026-11-07,0.012,0.000,10.64,2,30,73,98,55,10
cany,2026-11-07,0.012,0.000,10.65,2,31,72,98,55,10
care,2026-11-07,0.012,0.000,10.65,2,30,73,98,55,10
cave,2026-11-07,0.012,0.000,10.51,2,34,69,98,55,10
chis,2026-11-07,0.011,0.000,10.56,2,33,70,98,55,10
cong,2026-11-07,0.014,0.000,10.55,4,49,56,84,55,10
crla,2026-11-07,0.011,0.000,10.75,2,69,38,98,55,10
cuva,2026-11-07,0.014,0.000,10.71,6,64,42,59,55,10
deva,2026-11-07,0.011,0.000,10.61,2,26,77,98,55,10
dena,2026-11-07,0.010,0.000,11.05,2,69,38,98,55,10
drto,2026-11-07,0.014,0.000,10.32,2,41,63,98,55,10
ever,2026-11-07,0.014,0.000,10.34,3,42,62,89,55,10
gaar,2026-11-07,0.010,0.000,11.07,2,77,31,98,55,10
jeff,2026-11-07,0.013,0.000,10.66,8,50,39,39,39,10
glba,2026-11-07,0.010,0.000,11.01,2,81,27,98,55,10
glac,2026-11-07,0.012,0.000,10.86,2,81,27,98,55,10
grca,2026-11-07,0.012,0.000,10.60,2,28,75,98,55,10
grte,2026-11-07,0.012,0.000,10.77,2,74,33,98,55,10
grba,2026-11-07,0.011,0.000,10.67,2,35,69,98,55,10
grsa,2026-11-07,0.012,0.000,10.64,2,27,76,98,55,10
grsm,2026-11-07,0.014,0.000,10.59,3,56,50,89,55,10
gumo,2026-11-07,0.012,0.000,10.51,2,32,71,98,55,10
hale,2026-11-07,0.009,0.000,10.21,2,52,53,98,55,10
havo,2026-11-07,0.009,0.000,10.17,3,48,57,89,55,10
hosp,2026-11-07,0.013,0.000,10.57,5,45,60,74,55,10
indu,2026-11-07,0.013,0.000,10.72,6,65,42,59,55,10
isro,2026-11-07,0.014,0.000,10.84,2,78,30,98,55,10
jotr,2026-11-07,0.011,0.000,10.55,3,25,78,89,55,10
katm,2026-11-07,0.010,0.000,11.01,2,83,25,98,55,10
kefj,2026-11-07,0.010,0.000,11.02,2,66,41,98,55,10
kica,2026-11-07,0.011,0.000,10.62,3,34,69,89,55,10
kova,2026-11-07,0.010,0.000,11.07,2,64,42,98,55,10
lacl,2026-11-07,0.010,0.000,11.03,2,82,26,98,55,10
lavo,2026-11-07,0.011,0.000,10.70,2,52,53,98,55,10
maca,2026-11-07,0.013,0.000,10.63,4,55,51,84,55,10
meve,2026-11-07,0.012,0.000,10.63,3,31,72,89,55,10
mora,2026-11-07,0.011,0.000,10.82,3,78,30,89,55,10
npsa,2026-11-07,0.008,0.000,8.79,3,66,41,89,55,10
neri,2026-11-07,0.014,0.000,10.64,3,57,49,89,55,10
noca,2026-11-07,0.011,0.000,10.86,2,83,25,98,55,10
olym,2026-11-07,0.011,0.000,10.84,3,79,29,89,55,10
pefo,2026-11-07,0.012,0.000,10.58,2,29,74,98,55,10
pinn,2026-11-07,0.011,0.000,10.61,3,41,63,89,55,10
redw,2026-11-07,0.011,0.000,10.72,3,58,48,89,55,10
romo,2026-11-07,0.012,0.000,10.70,2,45,60,98,55,10
sagu,2026-11-07,0.012,0.000,10.51,5,30,73,74,55,10
sequ,2026-11-07,0.011,0.000,10.61,3,33,70,89,55,10
shen,2026-11-07,0.014,0.000,10.65,3,48,57,89,55,10
thro,2026-11-07,0.012,0.000,10.83,2,54,51,98,55,10
viis,2026-11-07,0.015,0.000,10.14,3,50,55,89,55,10
voya,2026-11-07,0.013,0.000,10.85,2,80,28,98,55,10
whsa,2026-11-07,0.012,0.000,10.53,3,31,72,89,55,10
wica,2026-11-07,0.012,0.000,10.76,2,45,60,98,55,10
wrst,2026-11-07,0.010,0.000,11.03,2,75,33,98,55,10
yell,2026-11-07,0.012,0.000,10.78,2,70,37,98,55,10
yose,2026-11-07,0.011,0.000,10.64,3,41,63,89,55,10
zion,2026-11-07,0.012,0.000,10.63,3,28,75,89,55,10
acad,2026-11-08,0.000,0.000,10.81,3,55,51,89,55,10
arch,2026-11-08,0.000,0.000,10.69,3,33,70,89,55,10
badl,2026-11-08,0.000,0.000,10.80,2,46,59,98,55,10
bibe,2026-11-08,0.000,0.000,10.46,2,34,69,98,55,10
bisc,2026-11-08,0.000,0.000,10.36,5,49,56,74,55,10
blca,2026-11-08,0.000,0.000,10.69,2,35,69,98,55,10
brca,2026-11-08,0.000,0.000,10.67,2,30,73,98,55,10
cany,2026-11-08,0.000,0.000,10.68,2,31,72,98,55,10
care,2026-11-08,0.000,0.000,10.68,2,30,73,98,55,10
cave,2026-11-08,0.000,0.000,10.53,2,34,69,98,55,10
chis,2026-11-08,0.000,0.000,10.58,2,33,70,98,55,10
cong,2026-11-08,0.000,0.000,10.57,4,49,56,84,55,10
crla,2026-11-08,0.000,0.000,10.78,2,69,38,98,55,10
cuva,2026-11-08,0.000,0.000,10.74,6,64,42,59,55,10
deva,2026-11-08,0.000,0.000,10.64,2,26,77,98,55,10
dena,2026-11-08,0.000,0.000,11.13,2,69,38,98,55,10
drto,2026-11-08,0.000,0.000,10.34,2,41,63,98,55,10
ever,2026-11-08,0.000,0.000,10.36,3,42,62,89,55,10
gaar,2026-11-08,0.000,0.000,11.16,2,77,31,98,55,10
jeff,2026-11-08,0.000,0.000,10.69,8,50,39,39,39,10
glba,2026-11-08,0.000,0.000,11.07,2,81,27,98,55,10
glac,2026-11-08,0.000,0.000,10.90,2,81,27,98,55,10
grca,2026-11-08,0.000,0.000,10.63,2,28,75,98,55,10
grte,2026-11-08,0.000,0.000,10.80,2,74,33,98,55,10
grba,2026-11-08,0.000,0.000,10.70,2,35,69,98,55,10
grsa,2026-11-08,0.000,0.000,10.67,2,27,76,98,55,10
grsm,2026-11-08,0.000,0.000,10.62,3,56,50,89,55,10
gumo,2026-11-08,0.000,0.000,10.53,2,32,71,98,55,10
hale,2026-11-08,0.000,0.000,10.23,2,52,53,98,55,10
havo,2026-11-08,0.000,0.000,10.18,3,48,57,89,55,10
hosp,2026-11-08,0.000,0.000,10.59,5,45,60,74,55,10
indu,2026-11-08,0.000,0.000,10.75,6,65,42,59,55,10
isro,2026-11-08,0.000,0.000,10.88,2,78,30,98,55,10
jotr,2026-11-08,0.000,0.000,10.58,3,25,78,89,55,10
katm,2026-11-08,0.000,0.000,11.07,2,83,25,98,55,10
kefj,2026-11-08,0.000,0.000,11.08,2,66,41,98,55,10
kica,2026-11-08,0.000,0.000,10.65,3,34,69,89,55,10
kova,2026-11-08,0.000,0.000,11.16,2,64,42,98,55,10
lacl,2026-11-08,0.000,0.000,11.09,2,82,26,98,55,10
lavo,2026-11-08,0.000,0.000,10.73,2,52,53,98,55,10
maca,2026-11-08,0.000,0.000,10.65,4,55,51,84,55,10
meve,2026-11-08,0.000,0.000,10.66,3,31,72,89,55,10
mora,2026-11-08,0.000,0.000,10.86,3,78,30,89,55,10
npsa,2026-11-08,0.000,0.000,8.77,3,66,41,89,55,10
neri,2026-11-08,0.000,0.000,10.67,3,57,49,89,55,10
noca,2026-11-08,0.000,0.000,10.90,2,83,25,98,55,10
olym,2026-11-08,0.000,0.000,10.88,3,79,29,89,55,10
pefo,2026-11-08,0.000,0.000,10.60,2,29,74,98,55,10
pinn,2026-11-08,0.000,0.000,10.64,3,41,63,89,55,10
redw,2026-11-08,0.000,0.000,10.75,3,58,48,89,55,10
romo,2026-11-08,0.000,0.000,10.73,2,45,60,98,55,10
sagu,2026-11-08,0.000,0.000,10.54,5,30,73,74,55,10
sequ,2026-11-08,0.000,0.000,10.64,3,33,70,89,55,10
shen,2026-11-08,0.000,0.000,10.68,3,48,57,89,55,10
thro,2026-11-08,0.000,0.000,10.87,2,54,51,98,55,10
viis,2026-11-08,0.000,0.000,10.15,3,50,55,89,55,10
voya,2026-11-08,0.000,0.000,10.89,2,80,28,98,55,10
whsa,2026-11-08,0.000,0.000,10.55,3,31,72,89,55,10
wica,2026-11-08,0.000,0.000,10.80,2,45,60,98,55,10
wrst,2026-11-08,0.000,0.000,11.10,2,75,33,98,55,10
yell,2026-11-08,0.000,0.000,10.82,2,70,37,98,55,10
yose,2026-11-08,0.000,0.000,10.67,3,41,63,89,55,10
zion,2026-11-08,0.000,0.000,10.66,3,28,75,89,55,10
acad,2026-11-09,0.007,0.000,10.84,3,55,51,89,55,10
arch,2026-11-09,0.008,0.000,10.72,3,33,70,89,55,10
badl,2026-11-09,0.008,0.000,10.83,2,46,59,98,55,10
bibe,2026-11-09,0.007,0.000,10.48,2,34,69,98,55,10
bisc,2026-11-09,0.007,0.000,10.37,5,49,56,74,55,10
blca,2026-11-09,0.008,0.000,10.72,2,35,69,98,55,10
brca,2026-11-09,0.008,0.000,10.69,2,30,73,98,55,10
cany,2026-11-09,0.008,0.000,10.71,2,31,72,98,55,10
care,2026-11-09,0.008,0.000,10.71,2,30,73,98,55,10
cave,2026-11-09,0.008,0.000,10.56,2,34,69,98,55,10
chis,2026-11-09,0.009,0.000,10.60,2,33,70,98,55,10
cong,2026-11-09,0.007,0.000,10.60,4,49,56,84,55,10
crla,2026-11-09,0.009,0.000,10.82,2,69,38,98,55,10
cuva,2026-11-09,0.007,0.000,10.78,6,64,42,59,55,10
deva,2026-11-09,0.009,0.000,10.67,2,26,77,98,55,10
dena,2026-11-09,0.010,0.000,11.20,2,69,38,98,55,10
drto,2026-11-09,0.007,0.000,10.35,2,41,63,98,55,10
ever,2026-11-09,0.007,0.000,10.37,3,42,62,89,55,10
gaar,2026-11-09,0.010,0.000,11.25,2,77,31,98,55,10
jeff,2026-11-09,0.007,0.000,10.72,8,50,39,39,39,10
glba,2026-11-09,0.010,0.000,11.13,2,81,27,98,55,10
glac,2026-11-09,0.008,0.000,10.94,2,81,27,98,55,10
grca,2026-11-09,0.008,0.000,10.65,2,28,75,98,55,10
grte,2026-11-09,0.008,0.000,10.84,2,74,33,98,55,10
grba,2026-11-09,0.009,0.000,10.73,2,35,69,98,55,10
grsa,2026-11-09,0.008,0.000,10.70,2,27,76,98,55,10
grsm,2026-11-09,0.007,0.000,10.64,3,56,50,89,55,10
gumo,2026-11-09,0.008,0.000,10.55,2,32,71,98,55,10
hale,2026-11-09,0.010,0.000,10.24,2,52,53,98,55,10
havo,2026-11-09,0.010,0.000,10.19,3,48,57,89,55,10
hosp,2026-11-09,0.007,0.000,10.62,5,45,60,74,55,10
indu,2026-11-09,0.007,0.000,10.79,6,65,42,59,55,10
isro,2026-11-09,0.007,0.000,10.92,2,78,30,98,55,10
jotr,2026-11-09,0.009,0.000,10.60,3,25,78,89,55,10
katm,2026-11-09,0.010,0.000,11.13,2,83,25,98,55,10
kefj,2026-11-09,0.010,0.000,11.15,2,66,41,98,55,10
kica,2026-11-09,0.009,0.000,10.68,3,34,69,89,55,10
kova,2026-11-09,0.010,0.000,11.25,2,64,42,98,55,10
lacl,2026-11-09,0.010,0.000,11.16,2,82,26,98,55,10
lavo,2026-11-09,0.009,0.000,10.76,2,52,53,98,55,10
maca,2026-11-09,0.007,0.000,10.68,4,55,51,84,55,10
meve,2026-11-09,0.008,0.000,10.68,3,31,72,89,55,10
mora,2026-11-09,0.009,0.000,10.90,3,78,30,89,55,10
npsa,2026-11-09,0.011,0.000,8.75,3,66,41,89,55,10
neri,2026-11-09,0.007,0.000,10.70,3,57,49,89,55,10
noca,2026-11-09,0.009,0.000,10.94,2,83,25,98,55,10
olym,2026-11-09,0.009,0.000,10.92,3,79,29,89,55,10
pefo,2026-11-09,0.008,0.000,10.63,2,29,74,98,55,10
pinn,2026-11-09,0.009,0.000,10.67,3,41,63,89,55,10
redw,2026-11-09,0.009,0.000,10.78,3,58,48,89,55,10
romo,2026-11-09,0.008,0.000,10.76,2,45,60,98,55,10
sagu,2026-11-09,0.008,0.000,10.56,5,30,73,74,55,10
sequ,2026-11-09,0.009,0.000,10.67,3,33,70,89,55,10
shen,2026-11-09,0.007,0.000,10.71,3,48,57,89,55,10
thro,2026-11-09,0.008,0.000,10.91,2,54,51,98,55,10
viis,2026-11-09,0.006,0.000,10.16,3,50,55,89,55,10
voya,2026-11-09,0.007,0.000,10.93,2,80,28,98,55,10
whsa,2026-11-09,0.008,0.000,10.57,3,31,72,89,55,10
wica,2026-11-09,0.008,0.000,10.83,2,45,60,98,55,10
wrst,2026-11-09,0.010,0.000,11.17,2,75,33,98,55,10
yell,2026-11-09,0.008,0.000,10.85,2,70,37,98,55,10
yose,2026-11-09,0.009,0.000,10.70,3,41,63,89,55,10
zion,2026-11-09,0.008,0.000,10.69,3,28,75,89,55,10
acad,2026-11-10,0.032,0.000,10.88,3,55,51,89,55,10
arch,2026-11-10,0.035,0.000,10.75,3,33,70,89,55,10
badl,2026-11-10,0.035,0.000,10.87,2,46,59,98,55,10
bibe,2026-11-10,0.033,0.000,10.50,2,34,69,98,55,10
bisc,2026-11-10,0.032,0.000,10.39,5,49,56,74,55,10
blca,2026-11-10,0.035,0.000,10.74,2,35,69,98,55,10
brca,2026-11-10,0.035,0.000,10.72,2,30,73,98,55,10
cany,2026-11-10,0.035,0.000,10.74,2,31,72,98,55,10
care,2026-11-10,0.035,0.000,10.74,2,30,73,98,55,10
cave,2026-11-10,0.035,0.000,10.58,2,34,69,98,55,10
chis,2026-11-10,0.036,0.000,10.63,2,33,70,98,55,10
cong,2026-11-10,0.032,0.000,10.62,4,49,56,84,55,10
crla,2026-11-10,0.036,0.000,10.85,2,69,38,98,55,10
cuva,2026-11-10,0.032,0.000,10.81,6,64,42,59,55,10
deva,2026-11-10,0.036,0.000,10.69,2,26,77,98,55,10
dena,2026-11-10,0.038,0.000,11.27,2,69,38,98,55,10
drto,2026-11-10,0.032,0.000,10.37,2,41,63,98,55,10
ever,2026-11-10,0.032,0.000,10.39,3,42,62,89,55,10
gaar,2026-11-10,0.038,0.000,11.34,2,77,31,98,55,10
jeff,2026-11-10,0.033,0.000,10.74,8,50,39,39,39,10
glba,2026-11-10,0.038,0.000,11.19,2,81,27,98,55,10
glac,2026-11-10,0.035,0.000,10.98,2,81,27,98,55,10
grca,2026-11-10,0.035,0.000,10.68,2,28,75,98,55,10
grte,2026-11-10,0.035,0.000,10.87,2,74,33,98,55,10
grba,2026-11-10,0.036,0.000,10.75,2,35,69,98,55,10
grsa,2026-11-10,0.035,0.000,10.72,2,27,76,98,55,10
grsm,2026-11-10,0.032,0.000,10.67,3,56,50,89,55,10
gumo,2026-11-10,0.035,0.000,10.57,2,32,71,98,55,10
hale,2026-11-10,0.039,0.000,10.25,2,52,53,98,55,10
havo,2026-11-10,0.039,0.000,10.21,3,48,57,89,55,10
hosp,2026-11-10,0.033,0.000,10.64,5,45,60,74,55,10
indu,2026-11-10,0.033,0.000,10.82,6,65,42,59,55,10
isro,2026-11-10,0.032,0.000,10.96,2,78,30,98,55,10
jotr,2026-11-10,0.036,0.000,10.63,3,25,78,89,55,10
katm,2026-11-10,0.038,0.000,11.19,2,83,25,98,55,10
kefj,2026-11-10,0.038,0.000,11.21,2,66,41,98,55,10
kica,2026-11-10,0.036,0.000,10.70,3,34,69,89,55,10
kova,2026-11-10,0.038,0.000,11.34,2,64,42,98,55,10
lacl,2026-11-10,0.038,0.000,11.23,2,82,26,98,55,10
lavo,2026-11-10,0.036,0.000,10.79,2,52,53,98,55,10
maca,2026-11-10,0.033,0.000,10.71,4,55,51,84,55,10
meve,2026-11-10,0.035,0.000,10.71,3,31,72,89,55,10
mora,2026-11-10,0.036,0.000,10.94,3,78,30,89,55,10
npsa,2026-11-10,0.041,0.000,8.74,3,66,41,89,55,10
neri,2026-11-10,0.032,0.000,10.72,3,57,49,89,55,10
noca,2026-11-10,0.036,0.000,10.98,2,83,25,98,55,10
olym,2026-11-10,0.036,0.000,10.96,3,79,29,89,55,10
pefo,2026-11-10,0.035,0.000,10.65,2,29,74,98,55,10
pinn,2026-11-10,0.036,0.000,10.69,3,41,63,89,55,10
redw,2026-11-10,0.036,0.000,10.81,3,58,48,89,55,10
romo,2026-11-10,0.035,0.000,10.79,2,45,60,98,55,10
sagu,2026-11-10,0.035,0.000,10.58,5,30,73,74,55,10
sequ,2026-11-10,0.036,0.000,10.69,3,33,70,89,55,10
shen,2026-11-10,0.032,0.000,10.74,3,48,57,89,55,10
thro,2026-11-10,0.035,0.000,10.95,2,54,51,98,55,10
viis,2026-11-10,0.030,0.000,10.17,3,50,55,89,55,10
voya,2026-11-10,0.033,0.000,10.97,2,80,28,98,55,10
whsa,2026-11-10,0.035,0.000,10.60,3,31,72,89,55,10
wica,2026-11-10,0.035,0.000,10.86,2,45,60,98,55,10
wrst,2026-11-10,0.038,0.000,11.24,2,75,33,98,55,10
yell,2026-11-10,0.035,0.000,10.89,2,70,37,98,55,10
yose,2026-11-10,0.036,0.000,10.73,3,41,63,89,55,10
zion,2026-11-10,0.035,0.000,10.71,3,28,75,89,55,10
acad,2026-11-11,0.074,0.000,10.91,3,55,51,89,55,10
arch,2026-11-11,0.078,0.000,10.78,3,33,70,89,55,10
badl,2026-11-11,0.078,0.000,10.90,2,46,59,98,55,10
bibe,2026-11-11,0.076,0.000,10.52,2,34,69,97,55,10
bisc,2026-11-11,0.074,0.000,10.41,5,49,56,74,55,10
blca,2026-11-11,0.078,0.000,10.77,2,35,69,98,55,10
brca,2026-11-11,0.078,0.000,10.75,2,30,73,98,55,10
cany,2026-11-11,0.078,0.000,10.76,2,31,72,98,55,10
care,2026-11-11,0.078,0.000,10.76,2,30,73,98,55,10
cave,2026-11-11,0.078,0.000,10.60,2,34,69,98,55,10
chis,2026-11-11,0.080,0.000,10.65,2,33,70,98,55,10
cong,2026-11-11,0.074,0.000,10.64,4,49,56,84,55,10
crla,2026-11-11,0.080,0.000,10.88,2,69,38,98,55,10
cuva,2026-11-11,0.074,0.000,10.84,6,64,42,59,55,10
deva,2026-11-11,0.080,0.000,10.72,2,26,77,98,55,10
dena,2026-11-11,0.083,0.000,11.34,2,69,38,98,55,10
drto,2026-11-11,0.074,0.000,10.38,2,41,63,97,55,10
ever,2026-11-11,0.074,0.000,10.40,3,42,62,89,55,10
gaar,2026-11-11,0.083,0.000,11.43,2,77,31,98,55,10
jeff,2026-11-11,0.076,0.000,10.77,8,50,39,39,39,10
glba,2026-11-11,0.083,0.000,11.25,2,81,27,98,55,10
glac,2026-11-11,0.078,0.000,11.02,2,81,27,98,55,10
grca,2026-11-11,0.078,0.000,10.70,2,28,75,98,55,10
grte,2026-11-11,0.078,0.000,10.90,2,74,33,98,55,10
grba,2026-11-11,0.080,0.000,10.78,2,35,69,98,55,10
grsa,2026-11-11,0.078,0.000,10.75,2,27,76,98,55,10
grsm,2026-11-11,0.074,0.000,10.69,3,56,50,89,55,10
gumo,2026-11-11,0.078,0.000,10.59,2,32,71,98,55,10
hale,2026-11-11,0.085,0.000,10.26,2,52,53,97,55,10
havo,2026-11-11,0.085,0.000,10.22,3,48,57,89,55,10
hosp,2026-11-11,0.076,0.000,10.66,5,45,60,74,55,10
indu,2026-11-11,0.076,0.000,10.85,6,65,42,59,55,10
isro,2026-11-11,0.074,0.000,11.00,2,78,30,98,55,10
jotr,2026-11-11,0.080,0.000,10.65,3,25,78,89,55,10
katm,2026-11-11,0.083,0.000,11.25,2,83,25,98,55,10
kefj,2026-11-11,0.083,0.000,11.27,2,66,41,98,55,10
kica,2026-11-11,0.080,0.000,10.73,3,34,69,89,55,10
kova,2026-11-11,0.083,0.000,11.42,2,64,42,98,55,10
lacl,2026-11-11,0.083,0.000,11.29,2,82,26,98,55,10
lavo,2026-11-11,0.080,0.000,10.82,2,52,53,98,55,10
maca,2026-11-11,0.076,0.000,10.73,4,55,51,84,55,10
meve,2026-11-11,0.078,0.000,10.74,3,31,72,89,55,10
mora,2026-11-11,0.080,0.000,10.98,3,78,30,89,55,10
npsa,2026-11-11,0.087,0.002,8.72,3,66,41,89,55,10
neri,2026-11-11,0.074,0.000,10.75,3,57,49,89,55,10
noca,2026-11-11,0.080,0.000,11.02,2,83,25,98,55,10
olym,2026-11-11,0.080,0.000,11.00,3,79,29,89,55,10
pefo,2026-11-11,0.078,0.000,10.68,2,29,74,98,55,10
pinn,2026-11-11,0.080,0.000,10.72,3,41,63,89,55,10
redw,2026-11-11,0.080,0.000,10.84,3,58,48,89,55,10
romo,2026-11-11,0.078,0.000,10.82,2,45,60,98,55,10
sagu,2026-11-11,0.078,0.000,10.60,5,30,73,74,55,10
sequ,2026-11-11,0.080,0.000,10.72,3,33,70,89,55,10
shen,2026-11-11,0.074,0.000,10.77,3,48,57,89,55,10
thro,2026-11-11,0.078,0.000,10.98,2,54,51,98,55,10
viis,2026-11-11,0.072,0.000,10.18,3,50,55,89,55,10
voya,2026-11-11,0.076,0.000,11.01,2,80,28,98,55,10
whsa,2026-11-11,0.078,0.000,10.62,3,31,72,89,55,10
wica,2026-11-11,0.078,0.000,10.90,2,45,60,98,55,10
wrst,2026-11-11,0.083,0.000,11.30,2,75,33,98,55,10
yell,2026-11-11,0.078,0.000,10.92,2,70,37,98,55,10
yose,2026-11-11,0.080,0.000,10.75,3,41,63,89,55,10
zion,2026-11-11,0.078,0.000,10.74,3,28,75,89,55,10
acad,2026-11-12,0.131,0.000,10.95,3,55,51,89,55,10
arch,2026-11-12,0.137,0.001,10.80,3,33,70,89,55,10
badl,2026-11-12,0.137,0.000,10.93,2,46,59,97,55,10
bibe,2026-11-12,0.134,0.002,10.54,2,34,69,97,55,10
bisc,2026-11-12,0.131,0.002,10.42,5,49,56,74,55,10
blca,2026-11-12,0.137,0.001,10.80,2,35,69,97,55,10
brca,2026-11-12,0.137,0.001,10.77,2,30,73,97,55,10
cany,2026-11-12,0.137,0.001,10.79,2,31,72,97,55,10
care,2026-11-12,0.137,0.001,10.79,2,30,73,97,55,10
cave,2026-11-12,0.137,0.002,10.62,2,34,69,97,55,10
chis,2026-11-12,0.139,0.001,10.67,2,33,70,97,55,10
cong,2026-11-12,0.131,0.001,10.67,4,49,56,84,55,10
crla,2026-11-12,0.139,0.000,10.92,2,69,38,97,55,10
cuva,2026-11-12,0.131,0.000,10.87,6,64,42,59,55,10
deva,2026-11-12,0.139,0.001,10.74,2,26,77,97,55,10
dena,2026-11-12,0.142,0.000,11.41,2,69,38,98,55,10
drto,2026-11-12,0.131,0.003,10.39,2,41,63,97,55,10
ever,2026-11-12,0.131,0.002,10.42,3,42,62,89,55,10
gaar,2026-11-12,0.142,0.000,11.52,2,77,31,98,55,10
jeff,2026-11-12,0.134,0.000,10.80,8,50,39,39,39,10
glba,2026-11-12,0.142,0.000,11.31,2,81,27,98,55,10
glac,2026-11-12,0.137,0.000,11.06,2,81,27,98,55,10
grca,2026-11-12,0.137,0.001,10.73,2,28,75,97,55,10
grte,2026-11-12,0.137,0.000,10.94,2,74,33,97,55,10
grba,2026-11-12,0.139,0.001,10.81,2,35,69,97,55,10
grsa,2026-11-12,0.137,0.001,10.78,2,27,76,97,55,10
grsm,2026-11-12,0.131,0.001,10.72,3,56,50,89,55,10
gumo,2026-11-12,0.137,0.002,10.61,2,32,71,97,55,10
hale,2026-11-12,0.145,0.005,10.27,2,52,53,97,55,10
havo,2026-11-12,0.145,0.005,10.23,3,48,57,89,55,10
hosp,2026-11-12,0.134,0.001,10.69,5,45,60,74,55,10
indu,2026-11-12,0.134,0.000,10.88,6,65,42,59,55,10
isro,2026-11-12,0.131,0.000,11.04,2,78,30,98,55,10
jotr,2026-11-12,0.139,0.001,10.67,3,25,78,89,55,10
katm,2026-11-12,0.142,0.000,11.31,2,83,25,98,55,10
kefj,2026-11-12,0.142,0.000,11.33,2,66,41,98,55,10
kica,2026-11-12,0.139,0.001,10.75,3,34,69,89,55,10
kova,2026-11-12,0.142,0.000,11.51,2,64,42,98,55,10
lacl,2026-11-12,0.142,0.000,11.35,2,82,26,98,55,10
lavo,2026-11-12,0.139,0.000,10.85,2,52,53,97,55,10
maca,2026-11-12,0.134,0.001,10.76,4,55,51,84,55,10
meve,2026-11-12,0.137,0.001,10.76,3,31,72,89,55,10
mora,2026-11-12,0.139,0.000,11.02,3,78,30,89,55,10
npsa,2026-11-12,0.148,0.010,8.71,3,66,41,89,55,10
neri,2026-11-12,0.131,0.000,10.78,3,57,49,89,55,10
noca,2026-11-12,0.139,0.000,11.06,2,83,25,98,55,10
olym,2026-11-12,0.139,0.000,11.04,3,79,29,89,55,10
pefo,2026-11-12,0.137,0.001,10.70,2,29,74,97,55,10
pinn,2026-11-12,0.139,0.001,10.74,3,41,63,89,55,10
redw,2026-11-12,0.139,0.000,10.87,3,58,48,89,55,10
romo,2026-11-12,0.137,0.000,10.85,2,45,60,97,55,10
sagu,2026-11-12,0.137,0.002,10.62,5,30,73,74,55,10
sequ,2026-11-12,0.139,0.001,10.74,3,33,70,89,55,10
shen,2026-11-12,0.131,0.000,10.79,3,48,57,89,55,10
thro,2026-11-12,0.137,0.000,11.02,2,54,51,98,55,10
viis,2026-11-12,0.129,0.003,10.19,3,50,55,89,55,10
voya,2026-11-12,0.134,0.000,11.05,2,80,28,98,55,10
whsa,2026-11-12,0.137,0.001,10.64,3,31,72,89,55,10
wica,2026-11-12,0.137,0.000,10.93,2,45,60,97,55,10
wrst,2026-11-12,0.142,0.000,11.37,2,75,33,98,55,10
yell,2026-11-12,0.137,0.000,10.96,2,70,37,97,55,10
yose,2026-11-12,0.139,0.001,10.78,3,41,63,89,55,10
zion,2026-11-12,0.137,0.001,10.76,3,28,75,89,55,10
acad,2026-11-13,0.201,0.003,10.98,3,55,51,89,55,10
arch,2026-11-13,0.208,0.007,10.83,3,33,70,89,55,10
badl,2026-11-13,0.208,0.004,10.97,2,46,59,97,55,10
bibe,2026-11-13,0.204,0.011,10.56,2,34,69,97,55,10
bisc,2026-11-13,0.201,0.012,10.44,5,49,56,74,55,10
blca,2026-11-13,0.208,0.007,10.83,2,35,69,97,55,10
brca,2026-11-13,0.208,0.008,10.80,2,30,73,97,55,10
cany,2026-11-13,0.208,0.007,10.82,2,31,72,97,55,10
care,2026-11-13,0.208,0.007,10.82,2,30,73,97,55,10
cave,2026-11-13,0.208,0.010,10.64,2,34,69,97,55,10
chis,2026-11-13,0.211,0.010,10.70,2,33,70,97,55,10
cong,2026-11-13,0.201,0.008,10.69,4,49,56,84,55,10
crla,2026-11-13,0.211,0.005,10.95,2,69,38,97,55,10
cuva,2026-11-13,0.201,0.005,10.90,6,64,42,59,55,10
deva,2026-11-13,0.211,0.008,10.77,2,26,77,97,55,10
dena,2026-11-13,0.214,0.000,11.48,2,69,38,98,55,10
drto,2026-11-13,0.201,0.012,10.41,2,41,63,97,55,10
ever,2026-11-13,0.201,0.012,10.43,3,42,62,89,55,10
gaar,2026-11-13,0.214,0.000,11.60,2,77,31,98,55,10
jeff,2026-11-13,0.204,0.006,10.83,8,50,39,39,39,10
glba,2026-11-13,0.214,0.000,11.36,2,81,27,98,55,10
glac,2026-11-13,0.208,0.002,11.10,2,81,27,97,55,10
grca,2026-11-13,0.208,0.008,10.75,2,28,75,97,55,10
grte,2026-11-13,0.208,0.004,10.97,2,74,33,97,55,10
grba,2026-11-13,0.211,0.007,10.84,2,35,69,97,55,10
grsa,2026-11-13,0.208,0.007,10.80,2,27,76,97,55,10
grsm,2026-11-13,0.201,0.008,10.74,3,56,50,89,55,10
gumo,2026-11-13,0.208,0.010,10.63,2,32,71,97,55,10
hale,2026-11-13,0.217,0.018,10.28,2,52,53,97,55,10
havo,2026-11-13,0.217,0.018,10.24,3,48,57,89,55,10
hosp,2026-11-13,0.204,0.009,10.71,5,45,60,74,55,10
indu,2026-11-13,0.204,0.005,10.91,6,65,42,59,55,10
isro,2026-11-13,0.201,0.002,11.08,2,78,30,97,55,10
jotr,2026-11-13,0.211,0.010,10.69,3,25,78,89,55,10
katm,2026-11-13,0.214,0.000,11.36,2,83,25,98,55,10
kefj,2026-11-13,0.214,0.000,11.39,2,66,41,98,55,10
kica,2026-11-13,0.211,0.008,10.78,3,34,69,89,55,10
kova,2026-11-13,0.214,0.000,11.59,2,64,42,98,55,10
lacl,2026-11-13,0.214,0.000,11.41,2,82,26,98,55,10
lavo,2026-11-13,0.211,0.006,10.88,2,52,53,97,55,10
maca,2026-11-13,0.204,0.007,10.79,4,55,51,84,55,10
meve,2026-11-13,0.208,0.008,10.79,3,31,72,89,55,10
mora,2026-11-13,0.211,0.003,11.05,3,78,30,89,55,10
npsa,2026-11-13,0.220,0.029,8.69,3,66,41,89,55,10
neri,2026-11-13,0.201,0.007,10.80,3,57,49,89,55,10
noca,2026-11-13,0.211,0.002,11.10,2,83,25,97,55,10
olym,2026-11-13,0.211,0.002,11.08,3,79,29,89,55,10
pefo,2026-11-13,0.208,0.009,10.72,2,29,74,97,55,10
pinn,2026-11-13,0.211,0.009,10.77,3,41,63,89,55,10
redw,2026-11-13,0.211,0.006,10.90,3,58,48,89,55,10
romo,2026-11-13,0.208,0.006,10.87,2,45,60,97,55,10
sagu,2026-11-13,0.208,0.010,10.64,5,30,73,74,55,10
sequ,2026-11-13,0.211,0.008,10.77,3,33,70,89,55,10
shen,2026-11-13,0.201,0.006,10.82,3,48,57,89,55,10
thro,2026-11-13,0.208,0.002,11.06,2,54,51,97,55,10
viis,2026-11-13,0.198,0.014,10.20,3,50,55,89,55,10
voya,2026-11-13,0.204,0.002,11.09,2,80,28,97,55,10
whsa,2026-11-13,0.208,0.010,10.66,3,31,72,89,55,10
wica,2026-11-13,0.208,0.004,10.96,2,45,60,97,55,10
wrst,2026-11-13,0.214,0.000,11.43,2,75,33,98,55,10
yell,2026-11-13,0.208,0.004,10.99,2,70,37,97,55,10
yose,2026-11-13,0.211,0.008,10.81,3,41,63,89,55,10
zion,2026-11-13,0.208,0.008,10.79,3,28,75,89,55,10
acad,2026-11-14,0.282,0.017,11.01,3,55,51,89,55,10
arch,2026-11-14,0.289,0.026,10.86,3,33,70,89,55,10
badl,2026-11-14,0.289,0.020,11.00,2,46,59,97,55,10
bibe,2026-11-14,0.285,0.033,10.57,2,34,69,96,55,10
bisc,2026-11-14,0.282,0.034,10.45,5,49,56,74,55,10
blca,2026-11-14,0.289,0.026,10.85,2,35,69,96,55,10
brca,2026-11-14,0.289,0.027,10.82,2,30,73,96,55,10
cany,2026-11-14,0.289,0.026,10.84,2,31,72,96,55,10
care,2026-11-14,0.289,0.026,10.84,2,30,73,96,55,10
cave,2026-11-14,0.289,0.031,10.66,2,34,69,96,55,10
chis,2026-11-14,0.292,0.031,10.72,2,33,70,96,55,10
cong,2026-11-14,0.282,0.028,10.71,4,49,56,84,55,10
crla,2026-11-14,0.292,0.022,10.98,2,69,38,97,55,10
cuva,2026-11-14,0.282,0.021,10.93,6,64,42,59,55,10
deva,2026-11-14,0.292,0.028,10.79,2,26,77,96,55,10
dena,2026-11-14,0.296,0.000,11.55,2,69,38,97,55,10
drto,2026-11-14,0.282,0.035,10.42,2,41,63,96,55,10
ever,2026-11-14,0.282,0.034,10.45,3,42,62,89,55,10
gaar,2026-11-14,0.296,0.000,11.69,2,77,31,98,55,10
jeff,2026-11-14,0.285,0.024,10.85,8,50,39,39,39,10
glba,2026-11-14,0.296,0.002,11.42,2,81,27,97,55,10
glac,2026-11-14,0.289,0.015,11.14,2,81,27,97,55,10
grca,2026-11-14,0.289,0.028,10.78,2,28,75,96,55,10
grte,2026-11-14,0.289,0.020,11.00,2,74,33,97,55,10
grba,2026-11-14,0.292,0.026,10.86,2,35,69,96,55,10
grsa,2026-11-14,0.289,0.026,10.83,2,27,76,96,55,10
grsm,2026-11-14,0.282,0.027,10.76,3,56,50,89,55,10
gumo,2026-11-14,0.289,0.031,10.65,2,32,71,96,55,10
hale,2026-11-14,0.299,0.044,10.29,2,52,53,96,55,10
havo,2026-11-14,0.299,0.045,10.25,3,48,57,89,55,10
hosp,2026-11-14,0.285,0.028,10.73,5,45,60,74,55,10
indu,2026-11-14,0.285,0.021,10.94,6,65,42,59,55,10
isro,2026-11-14,0.282,0.014,11.12,2,78,30,97,55,10
jotr,2026-11-14,0.292,0.031,10.71,3,25,78,89,55,10
katm,2026-11-14,0.296,0.003,11.42,2,83,25,97,55,10
kefj,2026-11-14,0.296,0.002,11.45,2,66,41,97,55,10
kica,2026-11-14,0.292,0.028,10.80,3,34,69,89,55,10
kova,2026-11-14,0.296,0.000,11.67,2,64,42,98,55,10
lacl,2026-11-14,0.296,0.001,11.47,2,82,26,97,55,10
lavo,2026-11-14,0.292,0.025,10.91,2,52,53,97,55,10
maca,2026-11-14,0.285,0.025,10.81,4,55,51,84,55,10
meve,2026-11-14,0.289,0.027,10.81,3,31,72,89,55,10
mora,2026-11-14,0.292,0.017,11.09,3,78,30,89,55,10
npsa,2026-11-14,0.303,0.062,8.68,3,66,41,89,55,10
neri,2026-11-14,0.282,0.024,10.83,3,57,49,89,55,10
noca,2026-11-14,0.292,0.015,11.14,2,83,25,97,55,10
olym,2026-11-14,0.292,0.016,11.11,3,79,29,89,55,10
pefo,2026-11-14,0.289,0.029,10.75,2,29,74,96,55,10
pinn,2026-11-14,0.292,0.029,10.79,3,41,63,89,55,10
redw,2026-11-14,0.292,0.024,10.93,3,58,48,89,55,10
romo,2026-11-14,0.289,0.024,10.90,2,45,60,97,55,10
sagu,2026-11-14,0.289,0.032,10.66,5,30,73,74,55,10
sequ,2026-11-14,0.292,0.029,10.79,3,33,70,89,55,10
shen,2026-11-14,0.282,0.024,10.85,3,48,57,89,55,10
thro,2026-11-14,0.289,0.016,11.09,2,54,51,97,55,10
viis,2026-11-14,0.278,0.037,10.21,3,50,55,89,55,10
voya,2026-11-14,0.285,0.014,11.13,2,80,28,97,55,10
whsa,2026-11-14,0.289,0.031,10.68,3,31,72,89,55,10
wica,2026-11-14,0.289,0.020,10.99,2,45,60,97,55,10
wrst,2026-11-14,0.296,0.001,11.50,2,75,33,97,55,10
yell,2026-11-14,0.289,0.019,11.02,2,70,37,97,55,10
yose,2026-11-14,0.292,0.027,10.83,3,41,63,89,55,10
zion,2026-11-14,0.289,0.027,10.81,3,28,75,89,55,10
acad,2026-11-15,0.370,0.048,11.05,3,55,51,89,55,10
arch,2026-11-15,0.378,0.061,10.88,3,33,70,89,55,10
badl,2026-11-15,0.378,0.053,11.03,2,46,59,95,55,10
bibe,2026-11-15,0.374,0.071,10.59,2,34,69,95,55,10
bisc,2026-11-15,0.370,0.072,10.46,5,49,56,74,55,10
blca,2026-11-15,0.378,0.061,10.88,2,35,69,95,55,10
brca,2026-11-15,0.378,0.063,10.85,2,30,73,95,55,10
cany,2026-11-15,0.378,0.062,10.87,2,31,72,95,55,10
care,2026-11-15,0.378,0.062,10.87,2,30,73,95,55,10
cave,2026-11-15,0.378,0.069,10.68,2,34,69,95,55,10
chis,2026-11-15,0.381,0.069,10.74,2,33,70,95,55,10
cong,2026-11-15,0.370,0.064,10.73,4,49,56,84,55,10
crla,2026-11-15,0.381,0.057,11.01,2,69,38,95,55,10
cuva,2026-11-15,0.370,0.054,10.96,6,64,42,59,55,10
deva,2026-11-15,0.381,0.065,10.81,2,26,77,95,55,10
dena,2026-11-15,0.385,0.011,11.62,2,69,38,97,55,10
drto,2026-11-15,0.370,0.073,10.44,2,41,63,95,55,10
ever,2026-11-15,0.370,0.072,10.46,3,42,62,89,55,10
gaar,2026-11-15,0.385,0.001,11.77,2,77,31,97,55,10
jeff,2026-11-15,0.374,0.059,10.88,8,50,39,39,39,10
glba,2026-11-15,0.385,0.024,11.48,2,81,27,97,55,10
glac,2026-11-15,0.378,0.046,11.17,2,81,27,96,55,10
grca,2026-11-15,0.378,0.065,10.80,2,28,75,95,55,10
grte,2026-11-15,0.378,0.054,11.03,2,74,33,95,55,10
grba,2026-11-15,0.381,0.062,10.89,2,35,69,95,55,10
grsa,2026-11-15,0.378,0.062,10.85,2,27,76,95,55,10
grsm,2026-11-15,0.370,0.062,10.79,3,56,50,89,55,10
gumo,2026-11-15,0.378,0.069,10.67,2,32,71,95,55,10
hale,2026-11-15,0.389,0.086,10.30,2,52,53,94,55,10
havo,2026-11-15,0.389,0.087,10.26,3,48,57,89,55,10
hosp,2026-11-15,0.374,0.064,10.75,5,45,60,74,55,10
indu,2026-11-15,0.374,0.054,10.97,6,65,42,59,55,10
isro,2026-11-15,0.370,0.044,11.15,2,78,30,96,55,10
jotr,2026-11-15,0.381,0.068,10.74,3,25,78,89,55,10
katm,2026-11-15,0.385,0.026,11.47,2,83,25,96,55,10
kefj,2026-11-15,0.385,0.022,11.51,2,66,41,97,55,10
kica,2026-11-15,0.381,0.065,10.83,3,34,69,89,55,10
kova,2026-11-15,0.385,0.001,11.75,2,64,42,97,55,10
lacl,2026-11-15,0.385,0.020,11.53,2,82,26,97,55,10
lavo,2026-11-15,0.381,0.060,10.94,2,52,53,95,55,10
maca,2026-11-15,0.374,0.060,10.83,4,55,51,84,55,10
meve,2026-11-15,0.378,0.063,10.84,3,31,72,89,55,10
mora,2026-11-15,0.381,0.050,11.12,3,78,30,89,55,10
npsa,2026-11-15,0.393,0.109,8.66,3,66,41,89,55,10
neri,2026-11-15,0.370,0.059,10.85,3,57,49,89,55,10
noca,2026-11-15,0.381,0.046,11.18,2,83,25,96,55,10
olym,2026-11-15,0.381,0.048,11.15,3,79,29,89,55,10
pefo,2026-11-15,0.378,0.066,10.77,2,29,74,95,55,10
pinn,2026-11-15,0.381,0.066,10.82,3,41,63,89,55,10
redw,2026-11-15,0.381,0.059,10.96,3,58,48,89,55,10
romo,2026-11-15,0.378,0.059,10.93,2,45,60,95,55,10
sagu,2026-11-15,0.378,0.069,10.68,5,30,73,74,55,10
sequ,2026-11-15,0.381,0.065,10.81,3,33,70,89,55,10
shen,2026-11-15,0.370,0.058,10.87,3,48,57,89,55,10
thro,2026-11-15,0.378,0.047,11.13,2,54,51,96,55,10
viis,2026-11-15,0.366,0.076,10.22,3,50,55,89,55,10
voya,2026-11-15,0.374,0.044,11.17,2,80,28,96,55,10
whsa,2026-11-15,0.378,0.068,10.70,3,31,72,89,55,10
wica,2026-11-15,0.378,0.053,11.03,2,45,60,95,55,10
wrst,2026-11-15,0.385,0.016,11.56,2,75,33,97,55,10
yell,2026-11-15,0.378,0.053,11.06,2,70,37,95,55,10
yose,2026-11-15,0.381,0.064,10.86,3,41,63,89,55,10
zion,2026-11-15,0.378,0.064,10.84,3,28,75,89,55,10
acad,2026-11-16,0.464,0.099,11.08,3,55,51,89,55,10
arch,2026-11-16,0.472,0.116,10.91,3,33,70,89,55,10
badl,2026-11-16,0.472,0.106,11.06,2,46,59,93,55,10
bibe,2026-11-16,0.468,0.127,10.61,2,34,69,92,55,10
bisc,2026-11-16,0.464,0.127,10.48,5,49,56,74,55,10
blca,2026-11-16,0.472,0.115,10.90,2,35,69,93,55,10
brca,2026-11-16,0.472,0.118,10.87,2,30,73,93,55,10
cany,2026-11-16,0.472,0.116,10.89,2,31,72,93,55,10
care,2026-11-16,0.472,0.117,10.89,2,30,73,93,55,10
cave,2026-11-16,0.472,0.124,10.70,2,34,69,93,55,10
chis,2026-11-16,0.476,0.124,10.76,2,33,70,93,55,10
cong,2026-11-16,0.464,0.117,10.75,4,49,56,84,55,10
crla,2026-11-16,0.476,0.111,11.04,2,69,38,93,55,10
cuva,2026-11-16,0.464,0.107,10.98,6,64,42,59,55,10
deva,2026-11-16,0.476,0.120,10.84,2,26,77,93,55,10
dena,2026-11-16,0.480,0.056,11.68,2,69,38,95,55,10
drto,2026-11-16,0.464,0.128,10.45,2,41,63,92,55,10
ever,2026-11-16,0.464,0.127,10.47,3,42,62,89,55,10
gaar,2026-11-16,0.480,0.031,11.85,2,77,31,96,55,10
jeff,2026-11-16,0.468,0.112,10.90,8,50,39,39,39,10
glba,2026-11-16,0.480,0.073,11.53,2,81,27,95,55,10
glac,2026-11-16,0.472,0.098,11.21,2,81,27,94,55,10
grca,2026-11-16,0.472,0.120,10.82,2,28,75,93,55,10
grte,2026-11-16,0.472,0.107,11.06,2,74,33,93,55,10
grba,2026-11-16,0.476,0.116,10.91,2,35,69,93,55,10
grsa,2026-11-16,0.472,0.116,10.88,2,27,76,93,55,10
grsm,2026-11-16,0.464,0.115,10.81,3,56,50,89,55,10
gumo,2026-11-16,0.472,0.124,10.69,2,32,71,93,55,10
hale,2026-11-16,0.484,0.145,10.31,2,52,53,92,55,10
havo,2026-11-16,0.484,0.146,10.26,3,48,57,89,55,10
hosp,2026-11-16,0.468,0.119,10.77,5,45,60,74,55,10
indu,2026-11-16,0.468,0.107,10.99,6,65,42,59,55,10
isro,2026-11-16,0.464,0.095,11.19,2,78,30,94,55,10
jotr,2026-11-16,0.476,0.123,10.76,3,25,78,89,55,10
katm,2026-11-16,0.480,0.076,11.53,2,83,25,94,55,10
kefj,2026-11-16,0.480,0.071,11.56,2,66,41,95,55,10
kica,2026-11-16,0.476,0.120,10.85,3,34,69,89,55,10
kova,2026-11-16,0.480,0.035,11.83,2,64,42,96,55,10
lacl,2026-11-16,0.480,0.069,11.59,2,82,26,95,55,10
lavo,2026-11-16,0.476,0.115,10.96,2,52,53,93,55,10
maca,2026-11-16,0.468,0.114,10.86,4,55,51,84,55,10
meve,2026-11-16,0.472,0.118,10.86,3,31,72,89,55,10
mora,2026-11-16,0.476,0.103,11.16,3,78,30,89,55,10
npsa,2026-11-16,0.488,0.171,8.65,3,66,41,86,55,10
neri,2026-11-16,0.464,0.112,10.88,3,57,49,89,55,10
noca,2026-11-16,0.476,0.099,11.21,2,83,25,94,55,10
olym,2026-11-16,0.476,0.102,11.19,3,79,29,89,55,10
pefo,2026-11-16,0.472,0.121,10.79,2,29,74,93,55,10
pinn,2026-11-16,0.476,0.121,10.84,3,41,63,89,55,10
redw,2026-11-16,0.476,0.114,10.99,3,58,48,89,55,10
romo,2026-11-16,0.472,0.112,10.96,2,45,60,93,55,10
sagu,2026-11-16,0.472,0.125,10.70,5,30,73,74,55,10
sequ,2026-11-16,0.476,0.120,10.84,3,33,70,89,55,10
shen,2026-11-16,0.464,0.110,10.90,3,48,57,89,55,10
thro,2026-11-16,0.472,0.099,11.16,2,54,51,94,55,10
viis,2026-11-16,0.460,0.131,10.23,3,50,55,89,55,10
voya,2026-11-16,0.468,0.095,11.20,2,80,28,94,55,10
whsa,2026-11-16,0.472,0.123,10.72,3,31,72,89,55,10
wica,2026-11-16,0.472,0.106,11.06,2,45,60,93,55,10
wrst,2026-11-16,0.480,0.063,11.62,2,75,33,95,55,10
yell,2026-11-16,0.472,0.106,11.09,2,70,37,93,55,10
yose,2026-11-16,0.476,0.119,10.88,3,41,63,89,55,10
zion,2026-11-16,0.472,0.118,10.86,3,28,75,89,55,10
acad,2026-11-17,0.562,0.170,11.11,3,55,51,88,55,10
arch,2026-11-17,0.570,0.188,10.93,3,33,70,87,55,10
badl,2026-11-17,0.570,0.179,11.09,2,46,59,90,55,10
bibe,2026-11-17,0.566,0.199,10.62,2,34,69,90,55,10
bisc,2026-11-17,0.562,0.198,10.49,5,49,56,74,55,10
blca,2026-11-17,0.570,0.188,10.93,2,35,69,90,55,10
brca,2026-11-17,0.570,0.191,10.89,2,30,73,90,55,10
cany,2026-11-17,0.570,0.189,10.92,2,31,72,90,55,10
care,2026-11-17,0.570,0.189,10.92,2,30,73,90,55,10
cave,2026-11-17,0.570,0.196,10.72,2,34,69,90,55,10
chis,2026-11-17,0.574,0.197,10.78,2,33,70,90,55,10
cong,2026-11-17,0.562,0.189,10.77,4,49,56,84,55,10
crla,2026-11-17,0.574,0.184,11.07,2,69,38,90,55,10
cuva,2026-11-17,0.562,0.178,11.01,6,64,42,59,55,10
deva,2026-11-17,0.574,0.193,10.86,2,26,77,90,55,10
dena,2026-11-17,0.578,0.133,11.75,2,69,38,92,55,10
drto,2026-11-17,0.562,0.199,10.46,2,41,63,90,55,10
ever,2026-11-17,0.562,0.198,10.49,3,42,62,87,55,10
gaar,2026-11-17,0.578,0.108,11.93,2,77,31,93,55,10
jeff,2026-11-17,0.566,0.184,10.93,8,50,39,39,39,10
glba,2026-11-17,0.578,0.148,11.58,2,81,27,92,55,10
glac,2026-11-17,0.570,0.171,11.25,2,81,27,91,55,10
grca,2026-11-17,0.570,0.193,10.84,2,28,75,90,55,10
grte,2026-11-17,0.570,0.180,11.09,2,74,33,90,55,10
grba,2026-11-17,0.574,0.189,10.94,2,35,69,90,55,10
grsa,2026-11-17,0.570,0.189,10.90,2,27,76,90,55,10
grsm,2026-11-17,0.562,0.187,10.83,3,56,50,88,55,10
gumo,2026-11-17,0.570,0.196,10.71,2,32,71,90,55,10
hale,2026-11-17,0.582,0.219,10.32,2,52,53,89,55,10
havo,2026-11-17,0.582,0.220,10.27,3,48,57,86,55,10
hosp,2026-11-17,0.566,0.190,10.80,5,45,60,74,55,10
indu,2026-11-17,0.566,0.179,11.02,6,65,42,59,55,10
isro,2026-11-17,0.562,0.167,11.22,2,78,30,91,55,10
jotr,2026-11-17,0.574,0.196,10.78,3,25,78,87,55,10
katm,2026-11-17,0.578,0.154,11.58,2,83,25,91,55,10
kefj,2026-11-17,0.578,0.148,11.62,2,66,41,92,55,10
kica,2026-11-17,0.574,0.193,10.87,3,34,69,87,55,10
kova,2026-11-17,0.578,0.113,11.91,2,64,42,93,55,10
lacl,2026-11-17,0.578,0.146,11.65,2,82,26,92,55,10
lavo,2026-11-17,0.574,0.188,10.99,2,52,53,90,55,10
maca,2026-11-17,0.566,0.185,10.88,4,55,51,84,55,10
meve,2026-11-17,0.570,0.190,10.88,3,31,72,87,55,10
mora,2026-11-17,0.574,0.177,11.19,3,78,30,88,55,10
npsa,2026-11-17,0.586,0.244,8.64,3,66,41,83,55,10
neri,2026-11-17,0.562,0.183,10.90,3,57,49,88,55,10
noca,2026-11-17,0.574,0.173,11.25,2,83,25,91,55,10
olym,2026-11-17,0.574,0.176,11.22,3,79,29,88,55,10
pefo,2026-11-17,0.570,0.194,10.81,2,29,74,90,55,10
pinn,2026-11-17,0.574,0.194,10.86,3,41,63,87,55,10
redw,2026-11-17,0.574,0.188,11.02,3,58,48,87,55,10
romo,2026-11-17,0.570,0.185,10.98,2,45,60,90,55,10
sagu,2026-11-17,0.570,0.197,10.72,5,30,73,74,55,10
sequ,2026-11-17,0.574,0.194,10.86,3,33,70,87,55,10
shen,2026-11-17,0.562,0.182,10.92,3,48,57,88,55,10
thro,2026-11-17,0.570,0.172,11.20,2,54,51,91,55,10
viis,2026-11-17,0.558,0.201,10.23,3,50,55,87,55,10
voya,2026-11-17,0.566,0.167,11.24,2,80,28,91,55,10
whsa,2026-11-17,0.570,0.196,10.74,3,31,72,87,55,10
wica,2026-11-17,0.570,0.179,11.08,2,45,60,90,55,10
wrst,2026-11-17,0.578,0.140,11.67,2,75,33,92,55,10
yell,2026-11-17,0.570,0.179,11.12,2,70,37,90,55,10
yose,2026-11-17,0.574,0.192,10.90,3,41,63,87,55,10
zion,2026-11-17,0.570,0.191,10.89,3,28,75,87,55,10
acad,2026-11-18,0.660,0.260,11.14,3,55,51,85,55,10
arch,2026-11-18,0.668,0.279,10.96,3,33,70,84,55,10
badl,2026-11-18,0.668,0.270,11.12,2,46,59,87,55,10
bibe,2026-11-18,0.664,0.288,10.64,2,34,69,86,55,10
bisc,2026-11-18,0.660,0.285,10.51,5,49,56,74,55,10
blca,2026-11-18,0.668,0.279,10.95,2,35,69,86,55,10
brca,2026-11-18,0.668,0.281,10.92,2,30,73,86,55,10
cany,2026-11-18,0.668,0.280,10.94,2,31,72,86,55,10
care,2026-11-18,0.668,0.280,10.94,2,30,73,86,55,10
cave,2026-11-18,0.668,0.285,10.74,2,34,69,86,55,10
chis,2026-11-18,0.672,0.287,10.80,2,33,70,86,55,10
cong,2026-11-18,0.660,0.277,10.79,4,49,56,81,55,10
crla,2026-11-18,0.672,0.277,11.09,2,69,38,86,55,10
cuva,2026-11-18,0.660,0.268,11.04,6,64,42,59,55,10
deva,2026-11-18,0.672,0.284,10.88,2,26,77,86,55,10
dena,2026-11-18,0.676,0.238,11.81,2,69,38,88,55,10
drto,2026-11-18,0.660,0.286,10.47,2,41,63,86,55,10
ever,2026-11-18,0.660,0.285,10.50,3,42,62,84,55,10
gaar,2026-11-18,0.676,0.219,12.00,2,77,31,89,55,10
jeff,2026-11-18,0.664,0.274,10.95,8,50,39,39,39,10
glba,2026-11-18,0.676,0.249,11.63,2,81,27,88,55,10
glac,2026-11-18,0.668,0.265,11.28,2,81,27,87,55,10
grca,2026-11-18,0.668,0.283,10.87,2,28,75,86,55,10
grte,2026-11-18,0.668,0.273,11.12,2,74,33,87,55,10
grba,2026-11-18,0.672,0.280,10.96,2,35,69,86,55,10
grsa,2026-11-18,0.668,0.279,10.92,2,27,76,86,55,10
grsm,2026-11-18,0.660,0.276,10.85,3,56,50,84,55,10
gumo,2026-11-18,0.668,0.286,10.73,2,32,71,86,55,10
hale,2026-11-18,0.680,0.309,10.33,2,52,53,85,55,10
havo,2026-11-18,0.680,0.310,10.28,3,48,57,83,55,10
hosp,2026-11-18,0.664,0.280,10.82,5,45,60,74,55,10
indu,2026-11-18,0.664,0.269,11.05,6,65,42,59,55,10
isro,2026-11-18,0.660,0.259,11.26,2,78,30,87,55,10
jotr,2026-11-18,0.672,0.286,10.80,3,25,77,84,55,10
katm,2026-11-18,0.676,0.255,11.63,2,83,25,87,55,10
kefj,2026-11-18,0.676,0.250,11.67,2,66,41,88,55,10
kica,2026-11-18,0.672,0.284,10.90,3,34,69,84,55,10
kova,2026-11-18,0.676,0.223,11.98,2,64,42,89,55,10
lacl,2026-11-18,0.676,0.249,11.70,2,82,26,88,55,10
lavo,2026-11-18,0.672,0.280,11.01,2,52,53,86,55,10
maca,2026-11-18,0.664,0.275,10.90,4,55,51,82,55,10
meve,2026-11-18,0.668,0.281,10.91,3,31,72,84,55,10
mora,2026-11-18,0.672,0.271,11.22,3,78,30,84,55,10
npsa,2026-11-18,0.684,0.331,8.62,3,66,41,80,55,10
neri,2026-11-18,0.660,0.272,10.93,3,57,49,84,55,10
noca,2026-11-18,0.672,0.267,11.28,2,83,25,87,55,10
olym,2026-11-18,0.672,0.270,11.25,3,79,29,84,55,10
pefo,2026-11-18,0.668,0.284,10.83,2,29,74,86,55,10
pinn,2026-11-18,0.672,0.285,10.88,3,41,63,84,55,10
redw,2026-11-18,0.672,0.280,11.04,3,58,48,84,55,10
romo,2026-11-18,0.668,0.276,11.01,2,45,60,86,55,10
sagu,2026-11-18,0.668,0.287,10.74,5,30,71,74,55,10
sequ,2026-11-18,0.672,0.284,10.88,3,33,70,84,55,10
shen,2026-11-18,0.660,0.271,10.95,3,48,57,84,55,10
thro,2026-11-18,0.668,0.265,11.23,2,54,51,87,55,10
viis,2026-11-18,0.656,0.286,10.24,3,50,55,84,55,10
voya,2026-11-18,0.664,0.260,11.27,2,80,28,87,55,10
whsa,2026-11-18,0.668,0.285,10.76,3,31,72,84,55,10
wica,2026-11-18,0.668,0.271,11.11,2,45,60,87,55,10
wrst,2026-11-18,0.676,0.242,11.73,2,75,33,88,55,10
yell,2026-11-18,0.668,0.271,11.15,2,70,37,87,55,10
yose,2026-11-18,0.672,0.283,10.93,3,41,63,84,55,10
zion,2026-11-18,0.668,0.282,10.91,3,28,75,84,55,10
acad,2026-11-19,0.754,0.369,11.17,3,55,51,80,55,10
arch,2026-11-19,0.762,0.389,10.98,3,33,70,79,55,10
badl,2026-11-19,0.762,0.382,11.15,2,46,59,82,55,10
bibe,2026-11-19,0.758,0.394,10.65,2,34,69,82,55,10
bisc,2026-11-19,0.754,0.389,10.52,5,49,56,74,55,10
blca,2026-11-19,0.762,0.388,10.97,2,35,69,82,55,10
brca,2026-11-19,0.762,0.390,10.94,2,30,73,82,55,10
cany,2026-11-19,0.762,0.389,10.96,2,31,72,82,55,10
care,2026-11-19,0.762,0.390,10.96,2,30,73,82,55,10
cave,2026-11-19,0.762,0.392,10.75,2,34,69,82,55,10
chis,2026-11-19,0.766,0.396,10.82,2,33,70,82,55,10
cong,2026-11-19,0.754,0.383,10.81,4,49,56,77,55,10
crla,2026-11-19,0.766,0.389,11.12,2,69,38,82,55,10
cuva,2026-11-19,0.754,0.377,11.06,6,64,42,59,55,10
deva,2026-11-19,0.766,0.393,10.90,2,26,75,82,55,10
dena,2026-11-19,0.770,0.369,11.87,2,69,38,83,55,10
drto,2026-11-19,0.754,0.390,10.49,2,41,63,82,55,10
ever,2026-11-19,0.754,0.389,10.51,3,42,62,79,55,10
gaar,2026-11-19,0.770,0.358,12.08,2,77,31,83,55,10
jeff,2026-11-19,0.758,0.382,10.97,8,50,39,39,39,10
glba,2026-11-19,0.770,0.373,11.68,2,81,27,83,55,10
glac,2026-11-19,0.762,0.380,11.32,2,81,27,82,55,10
grca,2026-11-19,0.762,0.392,10.89,2,28,75,82,55,10
grte,2026-11-19,0.762,0.384,11.15,2,74,33,82,55,10
grba,2026-11-19,0.766,0.390,10.99,2,35,69,82,55,10
grsa,2026-11-19,0.762,0.388,10.95,2,27,75,82,55,10
grsm,2026-11-19,0.754,0.383,10.87,3,56,50,80,55,10
gumo,2026-11-19,0.762,0.392,10.75,2,32,71,82,55,10
hale,2026-11-19,0.773,0.415,10.34,2,52,53,81,55,10
havo,2026-11-19,0.773,0.415,10.29,3,48,57,78,55,10
hosp,2026-11-19,0.758,0.387,10.84,5,45,60,74,55,10
indu,2026-11-19,0.758,0.379,11.08,6,65,42,59,55,10
isro,2026-11-19,0.754,0.372,11.29,2,78,30,83,55,10
jotr,2026-11-19,0.766,0.394,10.82,3,25,73,79,55,10
katm,2026-11-19,0.770,0.380,11.68,2,83,25,82,55,10
kefj,2026-11-19,0.770,0.376,11.72,2,66,41,82,55,10
kica,2026-11-19,0.766,0.393,10.92,3,34,69,79,55,10
kova,2026-11-19,0.770,0.362,12.06,2,64,42,83,55,10
lacl,2026-11-19,0.770,0.376,11.76,2,82,26,82,55,10
lavo,2026-11-19,0.766,0.391,11.04,2,52,53,82,55,10
maca,2026-11-19,0.758,0.382,10.93,4,55,51,77,55,10
meve,2026-11-19,0.762,0.389,10.93,3,31,72,79,55,10
mora,2026-11-19,0.766,0.385,11.25,3,78,30,80,55,10
npsa,2026-11-19,0.777,0.430,8.61,3,66,41,76,55,10
neri,2026-11-19,0.754,0.380,10.95,3,57,49,80,55,10
noca,2026-11-19,0.766,0.382,11.32,2,83,25,82,55,10
olym,2026-11-19,0.766,0.384,11.29,3,79,29,80,55,10
pefo,2026-11-19,0.762,0.392,10.85,2,29,74,82,55,10
pinn,2026-11-19,0.766,0.394,10.90,3,41,63,79,55,10
redw,2026-11-19,0.766,0.391,11.07,3,58,48,79,55,10
romo,2026-11-19,0.762,0.386,11.03,2,45,60,82,55,10
sagu,2026-11-19,0.762,0.394,10.76,5,30,67,74,55,10
sequ,2026-11-19,0.766,0.393,10.90,3,33,70,79,55,10
shen,2026-11-19,0.754,0.379,10.97,3,48,57,80,55,10
thro,2026-11-19,0.762,0.378,11.26,2,54,51,82,55,10
viis,2026-11-19,0.751,0.388,10.25,3,50,55,79,55,10
voya,2026-11-19,0.758,0.373,11.31,2,80,28,83,55,10
whsa,2026-11-19,0.762,0.392,10.78,3,31,72,79,55,10
wica,2026-11-19,0.762,0.382,11.14,2,45,60,82,55,10
wrst,2026-11-19,0.770,0.370,11.79,2,75,33,83,55,10
yell,2026-11-19,0.762,0.383,11.18,2,70,37,82,55,10
yose,2026-11-19,0.766,0.393,10.95,3,41,63,79,55,10
zion,2026-11-19,0.762,0.391,10.93,3,28,72,79,55,10
acad,2026-11-20,0.841,0.500,11.20,3,55,51,75,55,10
arch,2026-11-20,0.848,0.518,11.00,3,33,66,74,55,10
badl,2026-11-20,0.848,0.514,11.17,2,46,59,77,55,10
bibe,2026-11-20,0.844,0.518,10.67,2,34,68,77,55,10
bisc,2026-11-20,0.841,0.511,10.53,5,49,56,70,55,10
blca,2026-11-20,0.848,0.518,11.00,2,35,68,77,55,10
brca,2026-11-20,0.848,0.520,10.96,2,30,69,77,55,10
cany,2026-11-20,0.848,0.519,10.98,2,31,69,77,55,10
care,2026-11-20,0.848,0.519,10.99,2,30,69,77,55,10
cave,2026-11-20,0.848,0.518,10.77,2,34,68,77,55,10
chis,2026-11-20,0.851,0.524,10.84,2,33,68,77,55,10
cong,2026-11-20,0.841,0.509,10.83,4,49,56,72,55,10
crla,2026-11-20,0.851,0.522,11.15,2,69,38,77,55,10
cuva,2026-11-20,0.841,0.507,11.09,6,64,42,59,55,10
deva,2026-11-20,0.851,0.522,10.92,2,26,70,77,55,10
dena,2026-11-20,0.854,0.527,11.93,2,69,38,76,55,10
drto,2026-11-20,0.841,0.512,10.50,2,41,63,77,55,10
ever,2026-11-20,0.841,0.511,10.53,3,42,62,75,55,10
gaar,2026-11-20,0.854,0.527,12.15,2,77,31,76,55,10
jeff,2026-11-20,0.844,0.511,11.00,8,50,39,39,39,10
glba,2026-11-20,0.854,0.522,11.73,2,81,27,77,55,10
glac,2026-11-20,0.848,0.517,11.35,2,81,27,77,55,10
grca,2026-11-20,0.848,0.520,10.91,2,28,70,77,55,10
grte,2026-11-20,0.848,0.517,11.18,2,74,33,77,55,10
grba,2026-11-20,0.851,0.520,11.01,2,35,68,77,55,10
grsa,2026-11-20,0.848,0.517,10.97,2,27,70,77,55,10
grsm,2026-11-20,0.841,0.509,10.89,3,56,50,75,55,10
gumo,2026-11-20,0.848,0.518,10.76,2,32,69,77,55,10
hale,2026-11-20,0.858,0.539,10.35,2,52,53,76,55,10
havo,2026-11-20,0.858,0.539,10.30,3,48,57,73,55,10
hosp,2026-11-20,0.844,0.513,10.85,5,45,58,69,55,10
indu,2026-11-20,0.844,0.509,11.10,6,65,42,59,55,10
isro,2026-11-20,0.841,0.507,11.32,2,78,30,77,55,10
jotr,2026-11-20,0.851,0.522,10.83,3,25,68,74,55,10
katm,2026-11-20,0.854,0.531,11.73,2,83,25,76,55,10
kefj,2026-11-20,0.854,0.528,11.78,2,66,41,76,55,10
kica,2026-11-20,0.851,0.523,10.94,3,34,66,74,55,10
kova,2026-11-20,0.854,0.530,12.13,2,64,42,76,55,10
lacl,2026-11-20,0.854,0.529,11.81,2,82,26,76,55,10
lavo,2026-11-20,0.851,0.523,11.06,2,52,53,77,55,10
maca,2026-11-20,0.844,0.510,10.95,4,55,51,72,55,10
meve,2026-11-20,0.848,0.519,10.95,3,31,67,74,55,10
mora,2026-11-20,0.851,0.521,11.29,3,78,30,74,55,10
npsa,2026-11-20,0.861,0.545,8.59,3,66,41,71,55,10
neri,2026-11-20,0.841,0.508,10.97,3,57,49,75,55,10
noca,2026-11-20,0.851,0.520,11.35,2,83,25,77,55,10
olym,2026-11-20,0.851,0.521,11.32,3,79,29,74,55,10
pefo,2026-11-20,0.848,0.520,10.87,2,29,69,77,55,10
pinn,2026-11-20,0.851,0.524,10.92,3,41,63,74,55,10
redw,2026-11-20,0.851,0.523,11.09,3,58,48,74,55,10
romo,2026-11-20,0.848,0.516,11.06,2,45,60,77,55,10
sagu,2026-11-20,0.848,0.521,10.77,5,30,62,69,55,10
sequ,2026-11-20,0.851,0.523,10.92,3,33,66,74,55,10
shen,2026-11-20,0.841,0.506,10.99,3,48,57,75,55,10
thro,2026-11-20,0.848,0.513,11.29,2,54,51,77,55,10
viis,2026-11-20,0.838,0.506,10.26,3,50,55,75,55,10
voya,2026-11-20,0.844,0.508,11.34,2,80,28,77,55,10
whsa,2026-11-20,0.848,0.519,10.79,3,31,66,74,55,10
wica,2026-11-20,0.848,0.515,11.17,2,45,60,77,55,10
wrst,2026-11-20,0.854,0.524,11.84,2,75,33,77,55,10
yell,2026-11-20,0.848,0.517,11.21,2,70,37,77,55,10
yose,2026-11-20,0.851,0.523,10.97,3,41,63,74,55,10
zion,2026-11-20,0.848,0.520,10.95,3,28,67,74,55,10
acad,2026-11-21,0.914,0.655,11.22,3,55,51,69,55,10
arch,2026-11-21,0.919,0.671,11.02,3,33,60,68,55,10
badl,2026-11-21,0.919,0.670,11.20,2,46,59,71,55,10
bibe,2026-11-21,0.917,0.665,10.68,2,34,62,71,55,10
bisc,2026-11-21,0.914,0.654,10.54,5,49,52,64,51,10
blca,2026-11-21,0.919,0.670,11.02,2,35,62,71,55,10
brca,2026-11-21,0.919,0.672,10.98,2,30,63,71,55,10
cany,2026-11-21,0.919,0.671,11.01,2,31,63,71,55,10
care,2026-11-21,0.919,0.672,11.01,2,30,63,71,55,10
cave,2026-11-21,0.919,0.666,10.79,2,34,62,71,55,10
chis,2026-11-21,0.922,0.674,10.86,2,33,62,71,55,10
cong,2026-11-21,0.914,0.657,10.85,4,49,54,66,54,10
crla,2026-11-21,0.922,0.679,11.17,2,69,38,70,55,10
cuva,2026-11-21,0.914,0.659,11.11,6,64,42,59,49,10
deva,2026-11-21,0.922,0.674,10.94,2,26,64,71,55,10
dena,2026-11-21,0.925,0.714,11.98,2,69,38,69,55,10
drto,2026-11-21,0.914,0.655,10.51,2,41,61,71,55,10
ever,2026-11-21,0.914,0.655,10.54,3,42,58,69,55,10
gaar,2026-11-21,0.925,0.718,12.22,2,77,31,69,55,10
jeff,2026-11-21,0.917,0.662,11.02,8,50,39,39,39,10
glba,2026-11-21,0.925,0.701,11.78,2,81,27,69,55,10
glac,2026-11-21,0.919,0.679,11.38,2,81,27,70,55,10
grca,2026-11-21,0.919,0.671,10.93,2,28,64,71,55,10
grte,2026-11-21,0.919,0.674,11.21,2,74,33,71,55,10
grba,2026-11-21,0.922,0.674,11.03,2,35,62,71,55,10
grsa,2026-11-21,0.919,0.669,10.99,2,27,64,71,55,10
grsm,2026-11-21,0.914,0.658,10.91,3,56,50,69,55,10
gumo,2026-11-21,0.919,0.667,10.78,2,32,63,71,55,10
hale,2026-11-21,0.927,0.686,10.36,2,52,53,70,55,10
havo,2026-11-21,0.927,0.685,10.31,3,48,56,68,55,10
hosp,2026-11-21,0.917,0.662,10.87,5,45,52,64,51,10
indu,2026-11-21,0.917,0.662,11.13,6,65,42,59,49,10
isro,2026-11-21,0.914,0.666,11.35,2,78,30,71,55,10
jotr,2026-11-21,0.922,0.672,10.85,3,25,62,68,55,10
katm,2026-11-21,0.925,0.710,11.77,2,83,25,69,55,10
kefj,2026-11-21,0.925,0.709,11.82,2,66,41,69,55,10
kica,2026-11-21,0.922,0.675,10.96,3,34,60,68,55,10
kova,2026-11-21,0.925,0.720,12.20,2,64,42,69,55,10
lacl,2026-11-21,0.925,0.712,11.86,2,82,26,69,55,10
lavo,2026-11-21,0.922,0.678,11.09,2,52,53,70,55,10
maca,2026-11-21,0.917,0.660,10.97,4,55,51,66,54,10
meve,2026-11-21,0.919,0.670,10.97,3,31,60,68,55,10
mora,2026-11-21,0.922,0.681,11.32,3,78,30,68,55,10
npsa,2026-11-21,0.930,0.681,8.58,3,66,41,66,53,10
neri,2026-11-21,0.914,0.658,10.99,3,57,49,69,55,10
noca,2026-11-21,0.922,0.682,11.38,2,83,25,70,55,10
olym,2026-11-21,0.922,0.683,11.35,3,79,29,68,55,10
pefo,2026-11-21,0.919,0.670,10.89,2,29,63,71,55,10
pinn,2026-11-21,0.922,0.676,10.94,3,41,58,68,55,10
redw,2026-11-21,0.922,0.679,11.12,3,58,48,68,55,10
romo,2026-11-21,0.919,0.670,11.08,2,45,59,71,55,10
sagu,2026-11-21,0.919,0.669,10.79,5,30,56,63,51,10
sequ,2026-11-21,0.922,0.675,10.94,3,33,60,68,55,10
shen,2026-11-21,0.914,0.657,11.01,3,48,57,69,55,10
thro,2026-11-21,0.919,0.672,11.33,2,54,51,71,55,10
viis,2026-11-21,0.911,0.646,10.27,3,50,55,69,55,10
voya,2026-11-21,0.917,0.668,11.37,2,80,28,71,55,10
whsa,2026-11-21,0.919,0.668,10.81,3,31,61,68,55,10
wica,2026-11-21,0.919,0.671,11.20,2,45,59,71,55,10
wrst,2026-11-21,0.925,0.708,11.90,2,75,33,69,55,10
yell,2026-11-21,0.919,0.675,11.23,2,70,37,71,55,10
yose,2026-11-21,0.922,0.676,10.99,3,41,58,68,55,10
zion,2026-11-21,0.919,0.672,10.97,3,28,61,68,55,10
acad,2026-11-22,0.968,0.824,11.25,3,55,48,62,50,10
arch,2026-11-22,0.971,0.839,11.04,3,33,53,61,49,10
badl,2026-11-22,0.971,0.837,11.23,2,46,53,64,52,10
bibe,2026-11-22,0.969,0.834,10.70,2,34,56,64,52,10
bisc,2026-11-22,0.968,0.822,10.55,5,49,45,57,45,10
blca,2026-11-22,0.971,0.838,11.04,2,35,55,64,51,10
brca,2026-11-22,0.971,0.839,11.00,2,30,56,64,51,10
cany,2026-11-22,0.971,0.839,11.03,2,31,56,64,51,10
care,2026-11-22,0.971,0.839,11.03,2,30,56,64,51,10
cave,2026-11-22,0.971,0.835,10.80,2,34,56,64,52,10
chis,2026-11-22,0.973,0.842,10.87,2,33,56,64,51,10
cong,2026-11-22,0.968,0.826,10.86,4,49,47,59,47,10
crla,2026-11-22,0.973,0.843,11.20,2,69,38,64,51,10
cuva,2026-11-22,0.968,0.829,11.14,6,64,38,54,42,10
deva,2026-11-22,0.973,0.841,10.96,2,26,57,64,51,10
dena,2026-11-22,0.974,0.846,12.04,2,69,38,64,51,10
drto,2026-11-22,0.968,0.823,10.52,2,41,54,65,52,10
ever,2026-11-22,0.968,0.822,10.55,3,42,52,62,50,10
gaar,2026-11-22,0.974,0.843,12.29,2,77,31,64,51,10
jeff,2026-11-22,0.969,0.831,11.04,8,50,37,39,37,10
glba,2026-11-22,0.974,0.845,11.83,2,81,27,64,51,10
glac,2026-11-22,0.971,0.840,11.41,2,81,27,64,51,10
grca,2026-11-22,0.971,0.839,10.95,2,28,57,64,51,10
grte,2026-11-22,0.971,0.839,11.23,2,74,33,64,51,10
grba,2026-11-22,0.973,0.840,11.05,2,35,55,64,51,10
grsa,2026-11-22,0.971,0.837,11.01,2,27,57,64,52,10
grsm,2026-11-22,0.968,0.828,10.93,3,56,48,62,49,10
gumo,2026-11-22,0.971,0.835,10.80,2,32,56,64,52,10
hale,2026-11-22,0.976,0.852,10.37,2,52,50,63,51,10
havo,2026-11-22,0.976,0.851,10.32,3,48,49,61,48,10
hosp,2026-11-22,0.969,0.831,10.89,5,45,45,57,44,10
indu,2026-11-22,0.969,0.831,11.15,6,65,38,54,42,10
isro,2026-11-22,0.968,0.832,11.39,2,78,30,64,52,10
jotr,2026-11-22,0.973,0.840,10.87,3,25,55,61,49,10
katm,2026-11-22,0.974,0.850,11.82,2,83,25,63,51,10
kefj,2026-11-22,0.974,0.848,11.87,2,66,41,64,51,10
kica,2026-11-22,0.973,0.842,10.98,3,34,53,61,49,10
kova,2026-11-22,0.974,0.846,12.27,2,64,42,64,51,10
lacl,2026-11-22,0.974,0.849,11.91,2,82,26,64,51,10
lavo,2026-11-22,0.973,0.843,11.11,2,52,51,64,51,10
maca,2026-11-22,0.969,0.829,10.99,4,55,46,59,47,10
meve,2026-11-22,0.971,0.838,10.99,3,31,54,61,49,10
mora,2026-11-22,0.973,0.843,11.34,3,78,30,61,49,10
npsa,2026-11-22,0.977,0.839,8.57,3,66,41,59,47,10
neri,2026-11-22,0.968,0.828,11.01,3,57,48,62,49,10
noca,2026-11-22,0.973,0.843,11.41,2,83,25,64,51,10
olym,2026-11-22,0.973,0.844,11.38,3,79,29,61,49,10
pefo,2026-11-22,0.971,0.838,10.91,2,29,57,64,51,10
pinn,2026-11-22,0.973,0.843,10.96,3,41,51,61,49,10
redw,2026-11-22,0.973,0.844,11.14,3,58,47,61,49,10
romo,2026-11-22,0.971,0.837,11.10,2,45,53,64,52,10
sagu,2026-11-22,0.971,0.838,10.81,5,30,49,56,44,10
sequ,2026-11-22,0.973,0.842,10.96,3,33,53,61,49,10
shen,2026-11-22,0.968,0.827,11.03,3,48,50,62,49,10
thro,2026-11-22,0.971,0.837,11.36,2,54,51,64,52,10
viis,2026-11-22,0.966,0.810,10.27,3,50,50,63,50,10
voya,2026-11-22,0.969,0.833,11.40,2,80,28,64,52,10
whsa,2026-11-22,0.971,0.836,10.83,3,31,54,62,49,10
wica,2026-11-22,0.971,0.837,11.22,2,45,53,64,52,10
wrst,2026-11-22,0.974,0.845,11.95,2,75,33,64,51,10
yell,2026-11-22,0.971,0.839,11.26,2,70,37,64,51,10
yose,2026-11-22,0.973,0.842,11.01,3,41,51,61,49,10
zion,2026-11-22,0.971,0.840,10.99,3,28,54,61,49,10
acad,2026-11-23,0.996,0.937,11.28,3,55,44,58,45,10
arch,2026-11-23,0.997,0.949,11.07,3,33,49,57,45,10
badl,2026-11-23,0.997,0.946,11.25,2,46,48,60,47,10
bibe,2026-11-23,0.997,0.948,10.71,2,34,51,60,47,10
bisc,2026-11-23,0.996,0.942,10.57,5,49,40,52,40,10
blca,2026-11-23,0.997,0.949,11.06,2,35,51,60,47,10
brca,2026-11-23,0.997,0.950,11.02,2,30,52,59,47,10
cany,2026-11-23,0.997,0.950,11.05,2,31,52,60,47,10
care,2026-11-23,0.997,0.950,11.05,2,30,52,60,47,10
cave,2026-11-23,0.997,0.949,10.82,2,34,51,60,47,10
chis,2026-11-23,0.998,0.953,10.89,2,33,51,59,47,10
cong,2026-11-23,0.996,0.942,10.88,4,49,43,55,42,10
crla,2026-11-23,0.998,0.952,11.22,2,69,38,59,47,10
cuva,2026-11-23,0.996,0.941,11.16,6,64,34,50,37,10
deva,2026-11-23,0.998,0.952,10.98,2,26,53,59,47,10
dena,2026-11-23,0.998,0.951,12.09,2,69,38,59,47,10
drto,2026-11-23,0.996,0.943,10.53,2,41,50,60,47,10
ever,2026-11-23,0.996,0.942,10.56,3,42,47,57,45,10
gaar,2026-11-23,0.998,0.948,12.36,2,77,31,60,47,10
jeff,2026-11-23,0.997,0.944,11.06,8,50,32,39,32,10
glba,2026-11-23,0.998,0.950,11.87,2,81,27,60,47,10
glac,2026-11-23,0.997,0.948,11.44,2,81,27,60,47,10
grca,2026-11-23,0.997,0.950,10.96,2,28,52,59,47,10
grte,2026-11-23,0.997,0.949,11.26,2,74,33,60,47,10
grba,2026-11-23,0.998,0.951,11.07,2,35,51,59,47,10
grsa,2026-11-23,0.997,0.948,11.03,2,27,53,60,47,10
grsm,2026-11-23,0.996,0.943,10.95,3,56,43,57,45,10
gumo,2026-11-23,0.997,0.949,10.81,2,32,52,60,47,10
hale,2026-11-23,0.999,0.962,10.38,2,52,46,59,47,10
havo,2026-11-23,0.999,0.962,10.32,3,48,45,57,44,10
hosp,2026-11-23,0.997,0.945,10.91,5,45,41,52,40,10
indu,2026-11-23,0.997,0.943,11.17,6,65,34,50,37,10
isro,2026-11-23,0.996,0.941,11.42,2,78,30,60,47,10
jotr,2026-11-23,0.998,0.952,10.89,3,25,51,57,44,10
katm,2026-11-23,0.998,0.955,11.86,2,83,25,59,47,10
kefj,2026-11-23,0.998,0.953,11.92,2,66,41,59,47,10
kica,2026-11-23,0.998,0.952,11.00,3,34,48,57,44,10
kova,2026-11-23,0.998,0.949,12.33,2,64,42,60,47,10
lacl,2026-11-23,0.998,0.953,11.96,2,82,26,59,47,10
lavo,2026-11-23,0.998,0.952,11.13,2,52,46,59,47,10
maca,2026-11-23,0.997,0.943,11.01,4,55,41,55,42,10
meve,2026-11-23,0.997,0.949,11.01,3,31,49,57,45,10
mora,2026-11-23,0.998,0.951,11.37,3,78,30,57,44,10
npsa,2026-11-23,0.999,0.950,8.56,3,66,38,55,42,10
neri,2026-11-23,0.996,0.942,11.03,3,57,43,57,45,10
noca,2026-11-23,0.998,0.950,11.44,2,83,25,59,47,10
olym,2026-11-23,0.998,0.951,11.41,3,79,29,57,44,10
pefo,2026-11-23,0.997,0.950,10.93,2,29,52,60,47,10
pinn,2026-11-23,0.998,0.953,10.98,3,41,47,57,44,10
redw,2026-11-23,0.998,0.953,11.17,3,58,42,57,44,10
romo,2026-11-23,0.997,0.948,11.13,2,45,48,60,47,10
sagu,2026-11-23,0.997,0.950,10.82,5,30,44,52,39,10
sequ,2026-11-23,0.998,0.952,10.98,3,33,49,57,44,10
shen,2026-11-23,0.996,0.941,11.06,3,48,45,57,45,10
thro,2026-11-23,0.997,0.946,11.38,2,54,46,60,47,10
viis,2026-11-23,0.996,0.937,10.28,3,50,45,58,45,10
voya,2026-11-23,0.997,0.942,11.43,2,80,28,60,47,10
whsa,2026-11-23,0.997,0.949,10.84,3,31,49,57,45,10
wica,2026-11-23,0.997,0.947,11.25,2,45,48,60,47,10
wrst,2026-11-23,0.998,0.950,12.00,2,75,33,60,47,10
yell,2026-11-23,0.997,0.948,11.29,2,70,37,60,47,10
yose,2026-11-23,0.998,0.952,11.03,3,41,47,57,44,10
zion,2026-11-23,0.997,0.951,11.01,3,28,50,57,44,10
acad,2026-11-24,0.996,0.928,11.30,3,55,44,58,45,10
arch,2026-11-24,0.995,0.918,11.09,3,33,50,58,46,10
badl,2026-11-24,0.995,0.919,11.28,2,46,49,61,48,10
bibe,2026-11-24,0.996,0.919,10.73,2,34,52,61,48,10
bisc,2026-11-24,0.996,0.925,10.58,5,49,41,53,40,10
blca,2026-11-24,0.995,0.918,11.08,2,35,52,61,48,10
brca,2026-11-24,0.995,0.917,11.04,2,30,53,61,48,10
cany,2026-11-24,0.995,0.918,11.07,2,31,53,61,48,10
care,2026-11-24,0.995,0.917,11.07,2,30,53,61,48,10
cave,2026-11-24,0.995,0.919,10.84,2,34,52,61,48,10
chis,2026-11-24,0.994,0.915,10.91,2,33,53,61,48,10
cong,2026-11-24,0.996,0.926,10.90,4,49,43,55,43,10
crla,2026-11-24,0.994,0.914,11.25,2,69,38,61,48,10
cuva,2026-11-24,0.996,0.925,11.18,6,64,34,50,38,10
deva,2026-11-24,0.994,0.916,11.00,2,26,54,61,48,10
dena,2026-11-24,0.993,0.899,12.15,2,69,38,62,49,10
drto,2026-11-24,0.996,0.924,10.54,2,41,50,61,48,10
ever,2026-11-24,0.996,0.925,10.57,3,42,47,58,45,10
gaar,2026-11-24,0.993,0.896,12.42,2,77,31,62,49,10
jeff,2026-11-24,0.996,0.923,11.08,8,50,33,39,33,10
glba,2026-11-24,0.993,0.905,11.91,2,81,27,61,49,10
glac,2026-11-24,0.995,0.915,11.47,2,81,27,61,48,10
grca,2026-11-24,0.995,0.917,10.98,2,28,54,61,48,10
grte,2026-11-24,0.995,0.917,11.28,2,74,33,61,48,10
grba,2026-11-24,0.994,0.916,11.09,2,35,52,61,48,10
grsa,2026-11-24,0.995,0.919,11.05,2,27,54,61,48,10
grsm,2026-11-24,0.996,0.925,10.97,3,56,44,58,46,10
gumo,2026-11-24,0.995,0.919,10.83,2,32,53,61,48,10
hale,2026-11-24,0.992,0.903,10.39,2,52,48,61,49,10
havo,2026-11-24,0.992,0.902,10.33,3,48,47,59,46,10
hosp,2026-11-24,0.996,0.922,10.93,5,45,42,53,41,10
indu,2026-11-24,0.996,0.923,11.20,6,65,34,51,38,10
isro,2026-11-24,0.996,0.922,11.44,2,78,30,61,48,10
jotr,2026-11-24,0.994,0.916,10.90,3,25,52,58,46,10
katm,2026-11-24,0.993,0.901,11.91,2,83,25,61,49,10
kefj,2026-11-24,0.993,0.901,11.97,2,66,41,61,49,10
kica,2026-11-24,0.994,0.915,11.02,3,34,50,58,46,10
kova,2026-11-24,0.993,0.895,12.40,2,64,42,62,49,10
lacl,2026-11-24,0.993,0.900,12.00,2,82,26,61,49,10
lavo,2026-11-24,0.994,0.914,11.15,2,52,48,61,48,10
maca,2026-11-24,0.996,0.924,11.03,4,55,42,56,43,10
meve,2026-11-24,0.995,0.918,11.03,3,31,51,58,46,10
mora,2026-11-24,0.994,0.913,11.40,3,78,30,58,46,10
npsa,2026-11-24,0.992,0.874,8.54,3,66,41,58,45,10
neri,2026-11-24,0.996,0.926,11.05,3,57,44,58,45,10
noca,2026-11-24,0.994,0.913,11.47,2,83,25,61,48,10
olym,2026-11-24,0.994,0.912,11.44,3,79,29,59,46,10
pefo,2026-11-24,0.995,0.918,10.94,2,29,54,61,48,10
pinn,2026-11-24,0.994,0.914,11.00,3,41,48,58,46,10
redw,2026-11-24,0.994,0.913,11.19,3,58,44,58,46,10
romo,2026-11-24,0.995,0.919,11.15,2,45,50,61,48,10
sagu,2026-11-24,0.995,0.917,10.84,5,30,46,53,41,10
sequ,2026-11-24,0.994,0.915,11.00,3,33,50,58,46,10
shen,2026-11-24,0.996,0.926,11.08,3,48,46,58,45,10
thro,2026-11-24,0.995,0.918,11.41,2,54,47,61,48,10
viis,2026-11-24,0.997,0.928,10.29,3,50,45,58,45,10
voya,2026-11-24,0.996,0.921,11.46,2,80,28,61,48,10
whsa,2026-11-24,0.995,0.919,10.86,3,31,51,58,46,10
wica,2026-11-24,0.995,0.919,11.27,2,45,50,61,48,10
wrst,2026-11-24,0.993,0.903,12.05,2,75,33,61,49,10
yell,2026-11-24,0.995,0.917,11.31,2,70,37,61,48,10
yose,2026-11-24,0.994,0.915,11.05,3,41,48,58,46,10
zion,2026-11-24,0.995,0.917,11.03,3,28,51,58,46,10
acad,2026-11-25,0.966,0.824,11.33,3,55,48,62,50,10
arch,2026-11-25,0.963,0.808,11.11,3,33,54,63,50,10
badl,2026-11-25,0.963,0.813,11.30,2,46,53,65,52,10
bibe,2026-11-25,0.965,0.803,10.74,2,34,57,65,53,10
bisc,2026-11-25,0.966,0.808,10.59,5,49,45,58,45,10
blca,2026-11-25,0.963,0.809,11.10,2,35,56,65,53,10
brca,2026-11-25,0.963,0.807,11.06,2,30,58,65,53,10
cany,2026-11-25,0.963,0.808,11.09,2,31,57,65,53,10
care,2026-11-25,0.963,0.807,11.09,2,30,58,65,53,10
cave,2026-11-25,0.963,0.805,10.85,2,34,57,65,53,10
chis,2026-11-25,0.961,0.801,10.92,2,33,57,65,53,10
cong,2026-11-25,0.966,0.815,10.91,4,49,48,60,47,10
crla,2026-11-25,0.961,0.806,11.27,2,69,38,65,53,10
cuva,2026-11-25,0.966,0.819,11.20,6,64,39,55,42,10
deva,2026-11-25,0.961,0.804,11.02,2,26,59,65,53,10
dena,2026-11-25,0.959,0.800,12.20,2,69,38,66,53,10
drto,2026-11-25,0.966,0.806,10.55,2,41,55,65,53,10
ever,2026-11-25,0.966,0.808,10.58,3,42,52,63,50,10
gaar,2026-11-25,0.959,0.798,12.49,2,77,31,66,53,10
jeff,2026-11-25,0.965,0.815,11.10,8,50,37,39,37,10
glba,2026-11-25,0.959,0.805,11.96,2,81,27,65,53,10
glac,2026-11-25,0.963,0.811,11.50,2,81,27,65,53,10
grca,2026-11-25,0.963,0.805,11.00,2,28,58,65,53,10
grte,2026-11-25,0.963,0.810,11.31,2,74,33,65,53,10
grba,2026-11-25,0.961,0.807,11.11,2,35,56,65,53,10
grsa,2026-11-25,0.963,0.809,11.07,2,27,58,65,53,10
grsm,2026-11-25,0.966,0.815,10.98,3,56,48,62,50,10
gumo,2026-11-25,0.963,0.805,10.84,2,32,57,65,53,10
hale,2026-11-25,0.957,0.765,10.39,2,52,53,67,54,10
havo,2026-11-25,0.957,0.763,10.34,3,48,52,64,52,10
hosp,2026-11-25,0.965,0.811,10.94,5,45,46,58,45,10
indu,2026-11-25,0.965,0.817,11.22,6,65,39,55,42,10
isro,2026-11-25,0.966,0.818,11.47,2,78,30,65,52,10
jotr,2026-11-25,0.961,0.802,10.92,3,25,57,63,50,10
katm,2026-11-25,0.959,0.799,11.95,2,83,25,66,53,10
kefj,2026-11-25,0.959,0.801,12.01,2,66,41,65,53,10
kica,2026-11-25,0.961,0.804,11.04,3,34,54,63,50,10
kova,2026-11-25,0.959,0.796,12.46,2,64,42,66,53,10
lacl,2026-11-25,0.959,0.800,12.05,2,82,26,66,53,10
lavo,2026-11-25,0.961,0.805,11.18,2,52,52,65,53,10
maca,2026-11-25,0.965,0.815,11.05,4,55,46,60,47,10
meve,2026-11-25,0.963,0.808,11.05,3,31,55,63,50,10
mora,2026-11-25,0.961,0.808,11.43,3,78,30,63,50,10
npsa,2026-11-25,0.955,0.697,8.53,3,66,41,65,52,10
neri,2026-11-25,0.966,0.818,11.07,3,57,48,62,50,10
noca,2026-11-25,0.961,0.808,11.50,2,83,25,65,53,10
olym,2026-11-25,0.961,0.807,11.47,3,79,29,63,50,10
pefo,2026-11-25,0.963,0.806,10.96,2,29,58,65,53,10
pinn,2026-11-25,0.961,0.802,11.02,3,41,53,63,50,10
redw,2026-11-25,0.961,0.805,11.21,3,58,48,63,50,10
romo,2026-11-25,0.963,0.810,11.17,2,45,54,65,53,10
sagu,2026-11-25,0.963,0.803,10.85,5,30,50,58,45,10
sequ,2026-11-25,0.961,0.803,11.02,3,33,55,63,50,10
shen,2026-11-25,0.966,0.819,11.10,3,48,50,62,50,10
thro,2026-11-25,0.963,0.814,11.44,2,54,51,65,52,10
viis,2026-11-25,0.968,0.807,10.29,3,50,50,63,50,10
voya,2026-11-25,0.965,0.817,11.49,2,80,28,65,52,10
whsa,2026-11-25,0.963,0.805,10.88,3,31,55,63,50,10
wica,2026-11-25,0.963,0.813,11.30,2,45,54,65,52,10
wrst,2026-11-25,0.959,0.803,12.09,2,75,33,65,53,10
yell,2026-11-25,0.963,0.811,11.34,2,70,37,65,53,10
yose,2026-11-25,0.961,0.804,11.07,3,41,53,63,50,10
zion,2026-11-25,0.963,0.806,11.05,3,28,56,63,50,10
acad,2026-11-26,0.909,0.680,11.35,3,55,51,68,55,10
arch,2026-11-26,0.903,0.647,11.12,3,33,61,69,55,10
badl,2026-11-26,0.903,0.662,11.32,2,46,59,71,55,10
bibe,2026-11-26,0.906,0.632,10.75,2,34,64,72,55,10
bisc,2026-11-26,0.909,0.637,10.60,5,49,52,65,52,10
blca,2026-11-26,0.903,0.648,11.12,2,35,63,72,55,10
brca,2026-11-26,0.903,0.644,11.08,2,30,64,72,55,10
cany,2026-11-26,0.903,0.646,11.11,2,31,64,72,55,10
care,2026-11-26,0.903,0.646,11.11,2,30,64,72,55,10
cave,2026-11-26,0.903,0.637,10.86,2,34,64,72,55,10
chis,2026-11-26,0.900,0.633,10.94,2,33,64,72,55,10
cong,2026-11-26,0.909,0.651,10.93,4,49,54,66,54,10
crla,2026-11-26,0.900,0.651,11.29,2,69,38,71,55,10
cuva,2026-11-26,0.909,0.666,11.22,6,64,42,59,48,10
deva,2026-11-26,0.900,0.639,11.04,2,26,65,72,55,10
dena,2026-11-26,0.897,0.688,12.25,2,69,38,70,55,10
drto,2026-11-26,0.909,0.634,10.56,2,41,62,72,55,10
ever,2026-11-26,0.909,0.636,10.59,3,42,59,70,55,10
gaar,2026-11-26,0.897,0.691,12.55,2,77,31,70,55,10
jeff,2026-11-26,0.906,0.656,11.12,8,50,39,39,39,10
glba,2026-11-26,0.897,0.687,12.00,2,81,27,70,55,10
glac,2026-11-26,0.903,0.671,11.53,2,81,27,71,55,10
grca,2026-11-26,0.903,0.641,11.02,2,28,65,72,55,10
grte,2026-11-26,0.903,0.659,11.33,2,74,33,71,55,10
grba,2026-11-26,0.900,0.646,11.13,2,35,63,72,55,10
grsa,2026-11-26,0.903,0.647,11.09,2,27,65,72,55,10
grsm,2026-11-26,0.909,0.653,11.00,3,56,50,69,55,10
gumo,2026-11-26,0.903,0.636,10.86,2,32,64,72,55,10
hale,2026-11-26,0.894,0.594,10.40,2,52,53,74,55,10
havo,2026-11-26,0.894,0.592,10.34,3,48,57,71,55,10
hosp,2026-11-26,0.906,0.647,10.96,5,45,53,64,52,10
indu,2026-11-26,0.906,0.664,11.24,6,65,42,59,48,10
isro,2026-11-26,0.909,0.681,11.50,2,78,30,70,55,10
jotr,2026-11-26,0.900,0.635,10.94,3,25,63,70,55,10
katm,2026-11-26,0.897,0.680,11.99,2,83,25,70,55,10
kefj,2026-11-26,0.897,0.684,12.05,2,66,41,70,55,10
kica,2026-11-26,0.900,0.640,11.05,3,34,61,69,55,10
kova,2026-11-26,0.897,0.689,12.52,2,64,42,70,55,10
lacl,2026-11-26,0.897,0.684,12.09,2,82,26,70,55,10
lavo,2026-11-26,0.900,0.646,11.20,2,52,53,72,55,10
maca,2026-11-26,0.906,0.655,11.06,4,55,51,66,54,10
meve,2026-11-26,0.903,0.645,11.07,3,31,61,69,55,10
mora,2026-11-26,0.900,0.661,11.45,3,78,30,69,55,10
npsa,2026-11-26,0.891,0.527,8.52,3,66,41,72,55,10
neri,2026-11-26,0.909,0.659,11.09,3,57,49,69,55,10
noca,2026-11-26,0.900,0.667,11.53,2,83,25,71,55,10
olym,2026-11-26,0.900,0.663,11.49,3,79,29,68,55,10
pefo,2026-11-26,0.903,0.640,10.98,2,29,65,72,55,10
pinn,2026-11-26,0.900,0.638,11.04,3,41,59,69,55,10
redw,2026-11-26,0.900,0.647,11.23,3,58,48,69,55,10
romo,2026-11-26,0.903,0.653,11.19,2,45,60,71,55,10
sagu,2026-11-26,0.903,0.634,10.87,5,30,57,65,52,10
sequ,2026-11-26,0.900,0.639,11.04,3,33,61,69,55,10
shen,2026-11-26,0.909,0.662,11.11,3,48,57,69,55,10
thro,2026-11-26,0.903,0.671,11.47,2,54,51,71,55,10
viis,2026-11-26,0.912,0.632,10.30,3,50,55,70,55,10
voya,2026-11-26,0.906,0.680,11.52,2,80,28,70,55,10
whsa,2026-11-26,0.903,0.637,10.89,3,31,62,70,55,10
wica,2026-11-26,0.903,0.661,11.32,2,45,60,71,55,10
wrst,2026-11-26,0.897,0.689,12.14,2,75,33,70,55,10
yell,2026-11-26,0.903,0.661,11.36,2,70,37,71,55,10
yose,2026-11-26,0.900,0.641,11.09,3,41,59,69,55,10
zion,2026-11-26,0.903,0.643,11.07,3,28,62,69,55,10
acad,2026-11-27,0.828,0.516,11.37,3,55,51,74,55,10
arch,2026-11-27,0.821,0.489,11.14,3,33,67,75,55,10
badl,2026-11-27,0.821,0.500,11.34,2,46,59,77,55,10
bibe,2026-11-27,0.824,0.478,10.76,2,34,69,78,55,10
bisc,2026-11-27,0.828,0.482,10.61,5,49,56,71,55,10
blca,2026-11-27,0.821,0.489,11.14,2,35,69,78,55,10
brca,2026-11-27,0.821,0.486,11.10,2,30,71,78,55,10
cany,2026-11-27,0.821,0.488,11.12,2,31,70,78,55,10
care,2026-11-27,0.821,0.488,11.13,2,30,70,78,55,10
cave,2026-11-27,0.821,0.481,10.88,2,34,69,78,55,10
chis,2026-11-27,0.817,0.478,10.95,2,33,70,78,55,10
cong,2026-11-27,0.828,0.493,10.94,4,49,56,73,55,10
crla,2026-11-27,0.817,0.491,11.31,2,69,38,78,55,10
cuva,2026-11-27,0.828,0.505,11.24,6,64,42,59,55,10
deva,2026-11-27,0.817,0.483,11.05,2,26,72,78,55,10
dena,2026-11-27,0.813,0.536,12.30,2,69,38,76,55,10
drto,2026-11-27,0.828,0.480,10.57,2,41,63,78,55,10
ever,2026-11-27,0.828,0.482,10.60,3,42,62,76,55,10
gaar,2026-11-27,0.813,0.559,12.61,2,77,31,75,55,10
jeff,2026-11-27,0.824,0.497,11.14,8,50,39,39,39,10
glba,2026-11-27,0.813,0.522,12.04,2,81,27,77,55,10
glac,2026-11-27,0.821,0.505,11.56,2,81,27,77,55,10
grca,2026-11-27,0.821,0.484,11.03,2,28,71,78,55,10
grte,2026-11-27,0.821,0.497,11.35,2,74,33,78,55,10
grba,2026-11-27,0.817,0.487,11.15,2,35,69,78,55,10
grsa,2026-11-27,0.821,0.489,11.11,2,27,71,78,55,10
grsm,2026-11-27,0.828,0.495,11.02,3,56,50,75,55,10
gumo,2026-11-27,0.821,0.481,10.87,2,32,70,78,55,10
hale,2026-11-27,0.809,0.446,10.41,2,52,53,80,55,10
havo,2026-11-27,0.809,0.445,10.35,3,48,57,77,55,10
hosp,2026-11-27,0.824,0.489,10.97,5,45,59,70,55,10
indu,2026-11-27,0.824,0.503,11.26,6,65,42,59,55,10
isro,2026-11-27,0.828,0.514,11.53,2,78,30,77,55,10
jotr,2026-11-27,0.817,0.479,10.95,3,25,70,76,55,10
katm,2026-11-27,0.813,0.513,12.03,2,83,25,77,55,10
kefj,2026-11-27,0.813,0.520,12.09,2,66,41,77,55,10
kica,2026-11-27,0.817,0.483,11.07,3,34,67,76,55,10
kova,2026-11-27,0.813,0.554,12.58,2,64,42,75,55,10
lacl,2026-11-27,0.813,0.521,12.13,2,82,26,77,55,10
lavo,2026-11-27,0.817,0.487,11.22,2,52,53,78,55,10
maca,2026-11-27,0.824,0.496,11.08,4,55,51,73,55,10
meve,2026-11-27,0.821,0.487,11.08,3,31,68,76,55,10
mora,2026-11-27,0.817,0.498,11.48,3,78,30,75,55,10
npsa,2026-11-27,0.805,0.388,8.51,3,66,41,77,55,10
neri,2026-11-27,0.828,0.499,11.11,3,57,49,75,55,10
noca,2026-11-27,0.817,0.502,11.56,2,83,25,77,55,10
olym,2026-11-27,0.817,0.499,11.52,3,79,29,75,55,10
pefo,2026-11-27,0.821,0.483,10.99,2,29,71,78,55,10
pinn,2026-11-27,0.817,0.481,11.05,3,41,63,76,55,10
redw,2026-11-27,0.817,0.487,11.25,3,58,48,76,55,10
romo,2026-11-27,0.821,0.493,11.21,2,45,60,78,55,10
sagu,2026-11-27,0.821,0.479,10.88,5,30,63,71,55,10
sequ,2026-11-27,0.817,0.482,11.05,3,33,67,76,55,10
shen,2026-11-27,0.828,0.501,11.13,3,48,57,75,55,10
thro,2026-11-27,0.821,0.506,11.49,2,54,51,77,55,10
viis,2026-11-27,0.832,0.479,10.31,3,50,55,76,55,10
voya,2026-11-27,0.824,0.514,11.55,2,80,28,77,55,10
whsa,2026-11-27,0.821,0.482,10.90,3,31,68,76,55,10
wica,2026-11-27,0.821,0.500,11.34,2,45,60,78,55,10
wrst,2026-11-27,0.813,0.530,12.18,2,75,33,76,55,10
yell,2026-11-27,0.821,0.498,11.38,2,70,37,78,55,10
yose,2026-11-27,0.817,0.484,11.11,3,41,63,76,55,10
zion,2026-11-27,0.821,0.485,11.09,3,28,69,76,55,10
acad,2026-11-28,0.731,0.373,11.39,3,55,51,80,55,10
arch,2026-11-28,0.722,0.353,11.16,3,33,70,81,55,10
badl,2026-11-28,0.722,0.360,11.37,2,46,59,83,55,10
bibe,2026-11-28,0.727,0.346,10.78,2,34,69,84,55,10
bisc,2026-11-28,0.731,0.351,10.62,5,49,56,74,55,10
blca,2026-11-28,0.722,0.353,11.15,2,35,69,83,55,10
brca,2026-11-28,0.722,0.351,11.11,2,30,73,83,55,10
cany,2026-11-28,0.722,0.352,11.14,2,31,72,83,55,10
care,2026-11-28,0.722,0.352,11.14,2,30,73,83,55,10
cave,2026-11-28,0.722,0.349,10.89,2,34,69,84,55,10
chis,2026-11-28,0.718,0.345,10.97,2,33,70,84,55,10
cong,2026-11-28,0.731,0.358,10.96,4,49,56,78,55,10
crla,2026-11-28,0.718,0.352,11.34,2,69,38,83,55,10
cuva,2026-11-28,0.731,0.365,11.26,6,64,42,59,55,10
deva,2026-11-28,0.718,0.348,11.07,2,26,77,84,55,10
dena,2026-11-28,0.714,0.370,12.34,2,69,38,83,55,10
drto,2026-11-28,0.731,0.349,10.58,2,41,63,84,55,10
ever,2026-11-28,0.731,0.350,10.61,3,42,62,81,55,10
gaar,2026-11-28,0.714,0.382,12.66,2,77,31,82,55,10
jeff,2026-11-28,0.727,0.359,11.16,8,50,39,39,39,10
glba,2026-11-28,0.714,0.367,12.07,2,81,27,83,55,10
glac,2026-11-28,0.722,0.361,11.58,2,81,27,83,55,10
grca,2026-11-28,0.722,0.349,11.05,2,28,75,84,55,10
grte,2026-11-28,0.722,0.357,11.37,2,74,33,83,55,10
grba,2026-11-28,0.718,0.351,11.17,2,35,69,83,55,10
grsa,2026-11-28,0.722,0.353,11.12,2,27,76,83,55,10
grsm,2026-11-28,0.731,0.359,11.03,3,56,50,81,55,10
gumo,2026-11-28,0.722,0.348,10.88,2,32,71,84,55,10
hale,2026-11-28,0.709,0.322,10.42,2,52,53,85,55,10
havo,2026-11-28,0.709,0.321,10.36,3,48,57,82,55,10
hosp,2026-11-28,0.727,0.355,10.99,5,45,60,74,55,10
indu,2026-11-28,0.727,0.363,11.28,6,65,42,59,55,10
isro,2026-11-28,0.731,0.370,11.55,2,78,30,83,55,10
jotr,2026-11-28,0.718,0.346,10.96,3,25,75,81,55,10
katm,2026-11-28,0.714,0.359,12.07,2,83,25,83,55,10
kefj,2026-11-28,0.714,0.363,12.13,2,66,41,83,55,10
kica,2026-11-28,0.718,0.348,11.09,3,34,69,81,55,10
kova,2026-11-28,0.714,0.378,12.63,2,64,42,82,55,10
lacl,2026-11-28,0.714,0.363,12.18,2,82,26,83,55,10
lavo,2026-11-28,0.718,0.350,11.23,2,52,53,83,55,10
maca,2026-11-28,0.727,0.359,11.10,4,55,51,78,55,10
meve,2026-11-28,0.722,0.352,11.10,3,31,72,81,55,10
mora,2026-11-28,0.718,0.357,11.50,3,78,30,81,55,10
npsa,2026-11-28,0.705,0.277,8.50,3,66,41,82,55,10
neri,2026-11-28,0.731,0.362,11.12,3,57,49,81,55,10
noca,2026-11-28,0.718,0.359,11.58,2,83,25,83,55,10
olym,2026-11-28,0.718,0.357,11.54,3,79,29,81,55,10
pefo,2026-11-28,0.722,0.349,11.01,2,29,74,84,55,10
pinn,2026-11-28,0.718,0.347,11.07,3,41,63,81,55,10
redw,2026-11-28,0.718,0.350,11.27,3,58,48,81,55,10
romo,2026-11-28,0.722,0.356,11.23,2,45,60,83,55,10
sagu,2026-11-28,0.722,0.347,10.89,5,30,69,74,55,10
sequ,2026-11-28,0.718,0.348,11.07,3,33,70,81,55,10
shen,2026-11-28,0.731,0.363,11.15,3,48,57,80,55,10
thro,2026-11-28,0.722,0.364,11.51,2,54,51,83,55,10
viis,2026-11-28,0.735,0.349,10.31,3,50,55,81,55,10
voya,2026-11-28,0.727,0.369,11.57,2,80,28,83,55,10
whsa,2026-11-28,0.722,0.349,10.92,3,31,72,81,55,10
wica,2026-11-28,0.722,0.360,11.36,2,45,60,83,55,10
wrst,2026-11-28,0.714,0.369,12.22,2,75,33,83,55,10
yell,2026-11-28,0.722,0.358,11.40,2,70,37,83,55,10
yose,2026-11-28,0.718,0.349,11.13,3,41,63,81,55,10
zion,2026-11-28,0.722,0.350,11.10,3,28,74,81,55,10
acad,2026-11-29,0.624,0.255,11.42,3,55,51,85,55,10
arch,2026-11-29,0.615,0.240,11.18,3,33,70,85,55,10
badl,2026-11-29,0.615,0.244,11.39,2,46,59,88,55,10
bibe,2026-11-29,0.620,0.238,10.79,2,34,69,88,55,10
bisc,2026-11-29,0.624,0.243,10.63,5,49,56,74,55,10
blca,2026-11-29,0.615,0.241,11.17,2,35,69,88,55,10
brca,2026-11-29,0.615,0.239,11.13,2,30,73,88,55,10
cany,2026-11-29,0.615,0.240,11.16,2,31,72,88,55,10
care,2026-11-29,0.615,0.240,11.16,2,30,73,88,55,10
cave,2026-11-29,0.615,0.239,10.90,2,34,69,88,55,10
chis,2026-11-29,0.610,0.236,10.98,2,33,70,88,55,10
cong,2026-11-29,0.624,0.246,10.97,4,49,56,83,55,10
crla,2026-11-29,0.610,0.238,11.36,2,69,38,88,55,10
cuva,2026-11-29,0.624,0.249,11.28,6,64,42,59,55,10
deva,2026-11-29,0.610,0.237,11.08,2,26,77,88,55,10
dena,2026-11-29,0.606,0.237,12.39,2,69,38,88,55,10
drto,2026-11-29,0.624,0.241,10.59,2,41,63,88,55,10
ever,2026-11-29,0.624,0.242,10.62,3,42,62,85,55,10
gaar,2026-11-29,0.606,0.238,12.72,2,77,31,88,55,10
jeff,2026-11-29,0.620,0.246,11.17,8,50,39,39,39,10
glba,2026-11-29,0.606,0.240,12.11,2,81,27,88,55,10
glac,2026-11-29,0.615,0.243,11.61,2,81,27,88,55,10
grca,2026-11-29,0.615,0.239,11.06,2,28,75,88,55,10
grte,2026-11-29,0.615,0.242,11.39,2,74,33,88,55,10
grba,2026-11-29,0.610,0.239,11.19,2,35,69,88,55,10
grsa,2026-11-29,0.615,0.241,11.14,2,27,76,88,55,10
grsm,2026-11-29,0.624,0.246,11.05,3,56,50,85,55,10
gumo,2026-11-29,0.615,0.239,10.90,2,32,71,88,55,10
hale,2026-11-29,0.601,0.220,10.42,2,52,53,89,55,10
havo,2026-11-29,0.601,0.220,10.36,3,48,57,86,55,10
hosp,2026-11-29,0.620,0.243,11.00,5,45,60,74,55,10
indu,2026-11-29,0.620,0.248,11.30,6,65,42,59,55,10
isro,2026-11-29,0.624,0.250,11.57,2,78,30,88,55,10
jotr,2026-11-29,0.610,0.237,10.98,3,25,78,86,55,10
katm,2026-11-29,0.606,0.234,12.10,2,83,25,88,55,10
kefj,2026-11-29,0.606,0.236,12.17,2,66,41,88,55,10
kica,2026-11-29,0.610,0.237,11.10,3,34,69,86,55,10
kova,2026-11-29,0.606,0.236,12.68,2,64,42,88,55,10
lacl,2026-11-29,0.606,0.235,12.21,2,82,26,88,55,10
lavo,2026-11-29,0.610,0.238,11.25,2,52,53,88,55,10
maca,2026-11-29,0.620,0.246,11.11,4,55,51,83,55,10
meve,2026-11-29,0.615,0.240,11.12,3,31,72,85,55,10
mora,2026-11-29,0.610,0.240,11.53,3,78,30,85,55,10
npsa,2026-11-29,0.597,0.190,8.49,3,66,41,85,55,10
neri,2026-11-29,0.624,0.248,11.14,3,57,49,85,55,10
noca,2026-11-29,0.610,0.241,11.61,2,83,25,88,55,10
olym,2026-11-29,0.610,0.240,11.57,3,79,29,85,55,10
pefo,2026-11-29,0.615,0.239,11.02,2,29,74,88,55,10
pinn,2026-11-29,0.610,0.236,11.09,3,41,63,86,55,10
redw,2026-11-29,0.610,0.237,11.29,3,58,48,86,55,10
romo,2026-11-29,0.615,0.242,11.25,2,45,60,88,55,10
sagu,2026-11-29,0.615,0.237,10.91,5,30,73,74,55,10
sequ,2026-11-29,0.610,0.237,11.08,3,33,70,86,55,10
shen,2026-11-29,0.624,0.249,11.17,3,48,57,85,55,10
thro,2026-11-29,0.615,0.245,11.54,2,54,51,88,55,10
viis,2026-11-29,0.629,0.243,10.32,3,50,55,85,55,10
voya,2026-11-29,0.620,0.249,11.60,2,80,28,88,55,10
whsa,2026-11-29,0.615,0.239,10.93,3,31,72,85,55,10
wica,2026-11-29,0.615,0.244,11.38,2,45,60,88,55,10
wrst,2026-11-29,0.606,0.239,12.26,2,75,33,88,55,10
yell,2026-11-29,0.615,0.242,11.43,2,70,37,88,55,10
yose,2026-11-29,0.610,0.237,11.14,3,41,63,86,55,10
zion,2026-11-29,0.615,0.239,11.12,3,28,75,85,55,10
acad,2026-11-30,0.514,0.160,11.44,3,55,51,89,55,10
arch,2026-11-30,0.505,0.151,11.19,3,33,70,89,55,10
badl,2026-11-30,0.505,0.153,11.41,2,46,59,91,55,10
bibe,2026-11-30,0.510,0.152,10.80,2,34,69,91,55,10
bisc,2026-11-30,0.514,0.156,10.64,5,49,56,74,55,10
blca,2026-11-30,0.505,0.152,11.19,2,35,69,91,55,10
brca,2026-11-30,0.505,0.151,11.15,2,30,73,91,55,10
cany,2026-11-30,0.505,0.151,11.17,2,31,72,91,55,10
care,2026-11-30,0.505,0.151,11.18,2,30,73,91,55,10
cave,2026-11-30,0.505,0.152,10.92,2,34,69,91,55,10
chis,2026-11-30,0.501,0.149,10.99,2,33,70,92,55,10
cong,2026-11-30,0.514,0.157,10.99,4,49,56,84,55,10
crla,2026-11-30,0.501,0.148,11.37,2,69,38,92,55,10
cuva,2026-11-30,0.514,0.157,11.30,6,64,42,59,55,10
deva,2026-11-30,0.501,0.150,11.10,2,26,77,92,55,10
dena,2026-11-30,0.496,0.136,12.43,2,69,38,92,55,10
drto,2026-11-30,0.514,0.156,10.60,2,41,63,91,55,10
ever,2026-11-30,0.514,0.156,10.63,3,42,62,89,55,10
gaar,2026-11-30,0.496,0.132,12.77,2,77,31,92,55,10
jeff,2026-11-30,0.510,0.155,11.19,8,50,39,39,39,10
glba,2026-11-30,0.496,0.141,12.15,2,81,27,92,55,10
glac,2026-11-30,0.505,0.149,11.63,2,81,27,92,55,10
grca,2026-11-30,0.505,0.151,11.08,2,28,75,91,55,10
grte,2026-11-30,0.505,0.151,11.41,2,74,33,91,55,10
grba,2026-11-30,0.501,0.150,11.20,2,35,69,91,55,10
grsa,2026-11-30,0.505,0.152,11.15,2,27,76,91,55,10
grsm,2026-11-30,0.514,0.157,11.06,3,56,50,89,55,10
gumo,2026-11-30,0.505,0.152,10.91,2,32,71,91,55,10
hale,2026-11-30,0.491,0.140,10.43,2,52,53,92,55,10
havo,2026-11-30,0.491,0.140,10.37,3,48,57,89,55,10
hosp,2026-11-30,0.510,0.155,11.02,5,45,60,74,55,10
indu,2026-11-30,0.510,0.156,11.32,6,65,42,59,55,10
isro,2026-11-30,0.514,0.155,11.60,2,78,30,91,55,10
jotr,2026-11-30,0.501,0.150,10.99,3,25,78,89,55,10
katm,2026-11-30,0.496,0.137,12.14,2,83,25,92,55,10
kefj,2026-11-30,0.496,0.138,12.21,2,66,41,92,55,10
kica,2026-11-30,0.501,0.149,11.12,3,34,69,89,55,10
kova,2026-11-30,0.496,0.131,12.74,2,64,42,92,55,10
lacl,2026-11-30,0.496,0.137,12.25,2,82,26,92,55,10
lavo,2026-11-30,0.501,0.149,11.27,2,52,53,92,55,10
maca,2026-11-30,0.510,0.156,11.13,4,55,51,84,55,10
meve,2026-11-30,0.505,0.151,11.13,3,31,72,89,55,10
mora,2026-11-30,0.501,0.148,11.55,3,78,30,89,55,10
npsa,2026-11-30,0.487,0.121,8.48,3,66,41,88,55,10
neri,2026-11-30,0.514,0.157,11.16,3,57,49,89,55,10
noca,2026-11-30,0.501,0.148,11.63,2,83,25,92,55,10
olym,2026-11-30,0.501,0.147,11.59,3,79,29,89,55,10
pefo,2026-11-30,0.505,0.151,11.04,2,29,74,91,55,10
pinn,2026-11-30,0.501,0.149,11.10,3,41,63,89,55,10
redw,2026-11-30,0.501,0.148,11.31,3,58,48,89,55,10
romo,2026-11-30,0.505,0.152,11.26,2,45,60,91,55,10
sagu,2026-11-30,0.505,0.151,10.92,5,30,73,74,55,10
sequ,2026-11-30,0.501,0.149,11.10,3,33,70,89,55,10
shen,2026-11-30,0.514,0.158,11.18,3,48,57,89,55,10
thro,2026-11-30,0.505,0.152,11.56,2,54,51,91,55,10
viis,2026-11-30,0.519,0.158,10.32,3,50,55,89,55,10
voya,2026-11-30,0.510,0.154,11.62,2,80,28,91,55,10
whsa,2026-11-30,0.505,0.152,10.94,3,31,72,89,55,10
wica,2026-11-30,0.505,0.152,11.40,2,45,60,91,55,10
wrst,2026-11-30,0.496,0.139,12.30,2,75,33,92,55,10
yell,2026-11-30,0.505,0.151,11.45,2,70,37,91,55,10
yose,2026-11-30,0.501,0.149,11.16,3,41,63,89,55,10
zion,2026-11-30,0.505,0.150,11.13,3,28,75,89,55,10
acad,2026-12-01,0.407,0.090,11.46,3,61,45,89,55,10
arch,2026-12-01,0.398,0.085,11.21,3,44,60,89,55,10
badl,2026-12-01,0.398,0.084,11.42,2,50,55,94,55,10
bibe,2026-12-01,0.402,0.087,10.81,2,36,68,94,55,10
bisc,2026-12-01,0.407,0.091,10.64,5,50,55,74,55,10
blca,2026-12-01,0.398,0.085,11.20,2,49,56,94,55,10
brca,2026-12-01,0.398,0.084,11.16,2,47,58,94,55,10
cany,2026-12-01,0.398,0.085,11.19,2,44,60,94,55,10
care,2026-12-01,0.398,0.084,11.19,2,44,60,94,55,10
cave,2026-12-01,0.398,0.087,10.93,2,36,68,94,55,10
chis,2026-12-01,0.394,0.084,11.01,2,45,60,94,55,10
cong,2026-12-01,0.407,0.090,11.00,4,58,48,84,55,10
crla,2026-12-01,0.394,0.082,11.39,2,77,31,94,55,10
cuva,2026-12-01,0.407,0.088,11.32,6,77,31,59,55,10
deva,2026-12-01,0.394,0.084,11.11,2,42,62,94,55,10
dena,2026-12-01,0.389,0.065,12.47,2,71,36,95,55,10
drto,2026-12-01,0.407,0.090,10.61,2,47,58,94,55,10
ever,2026-12-01,0.407,0.091,10.64,3,44,60,89,55,10
gaar,2026-12-01,0.389,0.059,12.82,2,74,33,95,55,10
jeff,2026-12-01,0.402,0.088,11.20,8,61,39,39,39,10
glba,2026-12-01,0.389,0.071,12.18,2,81,27,95,55,10
glac,2026-12-01,0.398,0.081,11.65,2,83,25,94,55,10
grca,2026-12-01,0.398,0.085,11.09,2,43,61,94,55,10
grte,2026-12-01,0.398,0.083,11.43,2,74,33,94,55,10
grba,2026-12-01,0.394,0.084,11.22,2,50,55,94,55,10
grsa,2026-12-01,0.398,0.085,11.17,2,35,69,94,55,10
grsm,2026-12-01,0.407,0.089,11.07,3,67,40,89,55,10
gumo,2026-12-01,0.398,0.087,10.92,2,34,69,94,55,10
hale,2026-12-01,0.385,0.080,10.44,2,51,54,94,55,10
havo,2026-12-01,0.385,0.080,10.37,3,42,62,89,55,10
hosp,2026-12-01,0.402,0.088,11.03,5,55,51,74,55,10
indu,2026-12-01,0.402,0.087,11.33,6,78,30,59,55,10
isro,2026-12-01,0.407,0.085,11.62,2,89,20,94,55,10
jotr,2026-12-01,0.394,0.085,11.00,3,39,65,89,55,10
katm,2026-12-01,0.389,0.068,12.17,2,86,23,95,55,10
kefj,2026-12-01,0.389,0.068,12.24,2,77,31,95,55,10
kica,2026-12-01,0.394,0.084,11.13,3,52,53,89,55,10
kova,2026-12-01,0.389,0.058,12.79,2,64,42,95,55,10
lacl,2026-12-01,0.389,0.067,12.29,2,84,24,95,55,10
lavo,2026-12-01,0.394,0.082,11.29,2,65,42,94,55,10
maca,2026-12-01,0.402,0.089,11.14,4,64,42,84,55,10
meve,2026-12-01,0.398,0.085,11.15,3,44,60,89,55,10
mora,2026-12-01,0.394,0.080,11.57,3,83,25,89,55,10
npsa,2026-12-01,0.381,0.069,8.47,3,77,31,89,55,10
neri,2026-12-01,0.407,0.089,11.17,3,70,37,89,55,10
noca,2026-12-01,0.394,0.080,11.65,2,83,25,94,55,10
olym,2026-12-01,0.394,0.080,11.61,3,84,24,89,55,10
pefo,2026-12-01,0.398,0.085,11.05,2,40,64,94,55,10
pinn,2026-12-01,0.394,0.083,11.11,3,60,46,89,55,10
redw,2026-12-01,0.394,0.082,11.32,3,68,39,89,55,10
romo,2026-12-01,0.398,0.085,11.28,2,53,52,94,55,10
sagu,2026-12-01,0.398,0.086,10.93,5,39,65,74,55,10
sequ,2026-12-01,0.394,0.084,11.11,3,49,56,89,55,10
shen,2026-12-01,0.407,0.090,11.20,3,59,47,89,55,10
thro,2026-12-01,0.398,0.083,11.58,2,58,48,94,55,10
viis,2026-12-01,0.411,0.093,10.33,3,33,70,89,55,10
voya,2026-12-01,0.402,0.084,11.64,2,83,25,94,55,10
whsa,2026-12-01,0.398,0.086,10.96,3,35,69,89,55,10
wica,2026-12-01,0.398,0.084,11.42,2,49,56,94,55,10
wrst,2026-12-01,0.389,0.068,12.34,2,78,30,95,55,10
yell,2026-12-01,0.398,0.083,11.47,2,76,32,94,55,10
yose,2026-12-01,0.394,0.083,11.17,3,57,49,89,55,10
zion,2026-12-01,0.398,0.084,11.15,3,46,59,89,55,10
acad,2026-12-02,0.306,0.042,11.47,3,61,45,89,55,10
arch,2026-12-02,0.298,0.040,11.22,3,44,60,89,55,10
badl,2026-12-02,0.298,0.039,11.44,2,50,55,96,55,10
bibe,2026-12-02,0.302,0.042,10.82,2,36,68,96,55,10
bisc,2026-12-02,0.306,0.045,10.65,5,50,55,74,55,10
blca,2026-12-02,0.298,0.040,11.22,2,49,56,96,55,10
brca,2026-12-02,0.298,0.040,11.17,2,47,58,96,55,10
cany,2026-12-02,0.298,0.040,11.20,2,44,60,96,55,10
care,2026-12-02,0.298,0.040,11.20,2,44,60,96,55,10
cave,2026-12-02,0.298,0.042,10.94,2,36,68,96,55,10
chis,2026-12-02,0.294,0.040,11.02,2,45,60,96,55,10
cong,2026-12-02,0.306,0.044,11.01,4,58,48,84,55,10
crla,2026-12-02,0.294,0.037,11.41,2,77,31,96,55,10
cuva,2026-12-02,0.306,0.042,11.33,6,77,31,59,55,10
deva,2026-12-02,0.294,0.039,11.13,2,42,62,96,55,10
dena,2026-12-02,0.290,0.022,12.51,2,71,36,97,55,10
drto,2026-12-02,0.306,0.045,10.61,2,47,58,96,55,10
ever,2026-12-02,0.306,0.045,10.65,3,44,60,89,55,10
gaar,2026-12-02,0.290,0.017,12.87,2,74,33,97,55,10
jeff,2026-12-02,0.302,0.042,11.22,8,61,39,39,39,10
glba,2026-12-02,0.290,0.027,12.21,2,81,27,96,55,10
glac,2026-12-02,0.298,0.035,11.67,2,83,25,96,55,10
grca,2026-12-02,0.298,0.040,11.11,2,43,61,96,55,10
grte,2026-12-02,0.298,0.038,11.45,2,74,33,96,55,10
grba,2026-12-02,0.294,0.039,11.23,2,50,55,96,55,10
grsa,2026-12-02,0.298,0.040,11.18,2,35,69,96,55,10
grsm,2026-12-02,0.306,0.043,11.09,3,67,40,89,55,10
gumo,2026-12-02,0.298,0.042,10.93,2,34,69,96,55,10
hale,2026-12-02,0.286,0.038,10.44,2,51,54,96,55,10
havo,2026-12-02,0.286,0.039,10.38,3,42,62,89,55,10
hosp,2026-12-02,0.302,0.042,11.04,5,55,51,74,55,10
indu,2026-12-02,0.302,0.041,11.35,6,78,30,59,55,10
isro,2026-12-02,0.306,0.038,11.64,2,89,20,96,55,10
jotr,2026-12-02,0.294,0.040,11.02,3,39,65,89,55,10
katm,2026-12-02,0.290,0.026,12.20,2,86,23,96,55,10
kefj,2026-12-02,0.290,0.025,12.27,2,77,31,96,55,10
kica,2026-12-02,0.294,0.039,11.14,3,52,53,89,55,10
kova,2026-12-02,0.290,0.017,12.83,2,64,42,97,55,10
lacl,2026-12-02,0.290,0.024,12.32,2,84,24,97,55,10
lavo,2026-12-02,0.294,0.038,11.30,2,65,42,96,55,10
maca,2026-12-02,0.302,0.042,11.16,4,64,42,84,55,10
meve,2026-12-02,0.298,0.040,11.16,3,44,60,89,55,10
mora,2026-12-02,0.294,0.035,11.59,3,83,25,89,55,10
npsa,2026-12-02,0.283,0.034,8.46,3,77,31,89,55,10
neri,2026-12-02,0.306,0.043,11.19,3,70,37,89,55,10
noca,2026-12-02,0.294,0.035,11.68,2,83,25,96,55,10
olym,2026-12-02,0.294,0.035,11.63,3,84,24,89,55,10
pefo,2026-12-02,0.298,0.041,11.06,2,40,64,96,55,10
pinn,2026-12-02,0.294,0.039,11.13,3,60,46,89,55,10
redw,2026-12-02,0.294,0.037,11.34,3,68,39,89,55,10
romo,2026-12-02,0.298,0.039,11.30,2,53,52,96,55,10
sagu,2026-12-02,0.298,0.041,10.94,5,39,65,74,55,10
sequ,2026-12-02,0.294,0.039,11.13,3,49,56,89,55,10
shen,2026-12-02,0.306,0.043,11.21,3,59,47,89,55,10
thro,2026-12-02,0.298,0.037,11.60,2,58,48,96,55,10
viis,2026-12-02,0.310,0.047,10.33,3,33,70,89,55,10
voya,2026-12-02,0.302,0.038,11.66,2,83,25,96,55,10
whsa,2026-12-02,0.298,0.041,10.97,3,35,69,89,55,10
wica,2026-12-02,0.298,0.039,11.44,2,49,56,96,55,10
wrst,2026-12-02,0.290,0.024,12.38,2,78,30,97,55,10
yell,2026-12-02,0.298,0.037,11.48,2,76,32,96,55,10
yose,2026-12-02,0.294,0.039,11.19,3,57,49,89,55,10
zion,2026-12-02,0.298,0.040,11.16,3,46,59,89,55,10
acad,2026-12-03,0.216,0.014,11.49,3,61,45,89,55,10
arch,2026-12-03,0.209,0.014,11.24,3,44,60,89,55,10
badl,2026-12-03,0.209,0.013,11.46,2,50,55,97,55,10
bibe,2026-12-03,0.213,0.016,10.83,2,36,68,97,55,10
bisc,2026-12-03,0.216,0.018,10.66,5,50,55,74,55,10
blca,2026-12-03,0.209,0.014,11.23,2,49,56,97,55,10
brca,2026-12-03,0.209,0.014,11.19,2,47,58,97,55,10
cany,2026-12-03,0.209,0.014,11.22,2,44,60,97,55,10
care,2026-12-03,0.209,0.014,11.22,2,44,60,97,55,10
cave,2026-12-03,0.209,0.015,10.95,2,36,68,97,55,10
chis,2026-12-03,0.206,0.014,11.03,2,45,60,97,55,10
cong,2026-12-03,0.216,0.016,11.02,4,58,48,84,55,10
crla,2026-12-03,0.206,0.012,11.43,2,77,31,97,55,10
cuva,2026-12-03,0.216,0.015,11.35,6,77,31,59,55,10
deva,2026-12-03,0.206,0.014,11.14,2,42,62,97,55,10
dena,2026-12-03,0.202,0.003,12.54,2,71,36,97,55,10
drto,2026-12-03,0.216,0.018,10.62,2,47,58,97,55,10
ever,2026-12-03,0.216,0.018,10.65,3,44,60,89,55,10
gaar,2026-12-03,0.202,0.001,12.91,2,74,33,97,55,10
jeff,2026-12-03,0.213,0.015,11.23,8,61,39,39,39,10
glba,2026-12-03,0.202,0.006,12.24,2,81,27,97,55,10
glac,2026-12-03,0.209,0.011,11.69,2,83,25,97,55,10
grca,2026-12-03,0.209,0.014,11.12,2,43,61,97,55,10
grte,2026-12-03,0.209,0.012,11.47,2,74,33,97,55,10
grba,2026-12-03,0.206,0.014,11.25,2,50,55,97,55,10
grsa,2026-12-03,0.209,0.014,11.20,2,35,69,97,55,10
grsm,2026-12-03,0.216,0.016,11.10,3,67,40,89,55,10
gumo,2026-12-03,0.209,0.015,10.94,2,34,69,97,55,10
hale,2026-12-03,0.199,0.014,10.45,2,51,54,97,55,10
havo,2026-12-03,0.199,0.014,10.38,3,42,62,89,55,10
hosp,2026-12-03,0.213,0.016,11.05,5,55,51,74,55,10
indu,2026-12-03,0.213,0.014,11.37,6,78,30,59,55,10
isro,2026-12-03,0.216,0.012,11.66,2,89,20,97,55,10
jotr,2026-12-03,0.206,0.015,11.03,3,39,65,89,55,10
katm,2026-12-03,0.202,0.005,12.23,2,86,23,97,55,10
kefj,2026-12-03,0.202,0.005,12.31,2,77,31,97,55,10
kica,2026-12-03,0.206,0.014,11.16,3,52,53,89,55,10
kova,2026-12-03,0.202,0.001,12.88,2,64,42,97,55,10
lacl,2026-12-03,0.202,0.005,12.36,2,84,24,97,55,10
lavo,2026-12-03,0.206,0.013,11.32,2,65,42,97,55,10
maca,2026-12-03,0.213,0.015,11.17,4,64,42,84,55,10
meve,2026-12-03,0.209,0.014,11.17,3,44,60,89,55,10
mora,2026-12-03,0.206,0.011,11.61,3,83,25,89,55,10
npsa,2026-12-03,0.196,0.013,8.45,3,77,31,89,55,10
neri,2026-12-03,0.216,0.015,11.20,3,70,37,89,55,10
noca,2026-12-03,0.206,0.010,11.70,2,83,25,97,55,10
olym,2026-12-03,0.206,0.011,11.65,3,84,24,89,55,10
pefo,2026-12-03,0.209,0.015,11.07,2,40,64,97,55,10
pinn,2026-12-03,0.206,0.014,11.14,3,60,46,89,55,10
redw,2026-12-03,0.206,0.013,11.36,3,68,39,89,55,10
romo,2026-12-03,0.209,0.014,11.31,2,53,52,97,55,10
sagu,2026-12-03,0.209,0.015,10.95,5,39,65,74,55,10
sequ,2026-12-03,0.206,0.014,11.14,3,49,56,89,55,10
shen,2026-12-03,0.216,0.015,11.23,3,59,47,89,55,10
thro,2026-12-03,0.209,0.012,11.62,2,58,48,97,55,10
viis,2026-12-03,0.220,0.019,10.34,3,33,70,89,55,10
voya,2026-12-03,0.213,0.012,11.68,2,83,25,97,55,10
whsa,2026-12-03,0.209,0.015,10.98,3,35,69,89,55,10
wica,2026-12-03,0.209,0.013,11.46,2,49,56,97,55,10
wrst,2026-12-03,0.202,0.004,12.41,2,78,30,97,55,10
yell,2026-12-03,0.209,0.012,11.50,2,76,32,97,55,10
yose,2026-12-03,0.206,0.014,11.20,3,57,49,89,55,10
zion,2026-12-03,0.209,0.014,11.18,3,46,59,89,55,10
acad,2026-12-04,0.139,0.003,11.51,3,61,45,89,55,10
arch,2026-12-04,0.134,0.003,11.25,3,44,60,89,55,10
badl,2026-12-04,0.134,0.002,11.48,2,50,55,97,55,10
bibe,2026-12-04,0.136,0.004,10.84,2,36,68,97,55,10
bisc,2026-12-04,0.139,0.005,10.67,5,50,55,74,55,10
blca,2026-12-04,0.134,0.003,11.24,2,49,56,97,55,10
brca,2026-12-04,0.134,0.003,11.20,2,47,58,97,55,10
cany,2026-12-04,0.134,0.003,11.23,2,44,60,97,55,10
care,2026-12-04,0.134,0.003,11.23,2,44,60,97,55,10
cave,2026-12-04,0.134,0.003,10.96,2,36,68,97,55,10
chis,2026-12-04,0.131,0.003,11.04,2,45,60,97,55,10
cong,2026-12-04,0.139,0.004,11.03,4,58,48,84,55,10
crla,2026-12-04,0.131,0.002,11.44,2,77,31,97,55,10
cuva,2026-12-04,0.139,0.003,11.36,6,77,31,59,55,10
deva,2026-12-04,0.131,0.003,11.15,2,42,62,97,55,10
dena,2026-12-04,0.128,0.000,12.58,2,71,36,98,55,10
drto,2026-12-04,0.139,0.005,10.63,2,47,58,97,55,10
ever,2026-12-04,0.139,0.005,10.66,3,44,60,89,55,10
gaar,2026-12-04,0.128,0.000,12.96,2,74,33,98,55,10
jeff,2026-12-04,0.136,0.003,11.25,8,61,39,39,39,10
glba,2026-12-04,0.128,0.000,12.27,2,81,27,97,55,10
glac,2026-12-04,0.134,0.001,11.71,2,83,25,97,55,10
grca,2026-12-04,0.134,0.003,11.13,2,43,61,97,55,10
grte,2026-12-04,0.134,0.002,11.48,2,74,33,97,55,10
grba,2026-12-04,0.131,0.003,11.26,2,50,55,97,55,10
grsa,2026-12-04,0.134,0.003,11.21,2,35,69,97,55,10
grsm,2026-12-04,0.139,0.004,11.11,3,67,40,89,55,10
gumo,2026-12-04,0.134,0.004,10.95,2,34,69,97,55,10
hale,2026-12-04,0.125,0.003,10.45,2,51,54,97,55,10
havo,2026-12-04,0.125,0.003,10.39,3,42,62,89,55,10
hosp,2026-12-04,0.136,0.003,11.07,5,55,51,74,55,10
indu,2026-12-04,0.136,0.003,11.38,6,78,30,59,55,10
isro,2026-12-04,0.139,0.002,11.68,2,89,20,97,55,10
jotr,2026-12-04,0.131,0.003,11.04,3,39,65,89,55,10
katm,2026-12-04,0.128,0.000,12.26,2,86,23,97,55,10
kefj,2026-12-04,0.128,0.000,12.34,2,77,31,97,55,10
kica,2026-12-04,0.131,0.003,11.17,3,52,53,89,55,10
kova,2026-12-04,0.128,0.000,12.92,2,64,42,98,55,10
lacl,2026-12-04,0.128,0.000,12.39,2,84,24,97,55,10
lavo,2026-12-04,0.131,0.002,11.33,2,65,42,97,55,10
maca,2026-12-04,0.136,0.003,11.18,4,64,42,84,55,10
meve,2026-12-04,0.134,0.003,11.19,3,44,60,89,55,10
mora,2026-12-04,0.131,0.002,11.63,3,83,25,89,55,10
npsa,2026-12-04,0.122,0.003,8.44,3,77,31,89,55,10
neri,2026-12-04,0.139,0.003,11.21,3,70,37,89,55,10
noca,2026-12-04,0.131,0.001,11.72,2,83,25,97,55,10
olym,2026-12-04,0.131,0.001,11.67,3,84,24,89,55,10
pefo,2026-12-04,0.134,0.003,11.09,2,40,64,97,55,10
pinn,2026-12-04,0.131,0.003,11.15,3,60,46,89,55,10
redw,2026-12-04,0.131,0.002,11.37,3,68,39,89,55,10
romo,2026-12-04,0.134,0.003,11.32,2,53,52,97,55,10
sagu,2026-12-04,0.134,0.003,10.96,5,39,65,74,55,10
sequ,2026-12-04,0.131,0.003,11.15,3,49,56,89,55,10
shen,2026-12-04,0.139,0.003,11.24,3,59,47,89,55,10
thro,2026-12-04,0.134,0.002,11.64,2,58,48,97,55,10
viis,2026-12-04,0.142,0.005,10.34,3,33,70,89,55,10
voya,2026-12-04,0.136,0.002,11.70,2,83,25,97,55,10
whsa,2026-12-04,0.134,0.003,10.99,3,35,69,89,55,10
wica,2026-12-04,0.134,0.002,11.47,2,49,56,97,55,10
wrst,2026-12-04,0.128,0.000,12.44,2,78,30,97,55,10
yell,2026-12-04,0.134,0.002,11.52,2,76,32,97,55,10
yose,2026-12-04,0.131,0.003,11.21,3,57,49,89,55,10
zion,2026-12-04,0.134,0.003,11.19,3,46,59,89,55,10
acad,2026-12-05,0.078,0.000,11.52,3,61,45,89,55,10
arch,2026-12-05,0.074,0.000,11.26,3,44,60,89,55,10
badl,2026-12-05,0.074,0.000,11.49,2,50,55,97,55,10
bibe,2026-12-05,0.076,0.000,10.84,2,36,68,97,55,10
bisc,2026-12-05,0.078,0.000,10.67,5,50,55,74,55,10
blca,2026-12-05,0.074,0.000,11.26,2,49,56,97,55,10
brca,2026-12-05,0.074,0.000,11.21,2,47,58,97,55,10
cany,2026-12-05,0.074,0.000,11.24,2,44,60,97,55,10
care,2026-12-05,0.074,0.000,11.24,2,44,60,97,55,10
cave,2026-12-05,0.074,0.000,10.97,2,36,68,97,55,10
chis,2026-12-05,0.071,0.000,11.05,2,45,60,97,55,10
cong,2026-12-05,0.078,0.000,11.04,4,58,48,84,55,10
crla,2026-12-05,0.071,0.000,11.46,2,77,31,97,55,10
cuva,2026-12-05,0.078,0.000,11.38,6,77,31,59,55,10
deva,2026-12-05,0.071,0.000,11.16,2,42,62,97,55,10
dena,2026-12-05,0.069,0.000,12.61,2,71,36,98,55,10
drto,2026-12-05,0.078,0.000,10.64,2,47,58,97,55,10
ever,2026-12-05,0.078,0.000,10.67,3,44,60,89,55,10
gaar,2026-12-05,0.069,0.000,13.00,2,74,33,98,55,10
jeff,2026-12-05,0.076,0.000,11.26,8,61,39,39,39,10
glba,2026-12-05,0.069,0.000,12.30,2,81,27,98,55,10
glac,2026-12-05,0.074,0.000,11.73,2,83,25,98,55,10
grca,2026-12-05,0.074,0.000,11.14,2,43,61,97,55,10
grte,2026-12-05,0.074,0.000,11.50,2,74,33,97,55,10
grba,2026-12-05,0.071,0.000,11.27,2,50,55,97,55,10
grsa,2026-12-05,0.074,0.000,11.22,2,35,69,97,55,10
grsm,2026-12-05,0.078,0.000,11.12,3,67,40,89,55,10
gumo,2026-12-05,0.074,0.000,10.96,2,34,69,97,55,10
hale,2026-12-05,0.067,0.000,10.46,2,51,54,97,55,10
havo,2026-12-05,0.067,0.000,10.39,3,42,62,89,55,10
hosp,2026-12-05,0.076,0.000,11.08,5,55,51,74,55,10
indu,2026-12-05,0.076,0.000,11.40,6,78,30,59,55,10
isro,2026-12-05,0.078,0.000,11.70,2,89,20,98,55,10
jotr,2026-12-05,0.071,0.000,11.05,3,39,65,89,55,10
katm,2026-12-05,0.069,0.000,12.29,2,86,23,98,55,10
kefj,2026-12-05,0.069,0.000,12.36,2,77,31,98,55,10
kica,2026-12-05,0.071,0.000,11.18,3,52,53,89,55,10
kova,2026-12-05,0.069,0.000,12.96,2,64,42,98,55,10
lacl,2026-12-05,0.069,0.000,12.42,2,84,24,98,55,10
lavo,2026-12-05,0.071,0.000,11.34,2,65,42,97,55,10
maca,2026-12-05,0.076,0.000,11.19,4,64,42,84,55,10
meve,2026-12-05,0.074,0.000,11.20,3,44,60,89,55,10
mora,2026-12-05,0.071,0.000,11.64,3,83,25,89,55,10
npsa,2026-12-05,0.065,0.000,8.43,3,77,31,89,55,10
neri,2026-12-05,0.078,0.000,11.22,3,70,37,89,55,10
noca,2026-12-05,0.071,0.000,11.73,2,83,25,98,55,10
olym,2026-12-05,0.071,0.000,11.69,3,84,24,89,55,10
pefo,2026-12-05,0.074,0.000,11.10,2,40,64,97,55,10
pinn,2026-12-05,0.071,0.000,11.16,3,60,46,89,55,10
redw,2026-12-05,0.071,0.000,11.39,3,68,39,89,55,10
romo,2026-12-05,0.074,0.000,11.34,2,53,52,97,55,10
sagu,2026-12-05,0.074,0.000,10.97,5,39,65,74,55,10
sequ,2026-12-05,0.071,0.000,11.16,3,49,56,89,55,10
shen,2026-12-05,0.078,0.000,11.25,3,59,47,89,55,10
thro,2026-12-05,0.074,0.000,11.66,2,58,48,98,55,10
viis,2026-12-05,0.080,0.001,10.35,3,33,70,89,55,10
voya,2026-12-05,0.076,0.000,11.72,2,83,25,98,55,10
whsa,2026-12-05,0.074,0.000,11.00,3,35,69,89,55,10
wica,2026-12-05,0.074,0.000,11.49,2,49,56,97,55,10
wrst,2026-12-05,0.069,0.000,12.47,2,78,30,98,55,10
yell,2026-12-05,0.074,0.000,11.53,2,76,32,97,55,10
yose,2026-12-05,0.071,0.000,11.23,3,57,49,89,55,10
zion,2026-12-05,0.074,0.000,11.20,3,46,59,89,55,10