park,night,illum,below,darkHours,bortle,climCloud,noCloud,climScore,clear,half,overcast
acad,2026-10-07,0.075,0.92,9.40,3,55,92,80,94,81,69
acad,2026-10-08,0.028,1.00,9.45,3,55,92,80,94,82,69
acad,2026-10-09,0.004,1.00,9.50,3,55,92,80,94,82,69
acad,2026-10-10,0.002,1.00,9.55,3,55,92,81,94,82,69
acad,2026-10-11,0.022,1.00,9.60,3,55,93,81,94,82,69
acad,2026-10-12,0.060,1.00,9.65,3,55,93,81,94,82,69
acad,2026-10-13,0.116,1.00,9.70,3,55,93,81,95,82,70
acad,2026-10-14,0.185,0.99,9.74,3,55,93,81,95,82,70
acad,2026-10-15,0.264,0.90,9.79,3,55,92,80,94,81,69
acad,2026-10-16,0.352,0.81,9.84,3,55,89,78,92,80,67
acad,2026-10-17,0.444,0.70,9.89,3,55,86,76,90,77,65
acad,2026-10-18,0.539,0.59,9.93,3,55,82,72,86,74,61
acad,2026-10-19,0.634,0.48,9.98,3,55,76,68,82,69,57
acad,2026-10-20,0.725,0.37,10.03,3,55,69,63,77,64,52
acad,2026-10-21,0.810,0.26,10.07,3,55,61,57,71,58,46
acad,2026-10-22,0.885,0.14,10.12,3,55,53,51,65,52,40
acad,2026-10-23,0.944,0.03,10.16,3,55,44,44,58,46,33
acad,2026-10-24,0.984,0.00,10.21,3,55,41,42,56,43,31
acad,2026-10-25,1.000,0.00,10.25,3,55,40,41,55,43,30
acad,2026-10-26,0.989,0.00,10.29,3,55,41,42,55,43,30
acad,2026-10-27,0.950,0.00,10.34,3,55,43,43,57,45,32
acad,2026-10-28,0.885,0.00,10.38,3,55,46,46,60,47,35
acad,2026-10-29,0.799,0.07,10.42,3,55,54,52,65,53,40
acad,2026-10-30,0.697,0.19,10.46,3,55,63,59,72,60,47
acad,2026-10-31,0.587,0.32,10.50,3,55,72,65,79,66,54
acad,2026-11-01,0.469,0.44,10.54,3,55,79,71,85,72,60
acad,2026-11-02,0.360,0.56,10.58,3,55,85,75,89,76,64
acad,2026-11-03,0.260,0.68,10.62,3,55,89,78,92,79,67
acad,2026-11-04,0.172,0.79,10.66,3,55,91,80,94,81,69
acad,2026-11-05,0.101,0.89,10.70,3,55,93,81,95,82,70
acad,2026-11-06,0.047,1.00,10.74,3,55,93,81,95,82,70
acad,2026-11-07,0.014,1.00,10.77,3,55,93,81,95,83,70
acad,2026-11-08,0.000,1.00,10.81,3,55,93,81,95,83,70
acad,2026-11-09,0.007,1.00,10.84,3,55,93,81,95,83,70
acad,2026-11-10,0.032,1.00,10.88,3,55,93,81,95,83,70
acad,2026-11-11,0.074,1.00,10.91,3,55,93,81,95,83,70
acad,2026-11-12,0.131,0.97,10.95,3,55,93,81,95,82,70
acad,2026-11-13,0.201,0.88,10.98,3,55,92,80,94,82,69
acad,2026-11-14,0.282,0.78,11.01,3,55,90,79,93,80,68
acad,2026-11-15,0.370,0.69,11.05,3,55,87,77,90,78,65
acad,2026-11-16,0.464,0.59,11.08,3,55,83,74,87,75,62
acad,2026-11-17,0.562,0.49,11.11,3,55,78,70,83,71,58
acad,2026-11-18,0.660,0.39,11.14,3,55,72,65,79,66,54
acad,2026-11-19,0.754,0.28,11.17,3,55,65,60,73,61,48
acad,2026-11-20,0.841,0.18,11.20,3,55,56,54,67,55,42
acad,2026-11-21,0.914,0.06,11.22,3,55,48,47,61,48,36
acad,2026-11-22,0.968,0.00,11.25,3,55,42,43,56,44,31
acad,2026-11-23,0.996,0.00,11.28,3,55,40,41,55,43,30
acad,2026-11-24,0.996,0.00,11.30,3,55,40,41,55,43,30
acad,2026-11-25,0.966,0.00,11.33,3,55,42,43,56,44,31
acad,2026-11-26,0.909,0.01,11.35,3,55,45,45,59,46,34
acad,2026-11-27,0.828,0.12,11.37,3,55,55,52,66,53,41
acad,2026-11-28,0.731,0.24,11.39,3,55,64,59,73,60,48
acad,2026-11-29,0.624,0.36,11.42,3,55,72,65,79,67,54
acad,2026-11-30,0.514,0.47,11.44,3,55,79,70,84,72,59
acad,2026-12-01,0.407,0.57,11.46,3,61,84,73,88,76,63
acad,2026-12-02,0.306,0.67,11.47,3,61,88,76,91,78,66
acad,2026-12-03,0.216,0.77,11.49,3,61,91,78,93,81,68
acad,2026-12-04,0.139,0.87,11.51,3,61,92,79,94,82,69
acad,2026-12-05,0.078,0.97,11.52,3,61,93,80,95,82,70
arch,2026-10-07,0.070,0.93,9.55,3,30,92,87,94,82,69
arch,2026-10-08,0.025,1.00,9.59,3,30,93,87,94,82,69
arch,2026-10-09,0.003,1.00,9.63,3,30,93,87,94,82,69
arch,2026-10-10,0.003,1.00,9.67,3,30,93,87,95,82,70
arch,2026-10-11,0.024,1.00,9.71,3,30,93,87,95,82,70
arch,2026-10-12,0.064,1.00,9.75,3,30,93,87,95,82,70
arch,2026-10-13,0.121,1.00,9.79,3,30,93,87,95,82,70
arch,2026-10-14,0.191,0.93,9.83,3,30,92,87,94,82,69
arch,2026-10-15,0.271,0.85,9.87,3,30,91,86,93,81,68
arch,2026-10-16,0.359,0.75,9.91,3,30,88,84,91,79,66
arch,2026-10-17,0.452,0.65,9.95,3,30,85,81,89,76,64
arch,2026-10-18,0.547,0.55,9.98,3,30,80,78,85,73,60
arch,2026-10-19,0.642,0.45,10.02,3,30,74,73,81,68,56
arch,2026-10-20,0.733,0.34,10.06,3,30,68,68,76,63,51
arch,2026-10-21,0.817,0.24,10.10,3,30,60,63,70,58,45
arch,2026-10-22,0.891,0.13,10.13,3,30,52,56,64,51,39
arch,2026-10-23,0.949,0.02,10.17,3,30,44,50,58,45,33
arch,2026-10-24,0.986,0.00,10.20,3,30,41,48,56,43,31
arch,2026-10-25,1.000,0.00,10.24,3,30,40,48,55,43,30
arch,2026-10-26,0.986,0.00,10.27,3,30,41,48,56,43,31
arch,2026-10-27,0.945,0.00,10.31,3,30,43,50,57,45,32
arch,2026-10-28,0.879,0.02,10.34,3,30,47,53,61,48,36
arch,2026-10-29,0.791,0.13,10.38,3,30,56,60,67,55,42
arch,2026-10-30,0.689,0.24,10.41,3,30,65,67,74,62,49
arch,2026-10-31,0.578,0.36,10.44,3,30,74,73,80,68,55
arch,2026-11-01,0.460,0.48,10.48,3,33,81,77,85,73,60
arch,2026-11-02,0.352,0.59,10.51,3,33,86,81,89,77,64
arch,2026-11-03,0.252,0.70,10.54,3,33,89,84,92,79,67
arch,2026-11-04,0.166,0.80,10.57,3,33,92,85,94,81,69
arch,2026-11-05,0.096,0.90,10.60,3,33,93,86,95,82,70
arch,2026-11-06,0.044,1.00,10.63,3,33,93,87,95,82,70
arch,2026-11-07,0.012,1.00,10.66,3,33,93,87,95,83,70
arch,2026-11-08,0.000,1.00,10.69,3,33,93,87,95,83,70
arch,2026-11-09,0.008,1.00,10.72,3,33,93,87,95,83,70
arch,2026-11-10,0.035,1.00,10.75,3,33,93,87,95,83,70
arch,2026-11-11,0.078,1.00,10.78,3,33,93,87,95,83,70
arch,2026-11-12,0.137,0.93,10.80,3,33,93,86,95,82,70
arch,2026-11-13,0.208,0.84,10.83,3,33,92,85,94,81,69
arch,2026-11-14,0.289,0.75,10.86,3,33,89,84,92,80,67
arch,2026-11-15,0.378,0.65,10.88,3,33,86,82,90,77,65
arch,2026-11-16,0.472,0.56,10.91,3,33,82,78,87,74,62
arch,2026-11-17,0.570,0.46,10.93,3,33,77,75,83,70,58
arch,2026-11-18,0.668,0.37,10.96,3,33,71,70,78,66,53
arch,2026-11-19,0.762,0.27,10.98,3,33,64,65,73,60,48
arch,2026-11-20,0.848,0.17,11.00,3,33,56,59,67,54,42
arch,2026-11-21,0.919,0.06,11.02,3,33,47,52,61,48,36
arch,2026-11-22,0.971,0.00,11.04,3,33,42,48,56,44,31
arch,2026-11-23,0.997,0.00,11.07,3,33,40,47,55,43,30
arch,2026-11-24,0.995,0.00,11.09,3,33,40,47,55,43,30
arch,2026-11-25,0.963,0.00,11.11,3,33,42,48,56,44,31
arch,2026-11-26,0.903,0.05,11.12,3,33,47,52,61,48,36
arch,2026-11-27,0.821,0.16,11.14,3,33,57,59,67,55,42
arch,2026-11-28,0.722,0.27,11.16,3,33,65,66,74,62,49
arch,2026-11-29,0.615,0.38,11.18,3,33,73,72,80,67,55
arch,2026-11-30,0.505,0.49,11.19,3,33,80,76,85,72,60
arch,2026-12-01,0.398,0.59,11.21,3,44,85,77,88,76,63
arch,2026-12-02,0.298,0.68,11.22,3,44,88,80,91,79,66
arch,2026-12-03,0.209,0.77,11.24,3,44,91,82,93,81,68
arch,2026-12-04,0.134,0.87,11.25,3,44,92,83,94,82,69
arch,2026-12-05,0.074,0.96,11.26,3,44,93,84,95,82,70
badl,2026-10-07,0.070,0.93,9.42,2,39,95,87,96,84,71
badl,2026-10-08,0.025,1.00,9.47,2,39,96,87,97,84,72
badl,2026-10-09,0.003,1.00,9.52,2,39,96,87,97,84,72
badl,2026-10-10,0.003,1.00,9.57,2,39,96,87,97,84,72
badl,2026-10-11,0.024,1.00,9.62,2,39,96,87,97,84,72
badl,2026-10-12,0.064,1.00,9.67,2,39,96,87,97,85,72
badl,2026-10-13,0.121,1.00,9.71,2,39,96,87,97,85,72
badl,2026-10-14,0.191,0.97,9.76,2,39,96,87,97,84,72
badl,2026-10-15,0.271,0.89,9.81,2,39,95,86,96,84,71
badl,2026-10-16,0.359,0.79,9.85,2,39,92,85,94,82,69
badl,2026-10-17,0.452,0.69,9.90,2,39,89,82,92,79,67
badl,2026-10-18,0.547,0.58,9.95,2,39,84,78,88,76,63
badl,2026-10-19,0.642,0.47,9.99,2,39,78,74,84,71,59
badl,2026-10-20,0.733,0.36,10.04,2,39,72,69,79,66,54
badl,2026-10-21,0.817,0.24,10.08,2,39,64,63,73,60,48
badl,2026-10-22,0.891,0.13,10.12,2,39,55,57,67,54,42
badl,2026-10-23,0.949,0.02,10.17,2,39,47,50,60,48,35
badl,2026-10-24,0.986,0.00,10.21,2,39,44,48,58,46,33
badl,2026-10-25,1.000,0.00,10.25,2,39,43,48,58,45,33
badl,2026-10-26,0.986,0.00,10.30,2,39,44,48,58,46,33
badl,2026-10-27,0.945,0.00,10.34,2,39,46,50,60,47,35
badl,2026-10-28,0.879,0.00,10.38,2,39,50,53,62,50,37
badl,2026-10-29,0.791,0.09,10.42,2,39,58,59,69,56,44
badl,2026-10-30,0.689,0.21,10.46,2,39,68,66,76,63,51
badl,2026-10-31,0.578,0.33,10.50,2,39,76,72,82,70,57
badl,2026-11-01,0.460,0.46,10.54,2,46,83,76,88,75,63
badl,2026-11-02,0.352,0.58,10.58,2,46,89,80,92,79,67
badl,2026-11-03,0.252,0.69,10.62,2,46,92,83,94,82,69
badl,2026-11-04,0.166,0.80,10.65,2,46,95,85,96,84,71
badl,2026-11-05,0.096,0.90,10.69,2,46,96,86,97,85,72
badl,2026-11-06,0.044,1.00,10.73,2,46,97,86,98,85,73
badl,2026-11-07,0.012,1.00,10.76,2,46,97,86,98,85,73
badl,2026-11-08,0.000,1.00,10.80,2,46,97,86,98,85,73
badl,2026-11-09,0.008,1.00,10.83,2,46,97,86,98,85,73
badl,2026-11-10,0.035,1.00,10.87,2,46,97,86,98,85,73
badl,2026-11-11,0.078,1.00,10.90,2,46,97,86,98,85,73
badl,2026-11-12,0.137,0.96,10.93,2,46,96,86,97,85,72
badl,2026-11-13,0.208,0.87,10.97,2,46,95,85,96,84,71
badl,2026-11-14,0.289,0.77,11.00,2,46,93,83,95,82,70
badl,2026-11-15,0.378,0.67,11.03,2,46,90,81,93,80,68
badl,2026-11-16,0.472,0.57,11.06,2,46,86,78,89,77,64
badl,2026-11-17,0.570,0.48,11.09,2,46,81,74,86,73,61
badl,2026-11-18,0.668,0.38,11.12,2,46,74,69,81,68,56
badl,2026-11-19,0.762,0.27,11.15,2,46,67,64,75,63,50
badl,2026-11-20,0.848,0.17,11.17,2,46,59,58,69,57,44
badl,2026-11-21,0.919,0.06,11.20,2,46,50,51,63,50,38
badl,2026-11-22,0.971,0.00,11.23,2,46,45,47,59,46,34
badl,2026-11-23,0.997,0.00,11.25,2,46,43,46,58,45,33
badl,2026-11-24,0.995,0.00,11.28,2,46,44,46,58,45,33
badl,2026-11-25,0.963,0.00,11.30,2,46,45,47,59,46,34
badl,2026-11-26,0.903,0.02,11.32,2,46,50,51,62,50,37
badl,2026-11-27,0.821,0.14,11.34,2,46,59,58,69,57,44
badl,2026-11-28,0.722,0.26,11.37,2,46,68,65,76,64,51
badl,2026-11-29,0.615,0.37,11.39,2,46,76,71,82,70,57
badl,2026-11-30,0.505,0.48,11.41,2,46,83,75,87,74,62
badl,2026-12-01,0.398,0.58,11.42,2,50,88,78,91,78,66
badl,2026-12-02,0.298,0.68,11.44,2,50,92,81,94,81,69
badl,2026-12-03,0.209,0.78,11.46,2,50,94,83,96,83,71
badl,2026-12-04,0.134,0.88,11.48,2,50,96,84,97,84,72
badl,2026-12-05,0.074,0.97,11.49,2,50,97,85,97,85,72
bibe,2026-10-07,0.072,0.93,9.69,2,27,96,90,97,84,72
bibe,2026-10-08,0.026,1.00,9.71,2,27,96,90,97,85,72
bibe,2026-10-09,0.003,1.00,9.74,2,27,96,90,97,85,72
bibe,2026-10-10,0.002,1.00,9.77,2,27,96,90,97,85,72
bibe,2026-10-11,0.023,1.00,9.80,2,27,96,90,97,85,72
bibe,2026-10-12,0.062,1.00,9.82,2,27,96,90,97,85,72
bibe,2026-10-13,0.118,0.96,9.85,2,27,96,90,97,85,72
bibe,2026-10-14,0.188,0.88,9.88,2,27,95,90,96,84,71
bibe,2026-10-15,0.268,0.79,9.90,2,27,94,88,95,83,70
bibe,2026-10-16,0.355,0.70,9.93,2,27,91,86,93,81,68
bibe,2026-10-17,0.448,0.61,9.96,2,27,87,84,90,78,65
bibe,2026-10-18,0.543,0.51,9.98,2,27,83,80,87,74,62
bibe,2026-10-19,0.638,0.42,10.01,2,27,77,76,83,70,58
bibe,2026-10-20,0.729,0.32,10.03,2,27,70,71,78,65,53
bibe,2026-10-21,0.814,0.23,10.06,2,27,63,66,72,60,47
bibe,2026-10-22,0.888,0.13,10.08,2,27,55,60,67,54,42
bibe,2026-10-23,0.947,0.03,10.11,2,27,48,54,61,48,36
bibe,2026-10-24,0.985,0.00,10.13,2,27,44,51,58,46,33
bibe,2026-10-25,1.000,0.00,10.16,2,27,43,51,58,45,33
bibe,2026-10-26,0.988,0.00,10.18,2,27,44,51,58,45,33
bibe,2026-10-27,0.948,0.00,10.20,2,27,46,53,60,47,35
bibe,2026-10-28,0.882,0.07,10.23,2,27,53,58,65,52,40
bibe,2026-10-29,0.795,0.17,10.25,2,27,62,64,71,59,46
bibe,2026-10-30,0.693,0.28,10.27,2,27,70,71,78,65,53
bibe,2026-10-31,0.582,0.40,10.29,2,27,78,77,83,71,58
bibe,2026-11-01,0.465,0.50,10.32,2,34,84,80,88,76,63
bibe,2026-11-02,0.356,0.61,10.34,2,34,89,83,92,79,67
bibe,2026-11-03,0.256,0.71,10.36,2,34,93,86,94,82,69
bibe,2026-11-04,0.169,0.80,10.38,2,34,95,88,96,84,71
bibe,2026-11-05,0.098,0.89,10.40,2,34,96,89,97,85,72
bibe,2026-11-06,0.046,0.99,10.42,2,34,97,89,97,85,72
bibe,2026-11-07,0.013,1.00,10.44,2,34,97,89,98,85,73
bibe,2026-11-08,0.000,1.00,10.46,2,34,97,89,98,85,73
bibe,2026-11-09,0.007,1.00,10.48,2,34,97,89,98,85,73
bibe,2026-11-10,0.033,1.00,10.50,2,34,97,89,98,85,73
bibe,2026-11-11,0.076,0.98,10.52,2,34,97,89,97,85,72
bibe,2026-11-12,0.134,0.89,10.54,2,34,96,88,97,84,72
bibe,2026-11-13,0.204,0.80,10.56,2,34,95,87,96,83,71
bibe,2026-11-14,0.285,0.72,10.57,2,34,92,86,94,82,69
bibe,2026-11-15,0.374,0.63,10.59,2,34,89,83,92,79,67
bibe,2026-11-16,0.468,0.54,10.61,2,34,85,80,89,76,64
bibe,2026-11-17,0.566,0.45,10.62,2,34,80,77,85,73,60
bibe,2026-11-18,0.664,0.36,10.64,2,34,74,72,81,68,56
bibe,2026-11-19,0.758,0.27,10.65,2,34,67,67,75,63,50
bibe,2026-11-20,0.844,0.18,10.67,2,34,60,61,70,57,45
bibe,2026-11-21,0.917,0.08,10.68,2,34,52,55,64,51,39
bibe,2026-11-22,0.969,0.00,10.70,2,34,45,50,59,46,34
bibe,2026-11-23,0.997,0.00,10.71,2,34,43,49,58,45,33
bibe,2026-11-24,0.996,0.00,10.73,2,34,44,49,58,45,33
bibe,2026-11-25,0.965,0.00,10.74,2,34,45,50,59,46,34
bibe,2026-11-26,0.906,0.08,10.75,2,34,52,56,64,52,39
bibe,2026-11-27,0.824,0.19,10.76,2,34,61,62,71,58,46
bibe,2026-11-28,0.727,0.30,10.78,2,34,69,69,77,65,52
bibe,2026-11-29,0.620,0.40,10.79,2,34,77,74,83,70,58
bibe,2026-11-30,0.510,0.50,10.80,2,34,83,79,87,75,62
bibe,2026-12-01,0.402,0.59,10.81,2,36,88,82,91,78,66
bibe,2026-12-02,0.302,0.68,10.82,2,36,91,85,94,81,69
bibe,2026-12-03,0.213,0.76,10.83,2,36,94,86,95,83,70
bibe,2026-12-04,0.136,0.85,10.84,2,36,96,88,97,84,72
bibe,2026-12-05,0.076,0.94,10.84,2,36,96,88,97,85,72
bisc,2026-10-07,0.075,0.93,9.71,5,56,86,75,89,77,64
bisc,2026-10-08,0.028,1.00,9.73,5,56,86,76,90,77,65
bisc,2026-10-09,0.004,1.00,9.76,5,56,86,76,90,77,65
bisc,2026-10-10,0.002,1.00,9.78,5,56,86,76,90,77,65
bisc,2026-10-11,0.022,1.00,9.80,5,56,86,76,90,77,65
bisc,2026-10-12,0.060,1.00,9.83,5,56,86,76,90,77,65
bisc,2026-10-13,0.116,0.94,9.85,5,56,86,76,90,77,65
bisc,2026-10-14,0.185,0.87,9.87,5,56,85,75,89,76,64
bisc,2026-10-15,0.264,0.78,9.89,5,56,83,74,88,75,63
bisc,2026-10-16,0.352,0.69,9.92,5,56,81,72,86,73,61
bisc,2026-10-17,0.444,0.60,9.94,5,56,77,69,83,70,58
bisc,2026-10-18,0.539,0.50,9.96,5,56,72,65,79,67,54
bisc,2026-10-19,0.634,0.41,9.98,5,56,67,61,75,63,50
bisc,2026-10-20,0.725,0.32,10.00,5,56,60,56,70,58,45
bisc,2026-10-21,0.810,0.23,10.02,5,56,53,51,65,52,40
bisc,2026-10-22,0.885,0.13,10.04,5,56,46,45,59,47,34
bisc,2026-10-23,0.944,0.04,10.07,5,56,38,40,54,41,29
bisc,2026-10-24,0.984,0.00,10.09,5,56,34,37,51,38,26
bisc,2026-10-25,1.000,0.00,10.11,5,56,33,36,50,38,25
bisc,2026-10-26,0.989,0.00,10.13,5,56,34,36,50,38,25
bisc,2026-10-27,0.950,0.00,10.14,5,56,36,38,52,40,27
bisc,2026-10-28,0.885,0.07,10.16,5,56,43,43,57,45,32
bisc,2026-10-29,0.799,0.18,10.18,5,56,52,50,64,51,39
bisc,2026-10-30,0.697,0.29,10.20,5,56,60,56,70,58,45
bisc,2026-10-31,0.587,0.40,10.22,5,56,68,62,76,63,51
bisc,2026-11-01,0.469,0.51,10.24,5,49,74,69,81,68,56
bisc,2026-11-02,0.360,0.61,10.26,5,49,79,72,84,72,59
bisc,2026-11-03,0.260,0.70,10.27,5,49,83,75,87,74,62
bisc,2026-11-04,0.172,0.80,10.29,5,49,85,76,89,76,64
bisc,2026-11-05,0.101,0.89,10.31,5,49,86,77,90,77,65
bisc,2026-11-06,0.047,0.98,10.33,5,49,87,78,90,77,65
bisc,2026-11-07,0.014,1.00,10.34,5,49,87,78,90,78,65
bisc,2026-11-08,0.000,1.00,10.36,5,49,87,78,90,78,65
bisc,2026-11-09,0.007,1.00,10.37,5,49,87,78,90,78,65
bisc,2026-11-10,0.032,1.00,10.39,5,49,87,78,90,78,65
bisc,2026-11-11,0.074,0.97,10.41,5,49,87,78,90,77,65
bisc,2026-11-12,0.131,0.88,10.42,5,49,86,77,89,77,64
bisc,2026-11-13,0.201,0.80,10.44,5,49,84,76,88,76,63
bisc,2026-11-14,0.282,0.71,10.45,5,49,82,74,87,74,62
bisc,2026-11-15,0.370,0.62,10.46,5,49,79,72,84,72,59
bisc,2026-11-16,0.464,0.54,10.48,5,49,75,69,81,69,56
bisc,2026-11-17,0.562,0.45,10.49,5,49,70,65,78,65,53
bisc,2026-11-18,0.660,0.37,10.51,5,49,64,61,73,61,48
bisc,2026-11-19,0.754,0.28,10.52,5,49,58,56,68,56,43
bisc,2026-11-20,0.841,0.18,10.53,5,49,50,50,63,50,38
bisc,2026-11-21,0.914,0.09,10.54,5,49,42,44,57,44,32
bisc,2026-11-22,0.968,0.00,10.55,5,49,35,39,51,39,26
bisc,2026-11-23,0.996,0.00,10.57,5,49,34,38,50,38,25
bisc,2026-11-24,0.996,0.00,10.58,5,49,34,38,50,38,25
bisc,2026-11-25,0.966,0.00,10.59,5,49,35,39,51,39,26
bisc,2026-11-26,0.909,0.08,10.60,5,49,42,44,57,44,32
bisc,2026-11-27,0.828,0.19,10.61,5,49,51,51,63,51,38
bisc,2026-11-28,0.731,0.30,10.62,5,49,59,57,69,57,44
bisc,2026-11-29,0.624,0.40,10.63,5,49,67,63,75,62,50
bisc,2026-11-30,0.514,0.49,10.64,5,49,73,67,80,67,55
bisc,2026-12-01,0.407,0.58,10.64,5,50,78,71,83,71,58
bisc,2026-12-02,0.306,0.67,10.65,5,50,81,73,86,73,61
bisc,2026-12-03,0.216,0.76,10.66,5,50,84,75,88,75,63
bisc,2026-12-04,0.139,0.84,10.67,5,50,85,77,89,77,64
bisc,2026-12-05,0.078,0.93,10.67,5,50,86,77,90,77,65
blca,2026-10-07,0.070,0.93,9.55,2,31,96,89,97,84,72
blca,2026-10-08,0.025,1.00,9.59,2,31,96,89,97,84,72
blca,2026-10-09,0.003,1.00,9.63,2,31,96,89,97,84,72
blca,2026-10-10,0.003,1.00,9.67,2,31,96,89,97,85,72
blca,2026-10-11,0.024,1.00,9.71,2,31,96,89,97,85,72
blca,2026-10-12,0.064,1.00,9.75,2,31,96,89,97,85,72
blca,2026-10-13,0.121,1.00,9.79,2,31,96,89,97,85,72
blca,2026-10-14,0.191,0.93,9.83,2,31,96,89,97,84,72
blca,2026-10-15,0.271,0.85,9.87,2,31,94,88,96,83,71
blca,2026-10-16,0.359,0.75,9.91,2,31,92,86,94,81,69
blca,2026-10-17,0.452,0.65,9.95,2,31,88,83,91,79,66
blca,2026-10-18,0.547,0.55,9.98,2,31,84,80,88,75,63
blca,2026-10-19,0.642,0.45,10.02,2,31,78,76,83,71,58
blca,2026-10-20,0.733,0.34,10.06,2,31,71,70,78,66,53
blca,2026-10-21,0.817,0.24,10.10,2,31,63,65,73,60,48
blca,2026-10-22,0.891,0.13,10.13,2,31,55,59,67,54,42
blca,2026-10-23,0.949,0.02,10.17,2,31,47,53,60,48,35
blca,2026-10-24,0.986,0.00,10.20,2,31,44,50,58,46,33
blca,2026-10-25,1.000,0.00,10.24,2,31,43,50,58,45,33
blca,2026-10-26,0.986,0.00,10.27,2,31,44,50,58,46,33
blca,2026-10-27,0.945,0.00,10.31,2,31,46,52,60,47,35
blca,2026-10-28,0.879,0.02,10.34,2,31,51,55,63,51,38
blca,2026-10-29,0.791,0.13,10.38,2,31,60,62,70,57,45
blca,2026-10-30,0.689,0.24,10.41,2,31,69,69,77,64,52
blca,2026-10-31,0.578,0.36,10.44,2,31,77,75,83,70,58
blca,2026-11-01,0.460,0.48,10.47,2,35,84,79,88,75,63
blca,2026-11-02,0.352,0.59,10.51,2,35,89,83,92,79,67
blca,2026-11-03,0.252,0.70,10.54,2,35,93,86,94,82,69
blca,2026-11-04,0.166,0.80,10.57,2,35,95,87,96,84,71
blca,2026-11-05,0.096,0.90,10.60,2,35,96,88,97,85,72
blca,2026-11-06,0.044,1.00,10.63,2,35,97,89,97,85,72
blca,2026-11-07,0.012,1.00,10.66,2,35,97,89,98,85,73
blca,2026-11-08,0.000,1.00,10.69,2,35,97,89,98,85,73
blca,2026-11-09,0.008,1.00,10.72,2,35,97,89,98,85,73
blca,2026-11-10,0.035,1.00,10.74,2,35,97,89,98,85,73
blca,2026-11-11,0.078,1.00,10.77,2,35,97,89,98,85,73
blca,2026-11-12,0.137,0.93,10.80,2,35,96,88,97,85,72
blca,2026-11-13,0.208,0.84,10.83,2,35,95,87,96,84,71
blca,2026-11-14,0.289,0.75,10.85,2,35,93,86,95,82,70
blca,2026-11-15,0.378,0.65,10.88,2,35,90,84,92,80,67
blca,2026-11-16,0.472,0.56,10.90,2,35,86,80,89,77,64
blca,2026-11-17,0.570,0.47,10.93,2,35,80,77,85,73,60
blca,2026-11-18,0.668,0.37,10.95,2,35,74,72,81,68,56
blca,2026-11-19,0.762,0.27,10.97,2,35,67,67,75,63,50
blca,2026-11-20,0.848,0.17,11.00,2,35,59,61,69,57,44
blca,2026-11-21,0.919,0.06,11.02,2,35,51,54,63,51,38
blca,2026-11-22,0.971,0.00,11.04,2,35,45,50,59,46,34
blca,2026-11-23,0.997,0.00,11.06,2,35,43,49,58,45,33
blca,2026-11-24,0.995,0.00,11.08,2,35,44,49,58,45,33
blca,2026-11-25,0.963,0.00,11.10,2,35,45,50,59,46,34
blca,2026-11-26,0.903,0.05,11.12,2,35,51,54,63,51,38
blca,2026-11-27,0.821,0.16,11.14,2,35,60,61,70,57,45
blca,2026-11-28,0.722,0.27,11.15,2,35,69,68,77,64,52
blca,2026-11-29,0.615,0.38,11.17,2,35,76,74,82,70,57
blca,2026-11-30,0.505,0.49,11.19,2,35,83,78,87,75,62
blca,2026-12-01,0.398,0.59,11.20,2,49,88,79,91,78,66
blca,2026-12-02,0.298,0.68,11.22,2,49,92,81,94,81,69
blca,2026-12-03,0.209,0.77,11.23,2,49,94,83,96,83,71
blca,2026-12-04,0.134,0.87,11.24,2,49,96,85,97,84,72
blca,2026-12-05,0.074,0.96,11.26,2,49,97,85,97,85,72
brca,2026-10-07,0.070,0.94,9.57,2,26,96,90,97,84,72
brca,2026-10-08,0.025,1.00,9.61,2,26,96,90,97,84,72
brca,2026-10-09,0.003,1.00,9.65,2,26,96,90,97,84,72
brca,2026-10-10,0.003,1.00,9.69,2,26,96,91,97,85,72
brca,2026-10-11,0.024,1.00,9.73,2,26,96,91,97,85,72
brca,2026-10-12,0.064,1.00,9.77,2,26,96,91,97,85,72
brca,2026-10-13,0.121,1.00,9.80,2,26,96,91,97,85,72
brca,2026-10-14,0.191,0.92,9.84,2,26,96,90,97,84,72
brca,2026-10-15,0.271,0.84,9.88,2,26,94,89,96,83,71
brca,2026-10-16,0.359,0.75,9.92,2,26,92,87,94,81,69
brca,2026-10-17,0.452,0.65,9.95,2,26,88,85,91,79,66
brca,2026-10-18,0.547,0.54,9.99,2,26,83,81,88,75,63
brca,2026-10-19,0.642,0.44,10.02,2,26,78,77,83,71,58
brca,2026-10-20,0.733,0.34,10.06,2,26,71,72,78,66,53
brca,2026-10-21,0.817,0.23,10.10,2,26,63,66,72,60,47
brca,2026-10-22,0.891,0.13,10.13,2,26,55,60,66,54,41
brca,2026-10-23,0.949,0.02,10.17,2,26,47,54,60,48,35
brca,2026-10-24,0.986,0.00,10.20,2,26,44,52,58,46,33
brca,2026-10-25,1.000,0.00,10.23,2,26,43,51,58,45,33
brca,2026-10-26,0.986,0.00,10.27,2,26,44,52,58,46,33
brca,2026-10-27,0.945,0.00,10.30,2,26,46,53,60,47,35
brca,2026-10-28,0.879,0.03,10.33,2,26,51,57,63,51,38
brca,2026-10-29,0.791,0.13,10.36,2,26,60,64,70,58,45
brca,2026-10-30,0.689,0.25,10.40,2,26,69,70,77,64,52
brca,2026-10-31,0.578,0.37,10.43,2,26,77,76,83,70,58
brca,2026-11-01,0.460,0.48,10.46,2,30,84,80,88,75,63
brca,2026-11-02,0.352,0.59,10.49,2,30,89,84,92,79,67
brca,2026-11-03,0.252,0.70,10.52,2,30,93,87,94,82,69
brca,2026-11-04,0.166,0.80,10.55,2,30,95,89,96,84,71
brca,2026-11-05,0.096,0.90,10.58,2,30,96,90,97,85,72
brca,2026-11-06,0.044,1.00,10.61,2,30,97,90,97,85,72
brca,2026-11-07,0.012,1.00,10.64,2,30,97,90,98,85,73
brca,2026-11-08,0.000,1.00,10.67,2,30,97,90,98,85,73
brca,2026-11-09,0.008,1.00,10.69,2,30,97,90,98,85,73
brca,2026-11-10,0.035,1.00,10.72,2,30,97,90,98,85,73
brca,2026-11-11,0.078,1.00,10.75,2,30,97,90,98,85,73
brca,2026-11-12,0.137,0.92,10.77,2,30,96,90,97,85,72
brca,2026-11-13,0.208,0.83,10.80,2,30,95,89,96,84,71
brca,2026-11-14,0.289,0.74,10.82,2,30,93,87,95,82,70
brca,2026-11-15,0.378,0.65,10.85,2,30,90,85,92,80,67
brca,2026-11-16,0.472,0.56,10.87,2,30,85,82,89,77,64
brca,2026-11-17,0.570,0.46,10.89,2,30,80,78,85,73,60
brca,2026-11-18,0.668,0.37,10.92,2,30,74,73,81,68,56
brca,2026-11-19,0.762,0.27,10.94,2,30,67,68,75,63,50
brca,2026-11-20,0.848,0.17,10.96,2,30,59,62,69,57,44
brca,2026-11-21,0.919,0.06,10.98,2,30,51,56,63,51,38
brca,2026-11-22,0.971,0.00,11.00,2,30,45,51,59,46,34
brca,2026-11-23,0.997,0.00,11.02,2,30,43,50,58,45,33
brca,2026-11-24,0.995,0.00,11.04,2,30,44,50,58,45,33
brca,2026-11-25,0.963,0.00,11.06,2,30,45,51,59,46,34
brca,2026-11-26,0.903,0.05,11.08,2,30,51,56,63,51,38
brca,2026-11-27,0.821,0.17,11.10,2,30,60,63,70,58,45
brca,2026-11-28,0.722,0.28,11.11,2,30,69,69,77,64,52
brca,2026-11-29,0.615,0.39,11.13,2,30,77,75,82,70,57
brca,2026-11-30,0.505,0.49,11.15,2,30,83,80,87,75,62
brca,2026-12-01,0.398,0.59,11.16,2,47,88,79,91,78,66
brca,2026-12-02,0.298,0.68,11.17,2,47,92,82,94,81,69
brca,2026-12-03,0.209,0.77,11.19,2,47,94,84,96,83,71
brca,2026-12-04,0.134,0.87,11.20,2,47,96,85,97,84,72
brca,2026-12-05,0.074,0.96,11.21,2,47,97,86,97,85,72
cany,2026-10-07,0.070,0.93,9.56,2,28,96,90,97,84,72
cany,2026-10-08,0.025,1.00,9.60,2,28,96,90,97,84,72
cany,2026-10-09,0.003,1.00,9.64,2,28,96,90,97,84,72
cany,2026-10-10,0.003,1.00,9.68,2,28,96,90,97,85,72
cany,2026-10-11,0.024,1.00,9.72,2,28,96,90,97,85,72
cany,2026-10-12,0.064,1.00,9.76,2,28,96,90,97,85,72
cany,2026-10-13,0.121,1.00,9.80,2,28,96,90,97,85,72
cany,2026-10-14,0.191,0.93,9.84,2,28,96,90,97,84,72
cany,2026-10-15,0.271,0.84,9.87,2,28,94,89,96,83,71
cany,2026-10-16,0.359,0.75,9.91,2,28,92,87,94,81,69
cany,2026-10-17,0.452,0.65,9.95,2,28,88,84,91,79,66
cany,2026-10-18,0.547,0.55,9.99,2,28,83,81,88,75,63
cany,2026-10-19,0.642,0.44,10.02,2,28,78,76,83,71,58
cany,2026-10-20,0.733,0.34,10.06,2,28,71,71,78,66,53
cany,2026-10-21,0.817,0.24,10.10,2,28,63,66,73,60,48
cany,2026-10-22,0.891,0.13,10.13,2,28,55,59,66,54,41
cany,2026-10-23,0.949,0.02,10.17,2,28,47,53,60,48,35
cany,2026-10-24,0.986,0.00,10.20,2,28,44,51,58,46,33
cany,2026-10-25,1.000,0.00,10.24,2,28,43,51,58,45,33
cany,2026-10-26,0.986,0.00,10.27,2,28,44,51,58,46,33
cany,2026-10-27,0.945,0.00,10.31,2,28,46,53,60,47,35
cany,2026-10-28,0.879,0.02,10.34,2,28,51,56,63,51,38
cany,2026-10-29,0.791,0.13,10.37,2,28,60,63,70,57,45
cany,2026-10-30,0.689,0.24,10.40,2,28,69,70,77,64,52
cany,2026-10-31,0.578,0.36,10.44,2,28,77,76,83,70,58
cany,2026-11-01,0.460,0.48,10.47,2,31,84,80,88,75,63
cany,2026-11-02,0.352,0.59,10.50,2,31,89,84,92,79,67
cany,2026-11-03,0.252,0.70,10.53,2,31,93,87,94,82,69
cany,2026-11-04,0.166,0.80,10.56,2,31,95,88,96,84,71
cany,2026-11-05,0.096,0.90,10.59,2,31,96,89,97,85,72
cany,2026-11-06,0.044,1.00,10.62,2,31,97,90,97,85,72
cany,2026-11-07,0.012,1.00,10.65,2,31,97,90,98,85,73
cany,2026-11-08,0.000,1.00,10.68,2,31,97,90,98,85,73
cany,2026-11-09,0.008,1.00,10.71,2,31,97,90,98,85,73
cany,2026-11-10,0.035,1.00,10.74,2,31,97,90,98,85,73
cany,2026-11-11,0.078,1.00,10.76,2,31,97,90,98,85,73
cany,2026-11-12,0.137,0.93,10.79,2,31,96,89,97,85,72
cany,2026-11-13,0.208,0.84,10.82,2,31,95,88,96,84,71
cany,2026-11-14,0.289,0.75,10.84,2,31,93,87,95,82,70
cany,2026-11-15,0.378,0.65,10.87,2,31,90,84,92,80,67
cany,2026-11-16,0.472,0.56,10.89,2,31,86,81,89,77,64
cany,2026-11-17,0.570,0.46,10.92,2,31,80,78,85,73,60
cany,2026-11-18,0.668,0.37,10.94,2,31,74,73,81,68,56
cany,2026-11-19,0.762,0.27,10.96,2,31,67,68,75,63,50
cany,2026-11-20,0.848,0.17,10.98,2,31,59,62,69,57,44
cany,2026-11-21,0.919,0.06,11.01,2,31,51,55,63,51,38
cany,2026-11-22,0.971,0.00,11.03,2,31,45,51,59,46,34
cany,2026-11-23,0.997,0.00,11.05,2,31,43,50,58,45,33
cany,2026-11-24,0.995,0.00,11.07,2,31,44,50,58,45,33
cany,2026-11-25,0.963,0.00,11.09,2,31,45,51,59,46,34
cany,2026-11-26,0.903,0.05,11.11,2,31,51,55,63,51,38
cany,2026-11-27,0.821,0.16,11.12,2,31,60,62,70,57,45
cany,2026-11-28,0.722,0.28,11.14,2,31,69,69,77,64,52
cany,2026-11-29,0.615,0.39,11.16,2,31,77,75,82,70,57
cany,2026-11-30,0.505,0.49,11.17,2,31,83,79,87,75,62
cany,2026-12-01,0.398,0.59,11.19,2,44,88,80,91,78,66
cany,2026-12-02,0.298,0.68,11.20,2,44,92,83,94,81,69
cany,2026-12-03,0.209,0.77,11.22,2,44,94,85,96,83,71
cany,2026-12-04,0.134,0.87,11.23,2,44,96,86,97,84,72
cany,2026-12-05,0.074,0.96,11.24,2,44,97,86,97,85,72
care,2026-10-07,0.070,0.93,9.56,2,27,96,90,97,84,72
care,2026-10-08,0.025,1.00,9.60,2,27,96,90,97,84,72
care,2026-10-09,0.003,1.00,9.64,2,27,96,90,97,84,72
care,2026-10-10,0.003,1.00,9.68,2,27,96,90,97,85,72
care,2026-10-11,0.024,1.00,9.72,2,27,96,90,97,85,72
care,2026-10-12,0.064,1.00,9.76,2,27,96,90,97,85,72
care,2026-10-13,0.121,1.00,9.80,2,27,96,90,97,85,72
care,2026-10-14,0.191,0.93,9.84,2,27,96,90,97,84,72
care,2026-10-15,0.271,0.84,9.87,2,27,94,89,96,83,71
care,2026-10-16,0.359,0.75,9.91,2,27,92,87,94,81,69
care,2026-10-17,0.452,0.65,9.95,2,27,88,84,91,79,66
care,2026-10-18,0.547,0.55,9.99,2,27,83,81,88,75,63
care,2026-10-19,0.642,0.44,10.02,2,27,78,76,83,71,58
care,2026-10-20,0.733,0.34,10.06,2,27,71,71,78,66,53
care,2026-10-21,0.817,0.24,10.10,2,27,63,66,72,60,47
care,2026-10-22,0.891,0.13,10.13,2,27,55,60,66,54,41
care,2026-10-23,0.949,0.02,10.17,2,27,47,54,60,48,35
care,2026-10-24,0.986,0.00,10.20,2,27,44,51,58,46,33
care,2026-10-25,1.000,0.00,10.24,2,27,43,51,58,45,33
care,2026-10-26,0.986,0.00,10.27,2,27,44,51,58,46,33
care,2026-10-27,0.945,0.00,10.31,2,27,46,53,60,47,35
care,2026-10-28,0.879,0.02,10.34,2,27,51,56,63,51,38
care,2026-10-29,0.791,0.13,10.37,2,27,60,63,70,57,45
care,2026-10-30,0.689,0.24,10.41,2,27,69,70,77,64,52
care,2026-10-31,0.578,0.36,10.44,2,27,77,76,83,70,58
care,2026-11-01,0.460,0.48,10.47,2,30,84,80,88,75,63
care,2026-11-02,0.352,0.59,10.50,2,30,89,84,92,79,67
care,2026-11-03,0.252,0.70,10.53,2,30,93,87,94,82,69
care,2026-11-04,0.166,0.80,10.56,2,30,95,89,96,84,71
care,2026-11-05,0.096,0.90,10.59,2,30,96,90,97,85,72
care,2026-11-06,0.044,1.00,10.62,2,30,97,90,97,85,72
care,2026-11-07,0.012,1.00,10.65,2,30,97,90,98,85,73
care,2026-11-08,0.000,1.00,10.68,2,30,97,90,98,85,73
care,2026-11-09,0.008,1.00,10.71,2,30,97,90,98,85,73
care,2026-11-10,0.035,1.00,10.74,2,30,97,90,98,85,73
care,2026-11-11,0.078,1.00,10.76,2,30,97,90,98,85,73
care,2026-11-12,0.137,0.93,10.79,2,30,96,90,97,85,72
care,2026-11-13,0.208,0.84,10.82,2,30,95,89,96,84,71
care,2026-11-14,0.289,0.75,10.84,2,30,93,87,95,82,70
care,2026-11-15,0.378,0.65,10.87,2,30,90,85,92,80,67
care,2026-11-16,0.472,0.56,10.89,2,30,86,82,89,77,64
care,2026-11-17,0.570,0.46,10.92,2,30,80,78,85,73,60
care,2026-11-18,0.668,0.37,10.94,2,30,74,73,81,68,56
care,2026-11-19,0.762,0.27,10.96,2,30,67,68,75,63,50
care,2026-11-20,0.848,0.17,10.99,2,30,59,62,69,57,44
care,2026-11-21,0.919,0.06,11.01,2,30,51,56,63,51,38
care,2026-11-22,0.971,0.00,11.03,2,30,45,51,59,46,34
care,2026-11-23,0.997,0.00,11.05,2,30,43,50,58,45,33
care,2026-11-24,0.995,0.00,11.07,2,30,44,50,58,45,33
care,2026-11-25,0.963,0.00,11.09,2,30,45,51,59,46,34
care,2026-11-26,0.903,0.05,11.11,2,30,51,56,63,51,38
care,2026-11-27,0.821,0.16,11.13,2,30,60,63,70,58,45
care,2026-11-28,0.722,0.28,11.14,2,30,69,69,77,64,52
care,2026-11-29,0.615,0.39,11.16,2,30,77,75,82,70,57
care,2026-11-30,0.505,0.49,11.18,2,30,83,80,87,75,62
care,2026-12-01,0.398,0.59,11.19,2,44,88,80,91,78,66
care,2026-12-02,0.298,0.68,11.20,2,44,92,83,94,81,69
care,2026-12-03,0.209,0.77,11.22,2,44,94,85,96,83,71
care,2026-12-04,0.134,0.87,11.23,2,44,96,86,97,84,72
care,2026-12-05,0.074,0.96,11.24,2,44,97,86,97,85,72
cave,2026-10-07,0.070,0.93,9.66,2,28,96,90,97,84,72
cave,2026-10-08,0.025,1.00,9.69,2,28,96,90,97,85,72
cave,2026-10-09,0.003,1.00,9.72,2,28,96,90,97,85,72
cave,2026-10-10,0.003,1.00,9.75,2,28,96,90,97,85,72
cave,2026-10-11,0.024,1.00,9.78,2,28,96,90,97,85,72
cave,2026-10-12,0.064,1.00,9.81,2,28,96,90,97,85,72
cave,2026-10-13,0.121,0.97,9.84,2,28,96,90,97,85,72
cave,2026-10-14,0.191,0.89,9.87,2,28,95,89,96,84,71
cave,2026-10-15,0.271,0.81,9.90,2,28,94,88,95,83,70
cave,2026-10-16,0.359,0.72,9.93,2,28,91,86,93,81,68
cave,2026-10-17,0.452,0.62,9.96,2,28,87,84,91,78,66
cave,2026-10-18,0.547,0.52,9.99,2,28,83,80,87,75,62
cave,2026-10-19,0.642,0.42,10.02,2,28,77,76,83,70,58
cave,2026-10-20,0.733,0.33,10.05,2,28,70,71,78,65,53
cave,2026-10-21,0.817,0.23,10.08,2,28,63,65,72,60,47
cave,2026-10-22,0.891,0.13,10.11,2,28,55,60,67,54,42
cave,2026-10-23,0.949,0.03,10.13,2,28,47,54,61,48,36
cave,2026-10-24,0.986,0.00,10.16,2,28,44,51,58,46,33
cave,2026-10-25,1.000,0.00,10.19,2,28,43,51,58,45,33
cave,2026-10-26,0.986,0.00,10.21,2,28,44,51,58,46,33
cave,2026-10-27,0.945,0.00,10.24,2,28,46,53,60,47,35
cave,2026-10-28,0.879,0.05,10.27,2,28,52,57,64,52,39
cave,2026-10-29,0.791,0.16,10.29,2,28,61,64,71,58,46
cave,2026-10-30,0.689,0.27,10.32,2,28,70,70,77,65,52
cave,2026-10-31,0.578,0.39,10.34,2,28,78,76,83,71,58
cave,2026-11-01,0.460,0.50,10.37,2,34,84,80,88,76,63
cave,2026-11-02,0.352,0.60,10.39,2,34,89,83,92,79,67
cave,2026-11-03,0.252,0.70,10.42,2,34,93,86,95,82,70
cave,2026-11-04,0.166,0.80,10.44,2,34,95,88,96,84,71
cave,2026-11-05,0.096,0.89,10.47,2,34,96,89,97,85,72
cave,2026-11-06,0.044,0.99,10.49,2,34,97,89,97,85,72
cave,2026-11-07,0.012,1.00,10.51,2,34,97,89,98,85,73
cave,2026-11-08,0.000,1.00,10.53,2,34,97,89,98,85,73
cave,2026-11-09,0.008,1.00,10.56,2,34,97,89,98,85,73
cave,2026-11-10,0.035,1.00,10.58,2,34,97,89,98,85,73
cave,2026-11-11,0.078,0.99,10.60,2,34,97,89,97,85,72
cave,2026-11-12,0.137,0.90,10.62,2,34,96,88,97,84,72
cave,2026-11-13,0.208,0.81,10.64,2,34,95,87,96,83,71
cave,2026-11-14,0.289,0.72,10.66,2,34,92,86,94,82,69
cave,2026-11-15,0.378,0.63,10.68,2,34,89,83,92,79,67
cave,2026-11-16,0.472,0.54,10.70,2,34,85,80,89,76,64
cave,2026-11-17,0.570,0.46,10.72,2,34,80,77,85,73,60
cave,2026-11-18,0.668,0.37,10.74,2,34,74,72,81,68,56
cave,2026-11-19,0.762,0.27,10.75,2,34,67,67,75,63,50
cave,2026-11-20,0.848,0.18,10.77,2,34,59,61,70,57,45
cave,2026-11-21,0.919,0.07,10.79,2,34,51,55,63,51,38
cave,2026-11-22,0.971,0.00,10.80,2,34,45,50,59,46,34
cave,2026-11-23,0.997,0.00,10.82,2,34,43,49,58,45,33
cave,2026-11-24,0.995,0.00,10.84,2,34,44,49,58,45,33
cave,2026-11-25,0.963,0.00,10.85,2,34,45,50,59,46,34
cave,2026-11-26,0.903,0.07,10.86,2,34,52,55,64,51,39
cave,2026-11-27,0.821,0.18,10.88,2,34,61,62,71,58,46
cave,2026-11-28,0.722,0.29,10.89,2,34,69,68,77,64,52
cave,2026-11-29,0.615,0.39,10.90,2,34,77,74,83,70,58
cave,2026-11-30,0.505,0.49,10.92,2,34,83,79,87,75,62
cave,2026-12-01,0.398,0.59,10.93,2,36,88,82,91,78,66
cave,2026-12-02,0.298,0.68,10.94,2,36,92,85,94,81,69
cave,2026-12-03,0.209,0.77,10.95,2,36,94,87,96,83,71
cave,2026-12-04,0.134,0.86,10.96,2,36,96,88,97,84,72
cave,2026-12-05,0.074,0.95,10.97,2,36,96,88,97,85,72
chis,2026-10-07,0.068,0.94,9.63,2,28,96,90,97,84,72
chis,2026-10-08,0.024,1.00,9.67,2,28,96,90,97,85,72
chis,2026-10-09,0.002,1.00,9.70,2,28,96,90,97,85,72
chis,2026-10-10,0.003,1.00,9.73,2,28,96,90,97,85,72
chis,2026-10-11,0.025,1.00,9.77,2,28,96,90,97,85,72
chis,2026-10-12,0.066,1.00,9.80,2,28,96,90,97,85,72
chis,2026-10-13,0.124,0.98,9.83,2,28,96,90,97,85,72
chis,2026-10-14,0.194,0.90,9.87,2,28,95,90,97,84,72
chis,2026-10-15,0.275,0.82,9.90,2,28,94,88,95,83,70
chis,2026-10-16,0.363,0.72,9.93,2,28,91,86,93,81,68
chis,2026-10-17,0.456,0.63,9.96,2,28,87,84,91,78,66
chis,2026-10-18,0.551,0.53,9.99,2,28,83,80,87,75,62
chis,2026-10-19,0.645,0.43,10.03,2,28,77,76,83,70,58
chis,2026-10-20,0.736,0.33,10.06,2,28,70,71,78,65,53
chis,2026-10-21,0.820,0.23,10.09,2,28,63,65,72,60,47
chis,2026-10-22,0.893,0.13,10.12,2,28,55,59,66,54,41
chis,2026-10-23,0.951,0.02,10.15,2,28,47,53,60,48,35
chis,2026-10-24,0.988,0.00,10.18,2,28,44,51,58,45,33
chis,2026-10-25,1.000,0.00,10.21,2,28,43,51,58,45,33
chis,2026-10-26,0.985,0.00,10.24,2,28,44,51,58,46,33
chis,2026-10-27,0.943,0.00,10.26,2,28,46,53,60,47,35
chis,2026-10-28,0.876,0.05,10.29,2,28,52,57,64,52,39
chis,2026-10-29,0.787,0.15,10.32,2,28,61,64,71,58,46
chis,2026-10-30,0.684,0.27,10.35,2,28,70,70,77,65,52
chis,2026-10-31,0.573,0.38,10.38,2,28,78,76,83,71,58
chis,2026-11-01,0.456,0.50,10.40,2,33,84,80,88,76,63
chis,2026-11-02,0.347,0.60,10.43,2,33,89,84,92,79,67
chis,2026-11-03,0.248,0.71,10.46,2,33,93,86,95,82,70
chis,2026-11-04,0.163,0.80,10.48,2,33,95,88,96,84,71
chis,2026-11-05,0.093,0.90,10.51,2,33,96,89,97,85,72
chis,2026-11-06,0.042,1.00,10.53,2,33,97,89,97,85,72
chis,2026-11-07,0.011,1.00,10.56,2,33,97,89,98,85,73
chis,2026-11-08,0.000,1.00,10.58,2,33,97,89,98,85,73
chis,2026-11-09,0.009,1.00,10.60,2,33,97,89,98,85,73
chis,2026-11-10,0.036,1.00,10.63,2,33,97,89,98,85,73
chis,2026-11-11,0.080,0.99,10.65,2,33,97,89,97,85,72
chis,2026-11-12,0.139,0.91,10.67,2,33,96,89,97,84,72
chis,2026-11-13,0.211,0.82,10.70,2,33,95,88,96,83,71
chis,2026-11-14,0.292,0.73,10.72,2,33,92,86,94,82,69
chis,2026-11-15,0.381,0.64,10.74,2,33,89,84,92,79,67
chis,2026-11-16,0.476,0.54,10.76,2,33,85,81,89,76,64
chis,2026-11-17,0.574,0.45,10.78,2,33,80,77,85,72,60
chis,2026-11-18,0.672,0.36,10.80,2,33,74,72,80,68,55
chis,2026-11-19,0.766,0.27,10.82,2,33,67,67,75,63,50
chis,2026-11-20,0.851,0.17,10.84,2,33,59,61,69,57,44
chis,2026-11-21,0.922,0.07,10.86,2,33,51,55,63,51,38
chis,2026-11-22,0.973,0.00,10.87,2,33,45,50,59,46,34
chis,2026-11-23,0.998,0.00,10.89,2,33,43,49,58,45,33
chis,2026-11-24,0.994,0.00,10.91,2,33,44,49,58,45,33
chis,2026-11-25,0.961,0.00,10.92,2,33,45,51,59,47,34
chis,2026-11-26,0.900,0.07,10.94,2,33,52,56,64,51,39
chis,2026-11-27,0.817,0.18,10.95,2,33,61,62,71,58,46
chis,2026-11-28,0.718,0.29,10.97,2,33,69,69,77,65,52
chis,2026-11-29,0.610,0.40,10.98,2,33,77,75,83,70,58
chis,2026-11-30,0.501,0.50,10.99,2,33,83,79,87,75,62
chis,2026-12-01,0.394,0.59,11.01,2,45,88,80,91,79,66
chis,2026-12-02,0.294,0.68,11.02,2,45,92,83,94,81,69
chis,2026-12-03,0.206,0.77,11.03,2,45,94,84,96,83,71
chis,2026-12-04,0.131,0.86,11.04,2,45,96,86,97,84,72
chis,2026-12-05,0.071,0.95,11.05,2,45,96,86,97,85,72
cong,2026-10-07,0.075,0.92,9.63,4,40,89,82,92,79,67
cong,2026-10-08,0.028,1.00,9.67,4,40,89,82,92,79,67
cong,2026-10-09,0.004,1.00,9.70,4,40,89,82,92,80,67
cong,2026-10-10,0.002,1.00,9.73,4,40,89,82,92,80,67
cong,2026-10-11,0.022,1.00,9.77,4,40,90,82,92,80,67
cong,2026-10-12,0.060,1.00,9.80,4,40,90,82,92,80,67
cong,2026-10-13,0.116,0.98,9.83,4,40,90,82,92,80,67
cong,2026-10-14,0.185,0.91,9.86,4,40,89,82,92,79,67
cong,2026-10-15,0.264,0.82,9.90,4,40,87,80,90,78,65
cong,2026-10-16,0.352,0.73,9.93,4,40,85,79,89,76,64
cong,2026-10-17,0.444,0.64,9.96,4,40,81,76,86,73,61
cong,2026-10-18,0.539,0.54,9.99,4,40,77,72,82,70,57
cong,2026-10-19,0.634,0.44,10.02,4,40,71,68,78,66,53
cong,2026-10-20,0.725,0.34,10.05,4,40,64,63,73,61,48
cong,2026-10-21,0.810,0.24,10.08,4,40,57,58,68,55,43
cong,2026-10-22,0.885,0.14,10.11,4,40,49,52,62,49,37
cong,2026-10-23,0.944,0.03,10.14,4,40,41,46,56,43,31
cong,2026-10-24,0.984,0.00,10.17,4,40,38,43,53,41,28
cong,2026-10-25,1.000,0.00,10.20,4,40,37,43,53,40,28
cong,2026-10-26,0.989,0.00,10.23,4,40,37,43,53,40,28
cong,2026-10-27,0.950,0.00,10.26,4,40,39,45,55,42,30
cong,2026-10-28,0.885,0.04,10.29,4,40,45,49,59,46,34
cong,2026-10-29,0.799,0.14,10.32,4,40,53,55,65,53,40
cong,2026-10-30,0.697,0.26,10.34,4,40,62,62,72,59,47
cong,2026-10-31,0.587,0.37,10.37,4,40,70,68,78,65,53
cong,2026-11-01,0.469,0.48,10.40,4,49,77,71,83,70,58
cong,2026-11-02,0.360,0.59,10.42,4,49,82,74,87,74,62
cong,2026-11-03,0.260,0.69,10.45,4,49,86,77,89,77,64
cong,2026-11-04,0.172,0.79,10.47,4,49,88,79,91,79,66
cong,2026-11-05,0.101,0.89,10.50,4,49,89,80,92,80,67
cong,2026-11-06,0.047,0.98,10.52,4,49,90,80,92,80,67
cong,2026-11-07,0.014,1.00,10.55,4,49,90,80,93,80,68
cong,2026-11-08,0.000,1.00,10.57,4,49,90,80,93,80,68
cong,2026-11-09,0.007,1.00,10.60,4,49,90,80,93,80,68
cong,2026-11-10,0.032,1.00,10.62,4,49,90,80,93,80,68
cong,2026-11-11,0.074,1.00,10.64,4,49,90,80,92,80,67
cong,2026-11-12,0.131,0.91,10.67,4,49,89,80,92,80,67
cong,2026-11-13,0.201,0.83,10.69,4,49,88,79,91,79,66
cong,2026-11-14,0.282,0.74,10.71,4,49,86,77,90,77,65
cong,2026-11-15,0.370,0.65,10.73,4,49,83,75,87,75,62
cong,2026-11-16,0.464,0.55,10.75,4,49,79,72,84,72,59
cong,2026-11-17,0.562,0.46,10.77,4,49,74,68,80,68,55
cong,2026-11-18,0.660,0.37,10.79,4,49,68,64,76,63,51
cong,2026-11-19,0.754,0.28,10.81,4,49,61,59,71,58,46
cong,2026-11-20,0.841,0.18,10.83,4,49,53,53,65,52,40
cong,2026-11-21,0.914,0.08,10.85,4,49,45,47,59,46,34
cong,2026-11-22,0.968,0.00,10.86,4,49,38,42,54,41,29
cong,2026-11-23,0.996,0.00,10.88,4,49,37,40,53,40,28
cong,2026-11-24,0.996,0.00,10.90,4,49,37,40,53,40,28
cong,2026-11-25,0.966,0.00,10.91,4,49,38,42,54,41,29
cong,2026-11-26,0.909,0.05,10.93,4,49,44,46,58,46,33
cong,2026-11-27,0.828,0.17,10.94,4,49,53,53,65,52,40
cong,2026-11-28,0.731,0.28,10.96,4,49,62,59,71,59,46
cong,2026-11-29,0.624,0.39,10.97,4,49,70,65,77,65,52
cong,2026-11-30,0.514,0.49,10.99,4,49,76,70,82,69,57
cong,2026-12-01,0.407,0.58,11.00,4,58,81,71,86,73,61
cong,2026-12-02,0.306,0.67,11.01,4,58,85,74,88,76,63
cong,2026-12-03,0.216,0.76,11.02,4,58,87,76,90,78,65
cong,2026-12-04,0.139,0.85,11.03,4,58,89,77,92,79,67
cong,2026-12-05,0.078,0.94,11.04,4,58,90,78,92,80,67
crla,2026-10-07,0.068,0.94,9.45,2,53,95,83,97,84,72
crla,2026-10-08,0.024,1.00,9.50,2,53,96,83,97,84,72
crla,2026-10-09,0.002,1.00,9.54,2,53,96,84,97,84,72
crla,2026-10-10,0.003,1.00,9.59,2,53,96,84,97,84,72
crla,2026-10-11,0.025,1.00,9.64,2,53,96,84,97,84,72
crla,2026-10-12,0.066,1.00,9.68,2,53,96,84,97,85,72
crla,2026-10-13,0.124,1.00,9.73,2,53,96,84,97,85,72
crla,2026-10-14,0.194,0.96,9.78,2,53,96,84,97,84,72
crla,2026-10-15,0.275,0.88,9.82,2,53,95,83,96,83,71
crla,2026-10-16,0.363,0.78,9.87,2,53,92,81,94,82,69
crla,2026-10-17,0.456,0.68,9.91,2,53,89,78,91,79,66
crla,2026-10-18,0.551,0.57,9.96,2,53,84,75,88,75,63
crla,2026-10-19,0.645,0.46,10.00,2,53,78,70,84,71,59
crla,2026-10-20,0.736,0.35,10.04,2,53,71,65,78,66,53
crla,2026-10-21,0.820,0.24,10.09,2,53,63,59,72,60,47
crla,2026-10-22,0.893,0.13,10.13,2,53,55,53,66,54,41
crla,2026-10-23,0.951,0.01,10.17,2,53,46,47,60,47,35
crla,2026-10-24,0.988,0.00,10.21,2,53,44,45,58,45,33
crla,2026-10-25,1.000,0.00,10.26,2,53,43,44,58,45,33
crla,2026-10-26,0.985,0.00,10.30,2,53,44,45,58,46,33
crla,2026-10-27,0.943,0.00,10.34,2,53,46,47,60,47,35
crla,2026-10-28,0.876,0.00,10.38,2,53,50,49,62,50,37
crla,2026-10-29,0.787,0.10,10.42,2,53,59,56,69,57,44
crla,2026-10-30,0.684,0.22,10.46,2,53,68,63,76,64,51
crla,2026-10-31,0.573,0.34,10.49,2,53,77,69,82,70,57
crla,2026-11-01,0.456,0.47,10.53,2,69,84,71,88,75,63
crla,2026-11-02,0.347,0.58,10.57,2,69,89,74,92,79,67
crla,2026-11-03,0.248,0.69,10.61,2,69,93,77,94,82,69
crla,2026-11-04,0.163,0.80,10.64,2,69,95,79,96,84,71
crla,2026-11-05,0.093,0.91,10.68,2,69,96,80,97,85,72
crla,2026-11-06,0.042,1.00,10.71,2,69,97,80,98,85,73
crla,2026-11-07,0.011,1.00,10.75,2,69,97,80,98,85,73
crla,2026-11-08,0.000,1.00,10.78,2,69,97,80,98,85,73
crla,2026-11-09,0.009,1.00,10.82,2,69,97,80,98,85,73
crla,2026-11-10,0.036,1.00,10.85,2,69,97,80,98,85,73
crla,2026-11-11,0.080,1.00,10.88,2,69,97,80,98,85,73
crla,2026-11-12,0.139,0.95,10.92,2,69,96,80,97,85,72
crla,2026-11-13,0.211,0.86,10.95,2,69,95,79,96,84,71
crla,2026-11-14,0.292,0.76,10.98,2,69,93,77,95,82,70
crla,2026-11-15,0.381,0.67,11.01,2,69,90,75,92,80,67
crla,2026-11-16,0.476,0.57,11.04,2,69,86,72,89,77,64
crla,2026-11-17,0.574,0.47,11.07,2,69,80,68,85,73,60
crla,2026-11-18,0.672,0.37,11.09,2,69,74,63,81,68,56
crla,2026-11-19,0.766,0.27,11.12,2,69,67,58,75,63,50
crla,2026-11-20,0.851,0.16,11.15,2,69,59,52,69,56,44
crla,2026-11-21,0.922,0.05,11.17,2,69,50,45,62,50,37
crla,2026-11-22,0.973,0.00,11.20,2,69,45,41,59,46,34
crla,2026-11-23,0.998,0.00,11.22,2,69,43,40,58,45,33
crla,2026-11-24,0.994,0.00,11.25,2,69,44,40,58,45,33
crla,2026-11-25,0.961,0.00,11.27,2,69,45,42,59,47,34
crla,2026-11-26,0.900,0.03,11.29,2,69,50,45,63,50,38
crla,2026-11-27,0.817,0.15,11.31,2,69,60,52,70,57,45
crla,2026-11-28,0.718,0.27,11.34,2,69,69,59,76,64,51
crla,2026-11-29,0.610,0.38,11.36,2,69,76,65,82,70,57
crla,2026-11-30,0.501,0.49,11.37,2,69,83,70,87,75,62
crla,2026-12-01,0.394,0.59,11.39,2,77,88,72,91,79,66
crla,2026-12-02,0.294,0.69,11.41,2,77,92,75,94,81,69
crla,2026-12-03,0.206,0.78,11.43,2,77,94,76,96,83,71
crla,2026-12-04,0.131,0.88,11.44,2,77,96,78,97,84,72
crla,2026-12-05,0.071,0.98,11.46,2,77,97,78,97,85,72
cuva,2026-10-07,0.075,0.93,9.49,6,60,82,72,87,74,62
cuva,2026-10-08,0.028,1.00,9.53,6,60,82,72,87,74,62
cuva,2026-10-09,0.004,1.00,9.58,6,60,82,72,87,74,62
cuva,2026-10-10,0.002,1.00,9.62,6,60,83,72,87,74,62
cuva,2026-10-11,0.022,1.00,9.67,6,60,83,72,87,74,62
cuva,2026-10-12,0.060,1.00,9.71,6,60,83,72,87,75,62
cuva,2026-10-13,0.116,1.00,9.75,6,60,83,72,87,75,62
cuva,2026-10-14,0.185,0.96,9.80,6,60,83,72,87,74,62
cuva,2026-10-15,0.264,0.87,9.84,6,60,81,71,86,73,61
cuva,2026-10-16,0.352,0.78,9.88,6,60,79,69,84,72,59
cuva,2026-10-17,0.444,0.68,9.92,6,60,76,67,82,69,57
cuva,2026-10-18,0.539,0.57,9.97,6,60,71,63,78,66,53
cuva,2026-10-19,0.634,0.46,10.01,6,60,65,59,74,61,49
cuva,2026-10-20,0.725,0.36,10.05,6,60,58,54,69,56,44
cuva,2026-10-21,0.810,0.25,10.09,6,60,51,48,63,51,38
cuva,2026-10-22,0.885,0.14,10.13,6,60,43,42,57,44,32
cuva,2026-10-23,0.944,0.03,10.17,6,60,34,36,51,38,26
cuva,2026-10-24,0.984,0.00,10.21,6,60,31,33,48,36,23
cuva,2026-10-25,1.000,0.00,10.25,6,60,30,33,48,35,23
cuva,2026-10-26,0.989,0.00,10.29,6,60,31,33,48,35,23
cuva,2026-10-27,0.950,0.00,10.32,6,60,33,35,50,37,25
cuva,2026-10-28,0.885,0.00,10.36,6,60,36,37,52,40,27
cuva,2026-10-29,0.799,0.10,10.40,6,60,45,44,59,46,34
cuva,2026-10-30,0.697,0.22,10.44,6,60,54,51,66,53,41
cuva,2026-10-31,0.587,0.34,10.47,6,60,63,57,72,59,47
cuva,2026-11-01,0.469,0.46,10.51,6,64,70,61,77,65,52
cuva,2026-11-02,0.360,0.57,10.54,6,64,75,65,81,69,56
cuva,2026-11-03,0.260,0.68,10.58,6,64,79,68,84,72,59
cuva,2026-11-04,0.172,0.79,10.61,6,64,81,70,86,74,61
cuva,2026-11-05,0.101,0.89,10.65,6,64,83,71,87,75,62
cuva,2026-11-06,0.047,1.00,10.68,6,64,83,71,87,75,62
cuva,2026-11-07,0.014,1.00,10.71,6,64,83,72,88,75,63
cuva,2026-11-08,0.000,1.00,10.74,6,64,83,72,88,75,63
cuva,2026-11-09,0.007,1.00,10.78,6,64,83,72,88,75,63
cuva,2026-11-10,0.032,1.00,10.81,6,64,83,72,88,75,63
cuva,2026-11-11,0.074,1.00,10.84,6,64,83,72,88,75,63
cuva,2026-11-12,0.131,0.95,10.87,6,64,83,71,87,75,62
cuva,2026-11-13,0.201,0.86,10.90,6,64,82,70,86,74,61
cuva,2026-11-14,0.282,0.77,10.93,6,64,80,69,85,72,60
cuva,2026-11-15,0.370,0.67,10.96,6,64,77,67,83,70,58
cuva,2026-11-16,0.464,0.57,10.98,6,64,73,64,80,67,55
cuva,2026-11-17,0.562,0.48,11.01,6,64,68,60,76,63,51
cuva,2026-11-18,0.660,0.38,11.04,6,64,62,55,71,59,46
cuva,2026-11-19,0.754,0.28,11.06,6,64,54,50,66,53,41
cuva,2026-11-20,0.841,0.18,11.09,6,64,46,44,60,47,35
cuva,2026-11-21,0.914,0.07,11.11,6,64,38,37,53,41,28
cuva,2026-11-22,0.968,0.00,11.14,6,64,32,33,49,36,24
cuva,2026-11-23,0.996,0.00,11.16,6,64,30,32,48,35,23
cuva,2026-11-24,0.996,0.00,11.18,6,64,30,32,48,35,23
cuva,2026-11-25,0.966,0.00,11.20,6,64,32,33,49,36,24
cuva,2026-11-26,0.909,0.03,11.22,6,64,36,36,52,40,27
cuva,2026-11-27,0.828,0.14,11.24,6,64,45,43,59,47,34
cuva,2026-11-28,0.731,0.26,11.26,6,64,54,50,66,53,41
cuva,2026-11-29,0.624,0.37,11.28,6,64,62,56,72,59,47
cuva,2026-11-30,0.514,0.48,11.30,6,64,69,61,77,64,52
cuva,2026-12-01,0.407,0.58,11.32,6,77,74,61,81,68,56
cuva,2026-12-02,0.306,0.67,11.33,6,77,78,64,84,71,59
cuva,2026-12-03,0.216,0.77,11.35,6,77,81,66,86,73,61
cuva,2026-12-04,0.139,0.86,11.36,6,77,82,67,87,74,62
cuva,2026-12-05,0.078,0.96,11.38,6,77,83,68,87,75,62
deva,2026-10-07,0.068,0.94,9.59,2,19,96,92,97,84,72
deva,2026-10-08,0.024,1.00,9.63,2,19,96,92,97,84,72
deva,2026-10-09,0.002,1.00,9.67,2,19,96,92,97,85,72
deva,2026-10-10,0.003,1.00,9.71,2,19,96,92,97,85,72
deva,2026-10-11,0.025,1.00,9.74,2,19,96,92,97,85,72
deva,2026-10-12,0.066,1.00,9.78,2,19,96,92,97,85,72
deva,2026-10-13,0.124,0.99,9.82,2,19,96,92,97,85,72
deva,2026-10-14,0.194,0.92,9.85,2,19,95,92,97,84,72
deva,2026-10-15,0.275,0.83,9.89,2,19,94,91,95,83,70
deva,2026-10-16,0.363,0.74,9.92,2,19,91,89,94,81,69
deva,2026-10-17,0.456,0.64,9.96,2,19,88,86,91,78,66
deva,2026-10-18,0.551,0.54,9.99,2,19,83,83,87,75,62
deva,2026-10-19,0.645,0.44,10.03,2,19,77,78,83,70,58
deva,2026-10-20,0.736,0.33,10.06,2,19,70,73,78,65,53
deva,2026-10-21,0.820,0.23,10.09,2,19,63,68,72,60,47
deva,2026-10-22,0.893,0.13,10.13,2,19,55,62,66,54,41
deva,2026-10-23,0.951,0.02,10.16,2,19,47,55,60,48,35
deva,2026-10-24,0.988,0.00,10.19,2,19,44,53,58,45,33
deva,2026-10-25,1.000,0.00,10.23,2,19,43,53,58,45,33
deva,2026-10-26,0.985,0.00,10.26,2,19,44,53,58,46,33
deva,2026-10-27,0.943,0.00,10.29,2,19,46,55,60,47,35
deva,2026-10-28,0.876,0.04,10.32,2,19,52,59,64,51,39
deva,2026-10-29,0.787,0.14,10.35,2,19,61,66,70,58,45
deva,2026-10-30,0.684,0.26,10.38,2,19,69,72,77,65,52
deva,2026-10-31,0.573,0.37,10.41,2,19,78,78,83,71,58
deva,2026-11-01,0.456,0.49,10.44,2,26,84,82,88,76,63
deva,2026-11-02,0.347,0.60,10.47,2,26,89,85,92,79,67
deva,2026-11-03,0.248,0.70,10.50,2,26,93,88,95,82,70
deva,2026-11-04,0.163,0.80,10.53,2,26,95,90,96,84,71
deva,2026-11-05,0.093,0.90,10.56,2,26,96,91,97,85,72
deva,2026-11-06,0.042,1.00,10.59,2,26,97,91,97,85,72
deva,2026-11-07,0.011,1.00,10.61,2,26,97,91,98,85,73
deva,2026-11-08,0.000,1.00,10.64,2,26,97,91,98,85,73
deva,2026-11-09,0.009,1.00,10.67,2,26,97,91,98,85,73
deva,2026-11-10,0.036,1.00,10.69,2,26,97,91,98,85,73
deva,2026-11-11,0.080,1.00,10.72,2,26,97,91,98,85,73
deva,2026-11-12,0.139,0.92,10.74,2,26,96,91,97,85,72
deva,2026-11-13,0.211,0.83,10.77,2,26,95,90,96,84,71
deva,2026-11-14,0.292,0.74,10.79,2,26,93,88,94,82,69
deva,2026-11-15,0.381,0.64,10.81,2,26,89,86,92,80,67
deva,2026-11-16,0.476,0.55,10.84,2,26,85,82,89,76,64
deva,2026-11-17,0.574,0.46,10.86,2,26,80,79,85,73,60
deva,2026-11-18,0.672,0.37,10.88,2,26,74,74,80,68,55
deva,2026-11-19,0.766,0.27,10.90,2,26,67,69,75,63,50
deva,2026-11-20,0.851,0.17,10.92,2,26,59,63,69,57,44
deva,2026-11-21,0.922,0.06,10.94,2,26,51,56,63,50,38
deva,2026-11-22,0.973,0.00,10.96,2,26,45,52,59,46,34
deva,2026-11-23,0.998,0.00,10.98,2,26,43,51,58,45,33
deva,2026-11-24,0.994,0.00,11.00,2,26,44,51,58,45,33
deva,2026-11-25,0.961,0.00,11.02,2,26,45,53,59,47,34
deva,2026-11-26,0.900,0.06,11.04,2,26,51,57,64,51,39
deva,2026-11-27,0.817,0.17,11.05,2,26,61,64,70,58,45
deva,2026-11-28,0.718,0.28,11.07,2,26,69,70,77,64,52
deva,2026-11-29,0.610,0.39,11.08,2,26,77,76,83,70,58
deva,2026-11-30,0.501,0.49,11.10,2,26,83,81,87,75,62
deva,2026-12-01,0.394,0.59,11.11,2,42,88,81,91,79,66
deva,2026-12-02,0.294,0.68,11.13,2,42,92,83,94,81,69
deva,2026-12-03,0.206,0.77,11.14,2,42,94,85,96,83,71
deva,2026-12-04,0.131,0.87,11.15,2,42,96,86,97,84,72
deva,2026-12-05,0.071,0.96,11.16,2,42,97,87,97,85,72
dena,2026-10-07,0.065,1.00,8.14,2,78,93,75,95,82,70
dena,2026-10-08,0.022,1.00,8.25,2,78,93,75,95,82,70
dena,2026-10-09,0.002,1.00,8.36,2,78,93,76,95,83,70
dena,2026-10-10,0.004,1.00,8.47,2,78,94,76,95,83,70
dena,2026-10-11,0.027,1.00,8.58,2,78,94,76,95,83,70
dena,2026-10-12,0.068,1.00,8.69,2,78,94,76,96,83,71
dena,2026-10-13,0.126,1.00,8.79,2,78,94,76,96,83,71
dena,2026-10-14,0.197,1.00,8.90,2,78,94,76,96,83,71
dena,2026-10-15,0.278,1.00,9.00,2,78,95,76,96,83,71
dena,2026-10-16,0.367,1.00,9.10,2,78,95,77,96,84,71
dena,2026-10-17,0.460,1.00,9.20,2,78,95,77,96,84,71
dena,2026-10-18,0.555,0.80,9.30,2,78,89,72,92,79,67
dena,2026-10-19,0.649,0.61,9.40,2,78,82,67,86,74,61
dena,2026-10-20,0.740,0.43,9.50,2,78,73,60,80,67,55
dena,2026-10-21,0.824,0.26,9.59,2,78,63,53,73,60,48
dena,2026-10-22,0.896,0.09,9.69,2,78,53,45,65,52,40
dena,2026-10-23,0.953,0.00,9.78,2,78,45,40,59,47,34
dena,2026-10-24,0.989,0.00,9.87,2,78,44,38,58,45,33
dena,2026-10-25,1.000,0.00,9.96,2,78,43,38,57,45,32
dena,2026-10-26,0.984,0.00,10.05,2,78,44,39,58,46,33
dena,2026-10-27,0.941,0.00,10.14,2,78,46,40,60,47,35
dena,2026-10-28,0.872,0.00,10.23,2,78,50,43,63,50,38
dena,2026-10-29,0.783,0.00,10.32,2,78,55,47,66,54,41
dena,2026-10-30,0.680,0.00,10.40,2,78,60,51,70,58,45
dena,2026-10-31,0.568,0.14,10.49,2,78,71,59,78,66,53
dena,2026-11-01,0.451,0.34,10.57,2,69,81,68,86,73,61
dena,2026-11-02,0.343,0.51,10.66,2,69,88,74,91,78,66
dena,2026-11-03,0.244,0.67,10.74,2,69,92,77,94,82,69
dena,2026-11-04,0.159,0.82,10.82,2,69,95,79,96,84,71
dena,2026-11-05,0.091,0.97,10.90,2,69,97,80,97,85,72
dena,2026-11-06,0.040,1.00,10.97,2,69,97,80,98,85,73
dena,2026-11-07,0.010,1.00,11.05,2,69,97,80,98,85,73
dena,2026-11-08,0.000,1.00,11.13,2,69,97,80,98,85,73
dena,2026-11-09,0.010,1.00,11.20,2,69,97,80,98,85,73
dena,2026-11-10,0.038,1.00,11.27,2,69,97,80,98,85,73
dena,2026-11-11,0.083,1.00,11.34,2,69,97,80,98,85,73
dena,2026-11-12,0.142,1.00,11.41,2,69,97,80,98,85,73
dena,2026-11-13,0.214,1.00,11.48,2,69,97,80,98,85,73
dena,2026-11-14,0.296,0.95,11.55,2,69,96,80,97,84,72
dena,2026-11-15,0.385,0.80,11.62,2,69,92,77,94,82,69
dena,2026-11-16,0.480,0.65,11.68,2,69,88,74,91,78,66
dena,2026-11-17,0.578,0.52,11.75,2,69,82,69,86,74,61
dena,2026-11-18,0.676,0.38,11.81,2,69,74,64,81,68,56
dena,2026-11-19,0.770,0.25,11.87,2,69,66,57,74,62,49
dena,2026-11-20,0.854,0.11,11.93,2,69,56,50,67,54,42
dena,2026-11-21,0.925,0.00,11.98,2,69,47,43,61,48,36
dena,2026-11-22,0.974,0.00,12.04,2,69,45,41,59,46,34
dena,2026-11-23,0.998,0.00,12.09,2,69,43,40,58,45,33
dena,2026-11-24,0.993,0.00,12.15,2,69,44,41,58,45,33
dena,2026-11-25,0.959,0.00,12.20,2,69,46,42,59,47,34
dena,2026-11-26,0.897,0.00,12.25,2,69,49,44,62,49,37
dena,2026-11-27,0.813,0.00,12.30,2,69,53,48,65,52,40
dena,2026-11-28,0.714,0.16,12.34,2,69,65,56,74,61,49
dena,2026-11-29,0.606,0.32,12.39,2,69,75,64,81,68,56
dena,2026-11-30,0.496,0.46,12.43,2,69,82,70,87,74,62
dena,2026-12-01,0.389,0.59,12.47,2,71,88,73,91,79,66
dena,2026-12-02,0.290,0.72,12.51,2,71,92,76,94,82,69
dena,2026-12-03,0.202,0.85,12.54,2,71,95,79,96,84,71
dena,2026-12-04,0.128,0.98,12.58,2,71,97,80,97,85,72
dena,2026-12-05,0.069,1.00,12.61,2,71,97,80,98,85,73
drto,2026-10-07,0.075,0.93,9.71,2,53,96,84,97,84,72
drto,2026-10-08,0.028,1.00,9.74,2,53,96,84,97,85,72
drto,2026-10-09,0.004,1.00,9.76,2,53,96,84,97,85,72
drto,2026-10-10,0.002,1.00,9.78,2,53,96,84,97,85,72
drto,2026-10-11,0.022,1.00,9.80,2,53,96,84,97,85,72
drto,2026-10-12,0.060,1.00,9.83,2,53,96,84,97,85,72
drto,2026-10-13,0.116,0.94,9.85,2,53,96,84,97,84,72
drto,2026-10-14,0.185,0.86,9.87,2,53,95,83,96,84,71
drto,2026-10-15,0.264,0.78,9.89,2,53,93,82,95,82,70
drto,2026-10-16,0.352,0.69,9.91,2,53,91,80,93,80,68
drto,2026-10-17,0.444,0.59,9.93,2,53,87,77,90,78,65
drto,2026-10-18,0.539,0.50,9.95,2,53,82,73,87,74,62
drto,2026-10-19,0.634,0.41,9.97,2,53,77,69,82,70,57
drto,2026-10-20,0.725,0.32,9.99,2,53,70,64,78,65,53
drto,2026-10-21,0.810,0.23,10.01,2,53,63,59,72,60,47
drto,2026-10-22,0.885,0.13,10.03,2,53,56,54,67,54,42
drto,2026-10-23,0.944,0.04,10.05,2,53,48,48,61,49,36
drto,2026-10-24,0.984,0.00,10.07,2,53,44,45,58,46,33
drto,2026-10-25,1.000,0.00,10.09,2,53,43,44,58,45,33
drto,2026-10-26,0.989,0.00,10.11,2,53,44,45,58,45,33
drto,2026-10-27,0.950,0.00,10.13,2,53,46,46,60,47,35
drto,2026-10-28,0.885,0.08,10.15,2,53,53,52,65,52,40
drto,2026-10-29,0.799,0.18,10.17,2,53,62,58,71,59,46
drto,2026-10-30,0.697,0.30,10.19,2,53,70,65,78,65,53
drto,2026-10-31,0.587,0.41,10.20,2,53,78,70,84,71,59
drto,2026-11-01,0.469,0.51,10.22,2,41,84,78,88,76,63
drto,2026-11-02,0.360,0.61,10.24,2,41,89,82,92,79,67
drto,2026-11-03,0.260,0.71,10.25,2,41,93,84,94,82,69
drto,2026-11-04,0.172,0.80,10.27,2,41,95,86,96,84,71
drto,2026-11-05,0.101,0.89,10.29,2,41,96,87,97,85,72
drto,2026-11-06,0.047,0.98,10.30,2,41,97,87,97,85,72
drto,2026-11-07,0.014,1.00,10.32,2,41,97,87,98,85,73
drto,2026-11-08,0.000,1.00,10.34,2,41,97,87,98,85,73
drto,2026-11-09,0.007,1.00,10.35,2,41,97,87,98,85,73
drto,2026-11-10,0.032,1.00,10.37,2,41,97,87,98,85,73
drto,2026-11-11,0.074,0.96,10.38,2,41,97,87,97,85,72
drto,2026-11-12,0.131,0.88,10.39,2,41,96,87,97,84,72
drto,2026-11-13,0.201,0.79,10.41,2,41,94,86,96,83,71
drto,2026-11-14,0.282,0.71,10.42,2,41,92,84,94,82,69
drto,2026-11-15,0.370,0.62,10.44,2,41,89,82,92,79,67
drto,2026-11-16,0.464,0.53,10.45,2,41,85,79,89,76,64
drto,2026-11-17,0.562,0.45,10.46,2,41,80,75,85,73,60
drto,2026-11-18,0.660,0.36,10.47,2,41,74,70,81,68,56
drto,2026-11-19,0.754,0.28,10.49,2,41,68,65,76,63,51
drto,2026-11-20,0.841,0.18,10.50,2,41,60,60,70,58,45
drto,2026-11-21,0.914,0.09,10.51,2,41,52,54,64,52,39
drto,2026-11-22,0.968,0.00,10.52,2,41,45,49,59,46,34
drto,2026-11-23,0.996,0.00,10.53,2,41,44,47,58,45,33
drto,2026-11-24,0.996,0.00,10.54,2,41,44,47,58,45,33
drto,2026-11-25,0.966,0.00,10.55,2,41,45,49,59,46,34
drto,2026-11-26,0.909,0.08,10.56,2,41,52,54,64,52,39
drto,2026-11-27,0.828,0.19,10.57,2,41,61,61,71,58,46
drto,2026-11-28,0.731,0.30,10.58,2,41,69,67,77,65,52
drto,2026-11-29,0.624,0.40,10.59,2,41,77,72,83,70,58
drto,2026-11-30,0.514,0.50,10.60,2,41,83,77,87,75,62
drto,2026-12-01,0.407,0.58,10.61,2,47,88,79,91,78,66
drto,2026-12-02,0.306,0.67,10.61,2,47,91,82,93,81,68
drto,2026-12-03,0.216,0.76,10.62,2,47,94,84,95,83,70
drto,2026-12-04,0.139,0.84,10.63,2,47,95,85,97,84,72
drto,2026-12-05,0.078,0.93,10.64,2,47,96,86,97,85,72
ever,2026-10-07,0.075,0.93,9.71,3,53,92,81,94,82,69
ever,2026-10-08,0.028,1.00,9.73,3,53,93,81,95,82,70
ever,2026-10-09,0.004,1.00,9.76,3,53,93,81,95,82,70
ever,2026-10-10,0.002,1.00,9.78,3,53,93,81,95,82,70
ever,2026-10-11,0.022,1.00,9.80,3,53,93,81,95,82,70
ever,2026-10-12,0.060,1.00,9.83,3,53,93,81,95,82,70
ever,2026-10-13,0.116,0.94,9.85,3,53,93,81,95,82,70
ever,2026-10-14,0.185,0.87,9.87,3,53,92,81,94,81,69
ever,2026-10-15,0.264,0.78,9.89,3,53,90,79,93,80,68
ever,2026-10-16,0.352,0.69,9.92,3,53,87,77,91,78,66
ever,2026-10-17,0.444,0.60,9.94,3,53,84,75,88,75,63
ever,2026-10-18,0.539,0.50,9.96,3,53,79,71,84,72,59
ever,2026-10-19,0.634,0.41,9.98,3,53,73,67,80,68,55
ever,2026-10-20,0.725,0.32,10.00,3,53,67,62,75,63,50
ever,2026-10-21,0.810,0.23,10.02,3,53,60,57,70,57,45
ever,2026-10-22,0.885,0.13,10.04,3,53,52,51,64,52,39
ever,2026-10-23,0.944,0.04,10.06,3,53,45,45,59,46,34
ever,2026-10-24,0.984,0.00,10.08,3,53,41,42,56,43,31
ever,2026-10-25,1.000,0.00,10.10,3,53,40,42,55,43,30
ever,2026-10-26,0.989,0.00,10.12,3,53,41,42,55,43,30
ever,2026-10-27,0.950,0.00,10.14,3,53,43,44,57,45,32
ever,2026-10-28,0.885,0.08,10.16,3,53,50,49,62,50,37
ever,2026-10-29,0.799,0.18,10.18,3,53,58,56,69,56,44
ever,2026-10-30,0.697,0.29,10.20,3,53,67,62,75,63,50
ever,2026-10-31,0.587,0.40,10.22,3,53,75,68,81,68,56
ever,2026-11-01,0.469,0.51,10.24,3,42,81,75,86,73,61
ever,2026-11-02,0.360,0.61,10.25,3,42,86,79,89,77,64
ever,2026-11-03,0.260,0.71,10.27,3,42,89,81,92,79,67
ever,2026-11-04,0.172,0.80,10.29,3,42,91,83,94,81,69
ever,2026-11-05,0.101,0.89,10.31,3,42,93,84,95,82,70
ever,2026-11-06,0.047,0.98,10.32,3,42,93,84,95,82,70
ever,2026-11-07,0.014,1.00,10.34,3,42,93,85,95,83,70
ever,2026-11-08,0.000,1.00,10.36,3,42,93,85,95,83,70
ever,2026-11-09,0.007,1.00,10.37,3,42,93,85,95,83,70
ever,2026-11-10,0.032,1.00,10.39,3,42,93,85,95,83,70
ever,2026-11-11,0.074,0.97,10.40,3,42,93,84,95,82,70
ever,2026-11-12,0.131,0.88,10.42,3,42,93,84,94,82,69
ever,2026-11-13,0.201,0.80,10.43,3,42,91,83,93,81,68
ever,2026-11-14,0.282,0.71,10.45,3,42,89,81,92,79,67
ever,2026-11-15,0.370,0.62,10.46,3,42,86,79,89,77,64
ever,2026-11-16,0.464,0.54,10.47,3,42,82,76,86,74,61
ever,2026-11-17,0.562,0.45,10.49,3,42,77,72,83,70,58
ever,2026-11-18,0.660,0.36,10.50,3,42,71,68,78,66,53
ever,2026-11-19,0.754,0.28,10.51,3,42,64,63,73,61,48
ever,2026-11-20,0.841,0.18,10.53,3,42,57,57,68,55,43
ever,2026-11-21,0.914,0.09,10.54,3,42,49,51,62,49,37
ever,2026-11-22,0.968,0.00,10.55,3,42,42,46,56,44,31
ever,2026-11-23,0.996,0.00,10.56,3,42,40,45,55,43,30
ever,2026-11-24,0.996,0.00,10.57,3,42,40,45,55,43,30
ever,2026-11-25,0.966,0.00,10.58,3,42,42,46,56,44,31
ever,2026-11-26,0.909,0.08,10.59,3,42,49,51,62,49,37
ever,2026-11-27,0.828,0.19,10.60,3,42,58,58,68,56,43
ever,2026-11-28,0.731,0.30,10.61,3,42,66,64,74,62,49
ever,2026-11-29,0.624,0.40,10.62,3,42,73,70,80,68,55
ever,2026-11-30,0.514,0.49,10.63,3,42,79,74,85,72,60
ever,2026-12-01,0.407,0.58,10.64,3,44,84,77,88,76,63
ever,2026-12-02,0.306,0.67,10.65,3,44,88,80,91,78,66
ever,2026-12-03,0.216,0.76,10.65,3,44,91,82,93,80,68
ever,2026-12-04,0.139,0.84,10.66,3,44,92,83,94,82,69
ever,2026-12-05,0.078,0.93,10.67,3,44,93,84,95,82,70
gaar,2026-10-07,0.065,1.00,7.41,2,78,91,74,94,81,69
gaar,2026-10-08,0.022,1.00,7.55,2,78,92,74,94,81,69
gaar,2026-10-09,0.002,1.00,7.70,2,78,92,75,94,82,69
gaar,2026-10-10,0.004,1.00,7.84,2,78,92,75,94,82,69
gaar,2026-10-11,0.027,1.00,7.98,2,78,93,75,94,82,69
gaar,2026-10-12,0.068,1.00,8.11,2,78,93,75,95,82,70
gaar,2026-10-13,0.126,1.00,8.25,2,78,93,75,95,82,70
gaar,2026-10-14,0.197,1.00,8.38,2,78,93,76,95,83,70
gaar,2026-10-15,0.278,1.00,8.51,2,78,94,76,95,83,70
gaar,2026-10-16,0.367,1.00,8.64,2,78,94,76,95,83,70
gaar,2026-10-17,0.460,1.00,8.77,2,78,94,76,96,83,71
gaar,2026-10-18,0.555,1.00,8.89,2,78,94,76,96,83,71
gaar,2026-10-19,0.649,0.70,9.02,2,78,84,69,88,76,63
gaar,2026-10-20,0.740,0.47,9.14,2,78,74,61,81,68,56
gaar,2026-10-21,0.824,0.27,9.26,2,78,63,53,72,60,47
gaar,2026-10-22,0.896,0.08,9.38,2,78,51,44,63,51,38
gaar,2026-10-23,0.953,0.00,9.49,2,78,45,39,59,46,34
gaar,2026-10-24,0.989,0.00,9.61,2,78,43,38,57,45,32
gaar,2026-10-25,1.000,0.00,9.72,2,78,43,38,57,45,32
gaar,2026-10-26,0.984,0.00,9.84,2,78,44,38,58,45,33
gaar,2026-10-27,0.941,0.00,9.95,2,78,46,40,60,47,35
gaar,2026-10-28,0.872,0.00,10.06,2,78,50,43,63,50,38
gaar,2026-10-29,0.783,0.00,10.16,2,78,55,47,66,54,41
gaar,2026-10-30,0.680,0.00,10.27,2,78,60,51,70,58,45
gaar,2026-10-31,0.568,0.00,10.37,2,78,66,55,75,62,50
gaar,2026-11-01,0.451,0.26,10.48,2,77,79,65,84,72,59
gaar,2026-11-02,0.343,0.48,10.58,2,77,87,71,90,78,65
gaar,2026-11-03,0.244,0.66,10.68,2,77,92,75,94,82,69
gaar,2026-11-04,0.159,0.83,10.78,2,77,95,77,96,84,71
gaar,2026-11-05,0.091,1.00,10.88,2,77,97,78,97,85,72
gaar,2026-11-06,0.040,1.00,10.97,2,77,97,78,98,85,73
gaar,2026-11-07,0.010,1.00,11.07,2,77,97,78,98,85,73
gaar,2026-11-08,0.000,1.00,11.16,2,77,97,78,98,85,73
gaar,2026-11-09,0.010,1.00,11.25,2,77,97,78,98,85,73
gaar,2026-11-10,0.038,1.00,11.34,2,77,97,78,98,85,73
gaar,2026-11-11,0.083,1.00,11.43,2,77,97,78,98,85,73
gaar,2026-11-12,0.142,1.00,11.52,2,77,97,78,98,85,73
gaar,2026-11-13,0.214,1.00,11.60,2,77,97,78,98,85,73
gaar,2026-11-14,0.296,1.00,11.69,2,77,97,78,98,85,73
gaar,2026-11-15,0.385,0.88,11.77,2,77,94,76,96,83,71
gaar,2026-11-16,0.480,0.70,11.85,2,77,89,72,92,79,67
gaar,2026-11-17,0.578,0.54,11.93,2,77,83,68,87,74,62
gaar,2026-11-18,0.676,0.39,12.00,2,77,75,62,81,69,56
gaar,2026-11-19,0.770,0.24,12.08,2,77,65,55,74,62,49
gaar,2026-11-20,0.854,0.08,12.15,2,77,55,47,66,54,41
gaar,2026-11-21,0.925,0.00,12.22,2,77,47,41,61,48,36
gaar,2026-11-22,0.974,0.00,12.29,2,77,45,39,59,46,34
gaar,2026-11-23,0.998,0.00,12.36,2,77,43,38,58,45,33
gaar,2026-11-24,0.993,0.00,12.42,2,77,44,39,58,45,33
gaar,2026-11-25,0.959,0.00,12.49,2,77,46,40,59,47,34
gaar,2026-11-26,0.897,0.00,12.55,2,77,49,42,62,49,37
gaar,2026-11-27,0.813,0.00,12.61,2,77,53,46,65,52,40
gaar,2026-11-28,0.714,0.09,12.66,2,77,62,52,72,59,47
gaar,2026-11-29,0.606,0.28,12.72,2,77,74,61,80,68,55
gaar,2026-11-30,0.496,0.44,12.77,2,77,82,67,86,74,61
gaar,2026-12-01,0.389,0.59,12.82,2,74,88,73,91,79,66
gaar,2026-12-02,0.290,0.73,12.87,2,74,93,76,94,82,69
gaar,2026-12-03,0.202,0.88,12.91,2,74,95,78,96,84,71
gaar,2026-12-04,0.128,1.00,12.96,2,74,97,79,98,85,73
gaar,2026-12-05,0.069,1.00,13.00,2,74,97,79,98,85,73
jeff,2026-10-07,0.072,0.93,9.55,8,46,75,70,82,69,57
jeff,2026-10-08,0.026,1.00,9.59,8,46,76,70,82,69,57
jeff,2026-10-09,0.003,1.00,9.63,8,46,76,70,82,69,57
jeff,2026-10-10,0.002,1.00,9.67,8,46,76,71,82,70,57
jeff,2026-10-11,0.023,1.00,9.71,8,46,76,71,82,70,57
jeff,2026-10-12,0.062,1.00,9.75,8,46,76,71,82,70,57
jeff,2026-10-13,0.118,1.00,9.79,8,46,76,71,82,70,57
jeff,2026-10-14,0.188,0.94,9.83,8,46,76,70,82,69,57
jeff,2026-10-15,0.268,0.85,9.87,8,46,74,69,81,68,56
jeff,2026-10-16,0.355,0.76,9.91,8,46,72,67,79,66,54
jeff,2026-10-17,0.448,0.66,9.94,8,46,68,65,76,64,51
jeff,2026-10-18,0.543,0.56,9.98,8,46,64,61,73,60,48
jeff,2026-10-19,0.638,0.45,10.02,8,46,58,57,69,56,44
jeff,2026-10-20,0.729,0.35,10.06,8,46,51,52,63,51,38
jeff,2026-10-21,0.814,0.24,10.09,8,46,44,46,58,45,33
jeff,2026-10-22,0.888,0.14,10.13,8,46,36,40,52,39,27
jeff,2026-10-23,0.947,0.03,10.17,8,46,28,34,46,33,21
jeff,2026-10-24,0.985,0.00,10.20,8,46,24,32,43,31,18
jeff,2026-10-25,1.000,0.00,10.24,8,46,23,31,43,30,18
jeff,2026-10-26,0.988,0.00,10.27,8,46,24,31,43,30,18
jeff,2026-10-27,0.948,0.00,10.31,8,46,26,33,45,32,20
jeff,2026-10-28,0.882,0.02,10.34,8,46,30,36,48,35,23
jeff,2026-10-29,0.795,0.12,10.37,8,46,39,43,55,42,30
jeff,2026-10-30,0.693,0.24,10.41,8,46,48,50,61,49,36
jeff,2026-10-31,0.582,0.35,10.44,8,46,57,56,67,55,42
jeff,2026-11-01,0.465,0.47,10.47,8,50,64,60,73,60,48
jeff,2026-11-02,0.356,0.58,10.50,8,50,69,64,77,64,52
jeff,2026-11-03,0.256,0.69,10.54,8,50,72,67,79,67,54
jeff,2026-11-04,0.169,0.79,10.57,8,50,75,69,81,69,56
jeff,2026-11-05,0.098,0.89,10.60,8,50,76,70,82,70,57
jeff,2026-11-06,0.046,0.99,10.63,8,50,77,70,82,70,57
jeff,2026-11-07,0.013,1.00,10.66,8,50,77,70,83,70,58
jeff,2026-11-08,0.000,1.00,10.69,8,50,77,70,83,70,58
jeff,2026-11-09,0.007,1.00,10.72,8,50,77,70,83,70,58
jeff,2026-11-10,0.033,1.00,10.74,8,50,77,70,83,70,58
jeff,2026-11-11,0.076,1.00,10.77,8,50,77,70,83,70,58
jeff,2026-11-12,0.134,0.93,10.80,8,50,76,70,82,70,57
jeff,2026-11-13,0.204,0.85,10.83,8,50,75,69,81,69,56
jeff,2026-11-14,0.285,0.75,10.85,8,50,73,67,80,67,55
jeff,2026-11-15,0.374,0.66,10.88,8,50,70,65,77,65,52
jeff,2026-11-16,0.468,0.56,10.90,8,50,66,62,74,62,49
jeff,2026-11-17,0.566,0.47,10.93,8,50,61,58,70,58,45
jeff,2026-11-18,0.664,0.37,10.95,8,50,55,53,66,53,41
jeff,2026-11-19,0.758,0.28,10.97,8,50,47,48,61,48,36
jeff,2026-11-20,0.844,0.18,11.00,8,50,40,42,55,42,30
jeff,2026-11-21,0.917,0.07,11.02,8,50,31,36,48,36,23
jeff,2026-11-22,0.969,0.00,11.04,8,50,25,31,44,31,19
jeff,2026-11-23,0.997,0.00,11.06,8,50,23,30,43,30,18
jeff,2026-11-24,0.996,0.00,11.08,8,50,24,30,43,30,18
jeff,2026-11-25,0.965,0.00,11.10,8,50,25,31,44,31,19
jeff,2026-11-26,0.906,0.04,11.12,8,50,30,35,48,35,23
jeff,2026-11-27,0.824,0.15,11.14,8,50,39,42,55,42,30
jeff,2026-11-28,0.727,0.27,11.16,8,50,48,49,61,49,36
jeff,2026-11-29,0.620,0.38,11.17,8,50,56,55,67,55,42
jeff,2026-11-30,0.510,0.48,11.19,8,50,63,59,72,59,47
jeff,2026-12-01,0.402,0.58,11.20,8,61,68,61,76,63,51
jeff,2026-12-02,0.302,0.68,11.22,8,61,71,63,79,66,54
jeff,2026-12-03,0.213,0.77,11.23,8,61,74,65,81,68,56
jeff,2026-12-04,0.136,0.86,11.25,8,61,76,66,82,69,57
jeff,2026-12-05,0.076,0.96,11.26,8,61,76,67,82,70,57
glba,2026-10-07,0.065,0.97,8.62,2,81,94,75,95,83,70
glba,2026-10-08,0.022,1.00,8.71,2,81,94,75,96,83,71
glba,2026-10-09,0.002,1.00,8.80,2,81,94,75,96,83,71
glba,2026-10-10,0.004,1.00,8.89,2,81,94,76,96,83,71
glba,2026-10-11,0.027,1.00,8.98,2,81,95,76,96,83,71
glba,2026-10-12,0.068,1.00,9.06,2,81,95,76,96,84,71
glba,2026-10-13,0.126,1.00,9.15,2,81,95,76,96,84,71
glba,2026-10-14,0.197,1.00,9.23,2,81,95,76,96,84,71
glba,2026-10-15,0.278,1.00,9.32,2,81,95,76,96,84,71
glba,2026-10-16,0.367,1.00,9.40,2,81,95,76,97,84,72
glba,2026-10-17,0.460,0.86,9.48,2,81,92,74,94,82,69
glba,2026-10-18,0.555,0.71,9.56,2,81,87,70,90,78,65
glba,2026-10-19,0.649,0.56,9.64,2,81,81,65,85,73,60
glba,2026-10-20,0.740,0.40,9.72,2,81,73,59,79,67,54
glba,2026-10-21,0.824,0.26,9.80,2,81,64,52,73,60,48
glba,2026-10-22,0.896,0.11,9.88,2,81,54,45,65,53,40
glba,2026-10-23,0.953,0.00,9.96,2,81,46,39,59,47,34
glba,2026-10-24,0.989,0.00,10.03,2,81,44,38,58,45,33
glba,2026-10-25,1.000,0.00,10.11,2,81,43,37,58,45,33
glba,2026-10-26,0.984,0.00,10.18,2,81,44,38,58,46,33
glba,2026-10-27,0.941,0.00,10.26,2,81,46,40,60,47,35
glba,2026-10-28,0.872,0.00,10.33,2,81,50,42,63,50,38
glba,2026-10-29,0.783,0.00,10.40,2,81,55,46,66,54,41
glba,2026-10-30,0.680,0.05,10.47,2,81,62,51,72,59,47
glba,2026-10-31,0.568,0.22,10.54,2,81,73,59,80,67,55
glba,2026-11-01,0.451,0.38,10.61,2,81,82,66,86,74,61
glba,2026-11-02,0.343,0.53,10.68,2,81,88,71,91,79,66
glba,2026-11-03,0.244,0.67,10.75,2,81,92,74,94,82,69
glba,2026-11-04,0.159,0.81,10.81,2,81,95,76,96,84,71
glba,2026-11-05,0.091,0.94,10.88,2,81,96,77,97,85,72
glba,2026-11-06,0.040,1.00,10.94,2,81,97,77,98,85,73
glba,2026-11-07,0.010,1.00,11.01,2,81,97,77,98,85,73
glba,2026-11-08,0.000,1.00,11.07,2,81,97,77,98,85,73
glba,2026-11-09,0.010,1.00,11.13,2,81,97,77,98,85,73
glba,2026-11-10,0.038,1.00,11.19,2,81,97,77,98,85,73
glba,2026-11-11,0.083,1.00,11.25,2,81,97,77,98,85,73
glba,2026-11-12,0.142,1.00,11.31,2,81,97,77,98,85,73
glba,2026-11-13,0.214,1.00,11.36,2,81,97,77,98,85,73
glba,2026-11-14,0.296,0.88,11.42,2,81,95,76,96,84,71
glba,2026-11-15,0.385,0.75,11.48,2,81,92,73,94,81,69
glba,2026-11-16,0.480,0.63,11.53,2,81,87,70,90,78,65
glba,2026-11-17,0.578,0.51,11.58,2,81,81,66,86,74,61
glba,2026-11-18,0.676,0.38,11.63,2,81,74,61,81,68,56
glba,2026-11-19,0.770,0.26,11.68,2,81,66,54,75,62,50
glba,2026-11-20,0.854,0.13,11.73,2,81,57,47,68,55,43
glba,2026-11-21,0.925,0.00,11.78,2,81,47,40,61,48,36
glba,2026-11-22,0.974,0.00,11.83,2,81,45,38,59,46,34
glba,2026-11-23,0.998,0.00,11.87,2,81,43,37,58,45,33
glba,2026-11-24,0.993,0.00,11.91,2,81,44,38,58,45,33
glba,2026-11-25,0.959,0.00,11.96,2,81,46,39,59,47,34
glba,2026-11-26,0.897,0.00,12.00,2,81,49,41,62,49,37
glba,2026-11-27,0.813,0.05,12.04,2,81,55,46,66,54,41
glba,2026-11-28,0.714,0.19,12.07,2,81,66,54,75,62,50
glba,2026-11-29,0.606,0.33,12.11,2,81,75,61,81,69,56
glba,2026-11-30,0.496,0.46,12.15,2,81,83,67,87,74,62
glba,2026-12-01,0.389,0.59,12.18,2,81,88,71,91,79,66
glba,2026-12-02,0.290,0.71,12.21,2,81,92,74,94,82,69
glba,2026-12-03,0.202,0.82,12.24,2,81,95,76,96,84,71
glba,2026-12-04,0.128,0.94,12.27,2,81,96,77,97,85,72
glba,2026-12-05,0.069,1.00,12.30,2,81,97,77,98,85,73
glac,2026-10-07,0.070,0.94,9.25,2,63,95,80,96,84,71
glac,2026-10-08,0.025,1.00,9.31,2,63,95,81,96,84,71
glac,2026-10-09,0.003,1.00,9.36,2,63,95,81,97,84,72
glac,2026-10-10,0.003,1.00,9.42,2,63,96,81,97,84,72
glac,2026-10-11,0.024,1.00,9.48,2,63,96,81,97,84,72
glac,2026-10-12,0.064,1.00,9.54,2,63,96,81,97,84,72
glac,2026-10-13,0.121,1.00,9.60,2,63,96,81,97,84,72
glac,2026-10-14,0.191,1.00,9.65,2,63,96,81,97,84,72
glac,2026-10-15,0.271,0.94,9.71,2,63,95,81,96,84,71
glac,2026-10-16,0.359,0.84,9.77,2,63,93,79,95,82,70
glac,2026-10-17,0.452,0.73,9.82,2,63,90,77,92,80,67
glac,2026-10-18,0.547,0.61,9.88,2,63,85,73,89,76,64
glac,2026-10-19,0.642,0.49,9.93,2,63,79,69,84,72,59
glac,2026-10-20,0.733,0.37,9.98,2,63,72,63,79,66,54
glac,2026-10-21,0.817,0.25,10.04,2,63,64,57,73,60,48
glac,2026-10-22,0.891,0.13,10.09,2,63,55,51,66,54,41
glac,2026-10-23,0.949,0.00,10.14,2,63,46,44,60,47,35
glac,2026-10-24,0.986,0.00,10.19,2,63,44,42,58,46,33
glac,2026-10-25,1.000,0.00,10.24,2,63,43,42,58,45,33
glac,2026-10-26,0.986,0.00,10.29,2,63,44,42,58,46,33
glac,2026-10-27,0.945,0.00,10.34,2,63,46,44,60,47,35
glac,2026-10-28,0.879,0.00,10.39,2,63,50,47,62,50,37
glac,2026-10-29,0.791,0.05,10.44,2,63,57,52,67,55,42
glac,2026-10-30,0.689,0.17,10.49,2,63,66,59,75,62,50
glac,2026-10-31,0.578,0.31,10.54,2,63,75,66,81,69,56
glac,2026-11-01,0.460,0.44,10.59,2,81,83,67,87,75,62
glac,2026-11-02,0.352,0.56,10.63,2,81,88,71,91,79,66
glac,2026-11-03,0.252,0.68,10.68,2,81,92,74,94,82,69
glac,2026-11-04,0.166,0.80,10.72,2,81,95,76,96,84,71
glac,2026-11-05,0.096,0.91,10.77,2,81,96,77,97,85,72
glac,2026-11-06,0.044,1.00,10.81,2,81,97,77,98,85,73
glac,2026-11-07,0.012,1.00,10.86,2,81,97,77,98,85,73
glac,2026-11-08,0.000,1.00,10.90,2,81,97,77,98,85,73
glac,2026-11-09,0.008,1.00,10.94,2,81,97,77,98,85,73
glac,2026-11-10,0.035,1.00,10.98,2,81,97,77,98,85,73
glac,2026-11-11,0.078,1.00,11.02,2,81,97,77,98,85,73
glac,2026-11-12,0.137,0.99,11.06,2,81,97,77,97,85,72
glac,2026-11-13,0.208,0.90,11.10,2,81,96,76,97,84,72
glac,2026-11-14,0.289,0.80,11.14,2,81,94,75,95,83,70
glac,2026-11-15,0.378,0.69,11.17,2,81,90,73,93,80,68
glac,2026-11-16,0.472,0.59,11.21,2,81,86,69,90,77,65
glac,2026-11-17,0.570,0.48,11.25,2,81,81,65,86,73,61
glac,2026-11-18,0.668,0.38,11.28,2,81,75,61,81,68,56
glac,2026-11-19,0.762,0.27,11.32,2,81,67,55,75,63,50
glac,2026-11-20,0.848,0.16,11.35,2,81,59,49,69,56,44
glac,2026-11-21,0.919,0.04,11.38,2,81,50,42,62,50,37
glac,2026-11-22,0.971,0.00,11.41,2,81,45,38,59,46,34
glac,2026-11-23,0.997,0.00,11.44,2,81,43,37,58,45,33
glac,2026-11-24,0.995,0.00,11.47,2,81,44,37,58,45,33
glac,2026-11-25,0.963,0.00,11.50,2,81,45,39,59,46,34
glac,2026-11-26,0.903,0.00,11.53,2,81,49,41,61,49,36
glac,2026-11-27,0.821,0.12,11.56,2,81,58,48,69,56,44
glac,2026-11-28,0.722,0.24,11.58,2,81,67,55,76,63,51
glac,2026-11-29,0.615,0.36,11.61,2,81,76,62,82,69,57
glac,2026-11-30,0.505,0.48,11.63,2,81,83,67,87,74,62
glac,2026-12-01,0.398,0.58,11.65,2,83,88,70,91,78,66
glac,2026-12-02,0.298,0.69,11.67,2,83,92,73,94,81,69
glac,2026-12-03,0.209,0.79,11.69,2,83,94,75,96,83,71
glac,2026-12-04,0.134,0.89,11.71,2,83,96,76,97,84,72
glac,2026-12-05,0.074,0.99,11.73,2,83,97,77,97,85,72
grca,2026-10-07,0.068,0.93,9.60,2,24,96,91,97,84,72
grca,2026-10-08,0.024,1.00,9.64,2,24,96,91,97,84,72
grca,2026-10-09,0.002,1.00,9.67,2,24,96,91,97,85,72
grca,2026-10-10,0.003,1.00,9.71,2,24,96,91,97,85,72
grca,2026-10-11,0.025,1.00,9.75,2,24,96,91,97,85,72
grca,2026-10-12,0.066,1.00,9.78,2,24,96,91,97,85,72
grca,2026-10-13,0.124,0.99,9.82,2,24,96,91,97,85,72
grca,2026-10-14,0.194,0.91,9.85,2,24,95,91,97,84,72
grca,2026-10-15,0.275,0.83,9.89,2,24,94,89,95,83,70
grca,2026-10-16,0.363,0.74,9.92,2,24,91,88,94,81,69
grca,2026-10-17,0.456,0.64,9.96,2,24,88,85,91,78,66
grca,2026-10-18,0.551,0.54,9.99,2,24,83,81,87,75,62
grca,2026-10-19,0.645,0.44,10.03,2,24,77,77,83,70,58
grca,2026-10-20,0.736,0.33,10.06,2,24,71,72,78,65,53
grca,2026-10-21,0.820,0.23,10.09,2,24,63,66,72,60,47
grca,2026-10-22,0.893,0.13,10.13,2,24,55,60,66,54,41
grca,2026-10-23,0.951,0.02,10.16,2,24,47,54,60,48,35
grca,2026-10-24,0.988,0.00,10.19,2,24,44,52,58,45,33
grca,2026-10-25,1.000,0.00,10.22,2,24,43,52,58,45,33
grca,2026-10-26,0.985,0.00,10.25,2,24,44,52,58,46,33
grca,2026-10-27,0.943,0.00,10.29,2,24,46,54,60,47,35
grca,2026-10-28,0.876,0.04,10.32,2,24,52,58,64,51,39
grca,2026-10-29,0.787,0.14,10.35,2,24,61,64,70,58,45
grca,2026-10-30,0.684,0.26,10.38,2,24,70,71,77,65,52
grca,2026-10-31,0.573,0.37,10.41,2,24,78,77,83,71,58
grca,2026-11-01,0.460,0.49,10.44,2,28,84,81,88,76,63
grca,2026-11-02,0.352,0.60,10.46,2,28,89,85,92,79,67
grca,2026-11-03,0.252,0.70,10.49,2,28,93,87,94,82,69
grca,2026-11-04,0.166,0.80,10.52,2,28,95,89,96,84,71
grca,2026-11-05,0.096,0.90,10.55,2,28,96,90,97,85,72
grca,2026-11-06,0.044,1.00,10.58,2,28,97,90,97,85,72
grca,2026-11-07,0.012,1.00,10.60,2,28,97,91,98,85,73
grca,2026-11-08,0.000,1.00,10.63,2,28,97,91,98,85,73
grca,2026-11-09,0.008,1.00,10.65,2,28,97,91,98,85,73
grca,2026-11-10,0.035,1.00,10.68,2,28,97,91,98,85,73
grca,2026-11-11,0.078,1.00,10.70,2,28,97,90,97,85,72
grca,2026-11-12,0.137,0.92,10.73,2,28,96,90,97,85,72
grca,2026-11-13,0.208,0.83,10.75,2,28,95,89,96,84,71
grca,2026-11-14,0.289,0.74,10.78,2,28,93,87,94,82,69
grca,2026-11-15,0.378,0.64,10.80,2,28,89,85,92,80,67
grca,2026-11-16,0.472,0.55,10.82,2,28,85,82,89,77,64
grca,2026-11-17,0.570,0.46,10.84,2,28,80,78,85,73,60
grca,2026-11-18,0.668,0.37,10.87,2,28,74,74,81,68,56
grca,2026-11-19,0.762,0.27,10.89,2,28,67,68,75,63,50
grca,2026-11-20,0.848,0.17,10.91,2,28,59,62,69,57,44
grca,2026-11-21,0.919,0.07,10.93,2,28,51,56,63,51,38
grca,2026-11-22,0.971,0.00,10.95,2,28,45,52,59,46,34
grca,2026-11-23,0.997,0.00,10.96,2,28,43,51,58,45,33
grca,2026-11-24,0.995,0.00,10.98,2,28,44,51,58,45,33
grca,2026-11-25,0.963,0.00,11.00,2,28,45,52,59,46,34
grca,2026-11-26,0.903,0.06,11.02,2,28,51,56,63,51,38
grca,2026-11-27,0.821,0.17,11.03,2,28,60,63,70,58,45
grca,2026-11-28,0.722,0.28,11.05,2,28,69,70,77,64,52
grca,2026-11-29,0.615,0.39,11.06,2,28,77,76,83,70,58
grca,2026-11-30,0.505,0.49,11.08,2,28,83,80,87,75,62
grca,2026-12-01,0.398,0.59,11.09,2,43,88,80,91,78,66
grca,2026-12-02,0.298,0.68,11.11,2,43,92,83,94,81,69
grca,2026-12-03,0.209,0.77,11.12,2,43,94,85,96,83,71
grca,2026-12-04,0.134,0.86,11.13,2,43,96,86,97,84,72
grca,2026-12-05,0.074,0.96,11.14,2,43,96,87,97,85,72
grte,2026-10-07,0.070,0.94,9.42,2,56,95,82,96,84,71
grte,2026-10-08,0.025,1.00,9.47,2,56,96,83,97,84,72
grte,2026-10-09,0.003,1.00,9.52,2,56,96,83,97,84,72
grte,2026-10-10,0.003,1.00,9.57,2,56,96,83,97,84,72
grte,2026-10-11,0.024,1.00,9.62,2,56,96,83,97,84,72
grte,2026-10-12,0.064,1.00,9.66,2,56,96,83,97,84,72
grte,2026-10-13,0.121,1.00,9.71,2,56,96,83,97,85,72
grte,2026-10-14,0.191,0.97,9.76,2,56,96,83,97,84,72
grte,2026-10-15,0.271,0.89,9.81,2,56,95,82,96,84,71
grte,2026-10-16,0.359,0.79,9.85,2,56,92,80,94,82,69
grte,2026-10-17,0.452,0.69,9.90,2,56,89,78,92,79,67
grte,2026-10-18,0.547,0.58,9.95,2,56,84,74,88,76,63
grte,2026-10-19,0.642,0.47,9.99,2,56,78,70,84,71,59
grte,2026-10-20,0.733,0.35,10.04,2,56,71,65,79,66,54
grte,2026-10-21,0.817,0.24,10.08,2,56,64,59,73,60,48
grte,2026-10-22,0.891,0.13,10.12,2,56,55,52,66,54,41
grte,2026-10-23,0.949,0.01,10.17,2,56,47,46,60,48,35
grte,2026-10-24,0.986,0.00,10.21,2,56,44,44,58,46,33
grte,2026-10-25,1.000,0.00,10.25,2,56,43,44,58,45,33
grte,2026-10-26,0.986,0.00,10.30,2,56,44,44,58,46,33
grte,2026-10-27,0.945,0.00,10.34,2,56,46,46,60,47,35
grte,2026-10-28,0.879,0.00,10.38,2,56,50,48,62,50,37
grte,2026-10-29,0.791,0.09,10.42,2,56,58,55,69,56,44
grte,2026-10-30,0.689,0.21,10.46,2,56,68,62,76,63,51
grte,2026-10-31,0.578,0.34,10.50,2,56,76,68,82,70,57
grte,2026-11-01,0.460,0.46,10.54,2,74,83,69,88,75,63
grte,2026-11-02,0.352,0.58,10.58,2,74,89,73,92,79,67
grte,2026-11-03,0.252,0.69,10.62,2,74,92,76,94,82,69
grte,2026-11-04,0.166,0.80,10.66,2,74,95,78,96,84,71
grte,2026-11-05,0.096,0.90,10.69,2,74,96,79,97,85,72
grte,2026-11-06,0.044,1.00,10.73,2,74,97,79,98,85,73
grte,2026-11-07,0.012,1.00,10.77,2,74,97,79,98,85,73
grte,2026-11-08,0.000,1.00,10.80,2,74,97,79,98,85,73
grte,2026-11-09,0.008,1.00,10.84,2,74,97,79,98,85,73
grte,2026-11-10,0.035,1.00,10.87,2,74,97,79,98,85,73
grte,2026-11-11,0.078,1.00,10.90,2,74,97,79,98,85,73
grte,2026-11-12,0.137,0.96,10.94,2,74,96,79,97,85,72
grte,2026-11-13,0.208,0.87,10.97,2,74,95,78,96,84,71
grte,2026-11-14,0.289,0.77,11.00,2,74,93,76,95,82,70
grte,2026-11-15,0.378,0.67,11.03,2,74,90,74,93,80,68
grte,2026-11-16,0.472,0.57,11.06,2,74,86,71,89,77,64
grte,2026-11-17,0.570,0.47,11.09,2,74,81,67,86,73,61
grte,2026-11-18,0.668,0.37,11.12,2,74,74,62,81,68,56
grte,2026-11-19,0.762,0.27,11.15,2,74,67,57,75,63,50
grte,2026-11-20,0.848,0.17,11.18,2,74,59,51,69,57,44
grte,2026-11-21,0.919,0.05,11.21,2,74,50,44,63,50,38
grte,2026-11-22,0.971,0.00,11.23,2,74,45,40,59,46,34
grte,2026-11-23,0.997,0.00,11.26,2,74,43,39,58,45,33
grte,2026-11-24,0.995,0.00,11.28,2,74,44,39,58,45,33
grte,2026-11-25,0.963,0.00,11.31,2,74,45,40,59,46,34
grte,2026-11-26,0.903,0.02,11.33,2,74,50,44,62,50,37
grte,2026-11-27,0.821,0.14,11.35,2,74,59,51,69,57,44
grte,2026-11-28,0.722,0.26,11.37,2,74,68,58,76,64,51
grte,2026-11-29,0.615,0.37,11.39,2,74,76,64,82,70,57
grte,2026-11-30,0.505,0.48,11.41,2,74,83,69,87,75,62
grte,2026-12-01,0.398,0.58,11.43,2,74,88,72,91,78,66
grte,2026-12-02,0.298,0.68,11.45,2,74,92,75,94,81,69
grte,2026-12-03,0.209,0.78,11.47,2,74,94,77,96,83,71
grte,2026-12-04,0.134,0.88,11.48,2,74,96,78,97,84,72
grte,2026-12-05,0.074,0.97,11.50,2,74,97,79,97,85,72
grba,2026-10-07,0.068,0.94,9.55,2,27,96,90,97,84,72
grba,2026-10-08,0.024,1.00,9.59,2,27,96,90,97,84,72
grba,2026-10-09,0.002,1.00,9.63,2,27,96,90,97,84,72
grba,2026-10-10,0.003,1.00,9.67,2,27,96,90,97,85,72
grba,2026-10-11,0.025,1.00,9.71,2,27,96,90,97,85,72
grba,2026-10-12,0.066,1.00,9.75,2,27,96,90,97,85,72
grba,2026-10-13,0.124,1.00,9.79,2,27,96,90,97,85,72
grba,2026-10-14,0.194,0.93,9.83,2,27,96,90,97,84,72
grba,2026-10-15,0.275,0.85,9.87,2,27,94,89,96,83,71
grba,2026-10-16,0.363,0.75,9.91,2,27,92,87,94,81,69
grba,2026-10-17,0.456,0.65,9.95,2,27,88,84,91,79,66
grba,2026-10-18,0.551,0.55,9.98,2,27,83,81,88,75,63
grba,2026-10-19,0.645,0.45,10.02,2,27,78,76,83,71,58
grba,2026-10-20,0.736,0.34,10.06,2,27,71,71,78,66,53
grba,2026-10-21,0.820,0.24,10.10,2,27,63,66,72,60,47
grba,2026-10-22,0.893,0.13,10.13,2,27,55,60,66,54,41
grba,2026-10-23,0.951,0.02,10.17,2,27,47,53,60,48,35
grba,2026-10-24,0.988,0.00,10.21,2,27,44,51,58,45,33
grba,2026-10-25,1.000,0.00,10.24,2,27,43,51,58,45,33
grba,2026-10-26,0.985,0.00,10.28,2,27,44,51,58,46,33
grba,2026-10-27,0.943,0.00,10.31,2,27,46,53,60,47,35
grba,2026-10-28,0.876,0.02,10.35,2,27,51,56,63,51,38
grba,2026-10-29,0.787,0.13,10.38,2,27,60,63,70,57,45
grba,2026-10-30,0.684,0.24,10.41,2,27,69,70,77,64,52
grba,2026-10-31,0.573,0.36,10.45,2,27,77,76,83,70,58
grba,2026-11-01,0.456,0.48,10.48,2,35,84,79,88,75,63
grba,2026-11-02,0.347,0.59,10.51,2,35,89,83,92,79,67
grba,2026-11-03,0.248,0.70,10.54,2,35,93,86,94,82,69
grba,2026-11-04,0.163,0.80,10.58,2,35,95,87,96,84,71
grba,2026-11-05,0.093,0.90,10.61,2,35,96,88,97,85,72
grba,2026-11-06,0.042,1.00,10.64,2,35,97,89,98,85,73
grba,2026-11-07,0.011,1.00,10.67,2,35,97,89,98,85,73
grba,2026-11-08,0.000,1.00,10.70,2,35,97,89,98,85,73
grba,2026-11-09,0.009,1.00,10.73,2,35,97,89,98,85,73
grba,2026-11-10,0.036,1.00,10.75,2,35,97,89,98,85,73
grba,2026-11-11,0.080,1.00,10.78,2,35,97,89,98,85,73
grba,2026-11-12,0.139,0.93,10.81,2,35,96,88,97,85,72
grba,2026-11-13,0.211,0.84,10.84,2,35,95,87,96,84,71
grba,2026-11-14,0.292,0.75,10.86,2,35,93,86,95,82,70
grba,2026-11-15,0.381,0.65,10.89,2,35,90,83,92,80,67
grba,2026-11-16,0.476,0.56,10.91,2,35,85,80,89,77,64
grba,2026-11-17,0.574,0.46,10.94,2,35,80,76,85,73,60
grba,2026-11-18,0.672,0.37,10.96,2,35,74,72,81,68,56
grba,2026-11-19,0.766,0.27,10.99,2,35,67,66,75,63,50
grba,2026-11-20,0.851,0.17,11.01,2,35,59,60,69,57,44
grba,2026-11-21,0.922,0.06,11.03,2,35,50,54,63,50,38
grba,2026-11-22,0.973,0.00,11.05,2,35,45,50,59,46,34
grba,2026-11-23,0.998,0.00,11.07,2,35,43,49,58,45,33
grba,2026-11-24,0.994,0.00,11.09,2,35,44,49,58,45,33
grba,2026-11-25,0.961,0.00,11.11,2,35,45,50,59,47,34
grba,2026-11-26,0.900,0.05,11.13,2,35,51,54,63,51,38
grba,2026-11-27,0.817,0.16,11.15,2,35,60,61,70,58,45
grba,2026-11-28,0.718,0.28,11.17,2,35,69,68,77,64,52
grba,2026-11-29,0.610,0.39,11.19,2,35,77,74,82,70,57
grba,2026-11-30,0.501,0.49,11.20,2,35,83,79,87,75,62
grba,2026-12-01,0.394,0.59,11.22,2,50,88,78,91,78,66
grba,2026-12-02,0.294,0.68,11.23,2,50,92,81,94,81,69
grba,2026-12-03,0.206,0.78,11.25,2,50,94,83,96,83,71
grba,2026-12-04,0.131,0.87,11.26,2,50,96,84,97,84,72
grba,2026-12-05,0.071,0.96,11.27,2,50,97,85,97,85,72
grsa,2026-10-07,0.070,0.93,9.57,2,25,96,90,97,84,72
grsa,2026-10-08,0.025,1.00,9.61,2,25,96,91,97,84,72
grsa,2026-10-09,0.003,1.00,9.65,2,25,96,91,97,84,72
grsa,2026-10-10,0.003,1.00,9.69,2,25,96,91,97,85,72
grsa,2026-10-11,0.024,1.00,9.72,2,25,96,91,97,85,72
grsa,2026-10-12,0.064,1.00,9.76,2,25,96,91,97,85,72
grsa,2026-10-13,0.121,1.00,9.80,2,25,96,91,97,85,72
grsa,2026-10-14,0.191,0.93,9.84,2,25,96,90,97,84,72
grsa,2026-10-15,0.271,0.84,9.88,2,25,94,89,96,83,71
grsa,2026-10-16,0.359,0.75,9.91,2,25,92,88,94,81,69
grsa,2026-10-17,0.452,0.65,9.95,2,25,88,85,91,79,66
grsa,2026-10-18,0.547,0.55,9.99,2,25,83,81,88,75,63
grsa,2026-10-19,0.642,0.44,10.02,2,25,78,77,83,71,58
grsa,2026-10-20,0.733,0.34,10.06,2,25,71,72,78,66,53
grsa,2026-10-21,0.817,0.24,10.10,2,25,63,66,73,60,48
grsa,2026-10-22,0.891,0.13,10.13,2,25,55,60,67,54,42
grsa,2026-10-23,0.949,0.02,10.17,2,25,47,54,60,48,35
grsa,2026-10-24,0.986,0.00,10.20,2,25,44,52,58,46,33
grsa,2026-10-25,1.000,0.00,10.23,2,25,43,51,58,45,33
grsa,2026-10-26,0.986,0.00,10.27,2,25,44,52,58,46,33
grsa,2026-10-27,0.945,0.00,10.30,2,25,46,53,60,47,35
grsa,2026-10-28,0.879,0.03,10.33,2,25,51,57,63,51,38
grsa,2026-10-29,0.791,0.13,10.37,2,25,60,64,70,57,45
grsa,2026-10-30,0.689,0.24,10.40,2,25,69,70,77,64,52
grsa,2026-10-31,0.578,0.36,10.43,2,25,77,77,83,70,58
grsa,2026-11-01,0.460,0.48,10.46,2,27,84,81,88,75,63
grsa,2026-11-02,0.352,0.59,10.49,2,27,89,85,92,79,67
grsa,2026-11-03,0.252,0.70,10.52,2,27,93,88,94,82,69
grsa,2026-11-04,0.166,0.80,10.55,2,27,95,89,96,84,71
grsa,2026-11-05,0.096,0.90,10.58,2,27,96,90,97,85,72
grsa,2026-11-06,0.044,1.00,10.61,2,27,97,91,97,85,72
grsa,2026-11-07,0.012,1.00,10.64,2,27,97,91,98,85,73
grsa,2026-11-08,0.000,1.00,10.67,2,27,97,91,98,85,73
grsa,2026-11-09,0.008,1.00,10.70,2,27,97,91,98,85,73
grsa,2026-11-10,0.035,1.00,10.72,2,27,97,91,98,85,73
grsa,2026-11-11,0.078,1.00,10.75,2,27,97,91,98,85,73
grsa,2026-11-12,0.137,0.93,10.78,2,27,96,90,97,85,72
grsa,2026-11-13,0.208,0.84,10.80,2,27,95,89,96,84,71
grsa,2026-11-14,0.289,0.74,10.83,2,27,93,88,95,82,70
grsa,2026-11-15,0.378,0.65,10.85,2,27,90,85,92,80,67
grsa,2026-11-16,0.472,0.56,10.88,2,27,86,82,89,77,64
grsa,2026-11-17,0.570,0.46,10.90,2,27,80,79,85,73,60
grsa,2026-11-18,0.668,0.37,10.92,2,27,74,74,81,68,56
grsa,2026-11-19,0.762,0.27,10.95,2,27,67,69,75,63,50
grsa,2026-11-20,0.848,0.17,10.97,2,27,59,63,69,57,44
grsa,2026-11-21,0.919,0.07,10.99,2,27,51,56,63,51,38
grsa,2026-11-22,0.971,0.00,11.01,2,27,45,52,59,46,34
grsa,2026-11-23,0.997,0.00,11.03,2,27,43,51,58,45,33
grsa,2026-11-24,0.995,0.00,11.05,2,27,44,51,58,45,33
grsa,2026-11-25,0.963,0.00,11.07,2,27,45,52,59,46,34
grsa,2026-11-26,0.903,0.05,11.09,2,27,51,56,63,51,38
grsa,2026-11-27,0.821,0.16,11.11,2,27,60,63,70,58,45
grsa,2026-11-28,0.722,0.28,11.12,2,27,69,70,77,64,52
grsa,2026-11-29,0.615,0.39,11.14,2,27,76,76,82,70,57
grsa,2026-11-30,0.505,0.49,11.15,2,27,83,80,87,75,62
grsa,2026-12-01,0.398,0.59,11.17,2,35,88,82,91,78,66
grsa,2026-12-02,0.298,0.68,11.18,2,35,92,85,94,81,69
grsa,2026-12-03,0.209,0.77,11.20,2,35,94,87,96,83,71
grsa,2026-12-04,0.134,0.86,11.21,2,35,96,88,97,84,72
grsa,2026-12-05,0.074,0.96,11.22,2,35,96,89,97,85,72
grsm,2026-10-07,0.075,0.93,9.60,3,49,92,82,94,82,69
grsm,2026-10-08,0.028,1.00,9.64,3,49,93,82,94,82,69
grsm,2026-10-09,0.004,1.00,9.68,3,49,93,82,95,82,70
grsm,2026-10-10,0.002,1.00,9.71,3,49,93,82,95,82,70
grsm,2026-10-11,0.022,1.00,9.75,3,49,93,82,95,82,70
grsm,2026-10-12,0.060,1.00,9.78,3,49,93,82,95,82,70
grsm,2026-10-13,0.116,0.99,9.82,3,49,93,82,95,82,70
grsm,2026-10-14,0.185,0.92,9.85,3,49,92,82,94,82,69
grsm,2026-10-15,0.264,0.83,9.89,3,49,91,81,93,81,68
grsm,2026-10-16,0.352,0.74,9.92,3,49,88,79,91,79,66
grsm,2026-10-17,0.444,0.64,9.96,3,49,85,76,89,76,64
grsm,2026-10-18,0.539,0.54,9.99,3,49,80,73,85,73,60
grsm,2026-10-19,0.634,0.44,10.02,3,49,74,69,81,68,56
grsm,2026-10-20,0.725,0.34,10.06,3,49,68,64,76,63,51
grsm,2026-10-21,0.810,0.24,10.09,3,49,60,58,70,58,45
grsm,2026-10-22,0.885,0.14,10.12,3,49,53,52,64,52,39
grsm,2026-10-23,0.944,0.03,10.15,3,49,45,46,58,46,33
grsm,2026-10-24,0.984,0.00,10.19,3,49,41,43,56,43,31
grsm,2026-10-25,1.000,0.00,10.22,3,49,40,43,55,43,30
grsm,2026-10-26,0.989,0.00,10.25,3,49,41,43,55,43,30
grsm,2026-10-27,0.950,0.00,10.28,3,49,43,45,57,45,32
grsm,2026-10-28,0.885,0.03,10.31,3,49,48,48,61,48,36
grsm,2026-10-29,0.799,0.14,10.34,3,49,56,55,67,55,42
grsm,2026-10-30,0.697,0.25,10.37,3,49,65,62,74,62,49
grsm,2026-10-31,0.587,0.37,10.40,3,49,73,68,80,68,55
grsm,2026-11-01,0.469,0.48,10.43,3,56,80,71,85,73,60
grsm,2026-11-02,0.360,0.59,10.45,3,56,85,75,89,77,64
grsm,2026-11-03,0.260,0.69,10.48,3,56,89,78,92,79,67
grsm,2026-11-04,0.172,0.79,10.51,3,56,91,80,94,81,69
grsm,2026-11-05,0.101,0.89,10.54,3,56,93,81,95,82,70
grsm,2026-11-06,0.047,0.99,10.56,3,56,93,81,95,82,70
grsm,2026-11-07,0.014,1.00,10.59,3,56,93,81,95,83,70
grsm,2026-11-08,0.000,1.00,10.62,3,56,93,81,95,83,70
grsm,2026-11-09,0.007,1.00,10.64,3,56,93,81,95,83,70
grsm,2026-11-10,0.032,1.00,10.67,3,56,93,81,95,83,70
grsm,2026-11-11,0.074,1.00,10.69,3,56,93,81,95,83,70
grsm,2026-11-12,0.131,0.92,10.72,3,56,93,81,95,82,70
grsm,2026-11-13,0.201,0.83,10.74,3,56,92,80,94,81,69
grsm,2026-11-14,0.282,0.74,10.76,3,56,89,78,92,80,67
grsm,2026-11-15,0.370,0.65,10.79,3,56,86,76,90,77,65
grsm,2026-11-16,0.464,0.56,10.81,3,56,82,73,87,74,62
grsm,2026-11-17,0.562,0.47,10.83,3,56,77,69,83,71,58
grsm,2026-11-18,0.660,0.37,10.85,3,56,71,64,78,66,53
grsm,2026-11-19,0.754,0.28,10.87,3,56,64,59,73,61,48
grsm,2026-11-20,0.841,0.18,10.89,3,56,57,53,67,55,42
grsm,2026-11-21,0.914,0.07,10.91,3,56,48,47,61,49,36
grsm,2026-11-22,0.968,0.00,10.93,3,56,42,42,56,44,31
grsm,2026-11-23,0.996,0.00,10.95,3,56,40,41,55,43,30
grsm,2026-11-24,0.996,0.00,10.97,3,56,40,41,55,43,30
grsm,2026-11-25,0.966,0.00,10.98,3,56,42,42,56,44,31
grsm,2026-11-26,0.909,0.05,11.00,3,56,47,46,60,48,35
grsm,2026-11-27,0.828,0.16,11.02,3,56,56,53,67,55,42
grsm,2026-11-28,0.731,0.28,11.03,3,56,65,60,74,61,49
grsm,2026-11-29,0.624,0.38,11.05,3,56,73,66,80,67,55
grsm,2026-11-30,0.514,0.48,11.06,3,56,79,70,84,72,59
grsm,2026-12-01,0.407,0.58,11.07,3,67,84,71,88,76,63
grsm,2026-12-02,0.306,0.67,11.09,3,67,88,74,91,78,66
grsm,2026-12-03,0.216,0.76,11.10,3,67,91,76,93,80,68
grsm,2026-12-04,0.139,0.86,11.11,3,67,92,77,94,82,69
grsm,2026-12-05,0.078,0.95,11.12,3,67,93,78,95,82,70
gumo,2026-10-07,0.070,0.93,9.66,2,26,96,90,97,84,72
gumo,2026-10-08,0.025,1.00,9.69,2,26,96,91,97,85,72
gumo,2026-10-09,0.003,1.00,9.72,2,26,96,91,97,85,72
gumo,2026-10-10,0.003,1.00,9.75,2,26,96,91,97,85,72
gumo,2026-10-11,0.024,1.00,9.78,2,26,96,91,97,85,72
gumo,2026-10-12,0.064,1.00,9.81,2,26,96,91,97,85,72
gumo,2026-10-13,0.121,0.97,9.84,2,26,96,91,97,85,72
gumo,2026-10-14,0.191,0.89,9.87,2,26,95,90,96,84,71
gumo,2026-10-15,0.271,0.81,9.90,2,26,94,89,95,83,70
gumo,2026-10-16,0.359,0.72,9.93,2,26,91,87,93,81,68
gumo,2026-10-17,0.452,0.62,9.96,2,26,87,84,91,78,66
gumo,2026-10-18,0.547,0.52,9.99,2,26,83,81,87,75,62
gumo,2026-10-19,0.642,0.42,10.02,2,26,77,76,83,70,58
gumo,2026-10-20,0.733,0.33,10.05,2,26,70,71,78,65,53
gumo,2026-10-21,0.817,0.23,10.08,2,26,63,66,72,60,47
gumo,2026-10-22,0.891,0.13,10.10,2,26,55,60,67,54,42
gumo,2026-10-23,0.949,0.03,10.13,2,26,47,54,61,48,36
gumo,2026-10-24,0.986,0.00,10.16,2,26,44,52,58,46,33
gumo,2026-10-25,1.000,0.00,10.19,2,26,43,51,58,45,33
gumo,2026-10-26,0.986,0.00,10.21,2,26,44,52,58,46,33
gumo,2026-10-27,0.945,0.00,10.24,2,26,46,53,60,47,35
gumo,2026-10-28,0.879,0.06,10.26,2,26,52,58,64,52,39
gumo,2026-10-29,0.791,0.16,10.29,2,26,61,64,71,58,46
gumo,2026-10-30,0.689,0.27,10.32,2,26,70,71,77,65,52
gumo,2026-10-31,0.578,0.39,10.34,2,26,78,77,83,71,58
gumo,2026-11-01,0.460,0.50,10.37,2,32,84,80,88,76,63
gumo,2026-11-02,0.352,0.60,10.39,2,32,89,84,92,79,67
gumo,2026-11-03,0.252,0.70,10.41,2,32,93,87,95,82,70
gumo,2026-11-04,0.166,0.80,10.44,2,32,95,88,96,84,71
gumo,2026-11-05,0.096,0.89,10.46,2,32,96,89,97,85,72
gumo,2026-11-06,0.044,0.99,10.48,2,32,97,89,97,85,72
gumo,2026-11-07,0.012,1.00,10.51,2,32,97,90,98,85,73
gumo,2026-11-08,0.000,1.00,10.53,2,32,97,90,98,85,73
gumo,2026-11-09,0.008,1.00,10.55,2,32,97,90,98,85,73
gumo,2026-11-10,0.035,1.00,10.57,2,32,97,90,98,85,73
gumo,2026-11-11,0.078,0.98,10.59,2,32,97,89,97,85,72
gumo,2026-11-12,0.137,0.90,10.61,2,32,96,89,97,84,72
gumo,2026-11-13,0.208,0.81,10.63,2,32,95,88,96,83,71
gumo,2026-11-14,0.289,0.72,10.65,2,32,92,86,94,82,69
gumo,2026-11-15,0.378,0.63,10.67,2,32,89,84,92,79,67
gumo,2026-11-16,0.472,0.54,10.69,2,32,85,81,89,76,64
gumo,2026-11-17,0.570,0.45,10.71,2,32,80,77,85,73,60
gumo,2026-11-18,0.668,0.36,10.73,2,32,74,73,81,68,56
gumo,2026-11-19,0.762,0.27,10.75,2,32,67,67,75,63,50
gumo,2026-11-20,0.848,0.18,10.76,2,32,59,62,70,57,45
gumo,2026-11-21,0.919,0.07,10.78,2,32,51,55,63,51,38
gumo,2026-11-22,0.971,0.00,10.80,2,32,45,51,59,46,34
gumo,2026-11-23,0.997,0.00,10.81,2,32,43,50,58,45,33
gumo,2026-11-24,0.995,0.00,10.83,2,32,44,50,58,45,33
gumo,2026-11-25,0.963,0.00,10.84,2,32,45,51,59,46,34
gumo,2026-11-26,0.903,0.07,10.86,2,32,52,56,64,51,39
gumo,2026-11-27,0.821,0.18,10.87,2,32,61,63,71,58,46
gumo,2026-11-28,0.722,0.29,10.88,2,32,69,69,77,65,52
gumo,2026-11-29,0.615,0.40,10.90,2,32,77,75,83,70,58
gumo,2026-11-30,0.505,0.49,10.91,2,32,83,79,87,75,62
gumo,2026-12-01,0.398,0.59,10.92,2,34,88,82,91,78,66
gumo,2026-12-02,0.298,0.68,10.93,2,34,92,85,94,81,69
gumo,2026-12-03,0.209,0.77,10.94,2,34,94,87,96,83,71
gumo,2026-12-04,0.134,0.86,10.95,2,34,96,88,97,84,72
gumo,2026-12-05,0.074,0.95,10.96,2,34,96,89,97,85,72
hale,2026-10-07,0.061,0.95,9.73,2,49,96,85,97,84,72
hale,2026-10-08,0.020,1.00,9.75,2,49,96,85,97,85,72
hale,2026-10-09,0.001,1.00,9.77,2,49,96,85,97,85,72
hale,2026-10-10,0.005,1.00,9.78,2,49,96,85,97,85,72
hale,2026-10-11,0.030,1.00,9.80,2,49,96,85,97,85,72
hale,2026-10-12,0.073,0.99,9.82,2,49,96,85,97,85,72
hale,2026-10-13,0.132,0.91,9.84,2,49,96,85,97,84,72
hale,2026-10-14,0.204,0.83,9.85,2,49,95,84,96,83,71
hale,2026-10-15,0.285,0.74,9.87,2,49,92,82,94,82,69
hale,2026-10-16,0.374,0.65,9.89,2,49,89,80,92,80,67
hale,2026-10-17,0.468,0.56,9.91,2,49,86,77,89,77,64
hale,2026-10-18,0.563,0.47,9.92,2,49,81,73,85,73,60
hale,2026-10-19,0.657,0.38,9.94,2,49,75,69,81,69,56
hale,2026-10-20,0.747,0.29,9.96,2,49,68,64,76,64,51
hale,2026-10-21,0.830,0.20,9.97,2,49,61,59,71,58,46
hale,2026-10-22,0.901,0.11,9.99,2,49,54,53,65,53,40
hale,2026-10-23,0.956,0.02,10.00,2,49,47,48,60,47,35
hale,2026-10-24,0.991,0.00,10.02,2,49,44,46,58,45,33
hale,2026-10-25,1.000,0.00,10.03,2,49,43,45,58,45,33
hale,2026-10-26,0.981,0.00,10.05,2,49,44,46,58,46,33
hale,2026-10-27,0.936,0.01,10.06,2,49,47,48,61,48,36
hale,2026-10-28,0.865,0.11,10.08,2,49,56,55,67,54,42
hale,2026-10-29,0.775,0.22,10.09,2,49,64,61,73,61,48
hale,2026-10-30,0.670,0.33,10.11,2,49,73,67,80,67,55
hale,2026-10-31,0.559,0.44,10.12,2,49,80,73,85,72,60
hale,2026-11-01,0.446,0.54,10.13,2,52,86,76,89,77,64
hale,2026-11-02,0.339,0.64,10.15,2,52,90,80,93,80,68
hale,2026-11-03,0.241,0.73,10.16,2,52,93,82,95,82,70
hale,2026-11-04,0.156,0.82,10.17,2,52,95,83,96,84,71
hale,2026-11-05,0.088,0.90,10.19,2,52,96,84,97,85,72
hale,2026-11-06,0.039,0.99,10.20,2,52,97,84,97,85,72
hale,2026-11-07,0.009,1.00,10.21,2,52,97,85,98,85,73
hale,2026-11-08,0.000,1.00,10.23,2,52,97,85,98,85,73
hale,2026-11-09,0.010,1.00,10.24,2,52,97,85,98,85,73
hale,2026-11-10,0.039,1.00,10.25,2,52,97,85,98,85,73
hale,2026-11-11,0.085,0.94,10.26,2,52,96,84,97,85,72
hale,2026-11-12,0.145,0.85,10.27,2,52,96,84,97,84,72
hale,2026-11-13,0.217,0.76,10.28,2,52,94,82,95,83,70
hale,2026-11-14,0.299,0.68,10.29,2,52,92,81,94,81,69
hale,2026-11-15,0.389,0.59,10.30,2,52,88,78,91,79,66
hale,2026-11-16,0.484,0.51,10.31,2,52,84,75,88,75,63
hale,2026-11-17,0.582,0.43,10.32,2,52,79,71,84,72,59
hale,2026-11-18,0.680,0.34,10.33,2,52,73,67,80,67,55
hale,2026-11-19,0.773,0.26,10.34,2,52,66,62,75,62,50
hale,2026-11-20,0.858,0.17,10.35,2,52,59,56,69,56,44
hale,2026-11-21,0.927,0.07,10.36,2,52,51,50,63,50,38
hale,2026-11-22,0.976,0.00,10.37,2,52,45,45,58,46,33
hale,2026-11-23,0.999,0.00,10.38,2,52,43,45,58,45,33
hale,2026-11-24,0.992,0.00,10.39,2,52,44,45,58,45,33
hale,2026-11-25,0.957,0.00,10.39,2,52,46,46,59,47,34
hale,2026-11-26,0.894,0.11,10.40,2,52,54,53,66,53,41
hale,2026-11-27,0.809,0.22,10.41,2,52,63,59,72,60,47
hale,2026-11-28,0.709,0.33,10.42,2,52,71,65,78,66,53
hale,2026-11-29,0.601,0.43,10.42,2,52,78,71,84,71,59
hale,2026-11-30,0.491,0.52,10.43,2,52,84,75,88,76,63
hale,2026-12-01,0.385,0.60,10.44,2,51,89,79,91,79,66
hale,2026-12-02,0.286,0.69,10.44,2,51,92,81,94,81,69
hale,2026-12-03,0.199,0.77,10.45,2,51,94,83,96,83,71
hale,2026-12-04,0.125,0.86,10.45,2,51,96,84,97,84,72
hale,2026-12-05,0.067,0.94,10.46,2,51,96,85,97,85,72
havo,2026-10-07,0.061,0.95,9.73,3,49,93,82,94,82,69
havo,2026-10-08,0.020,1.00,9.75,3,49,93,82,95,82,70
havo,2026-10-09,0.001,1.00,9.76,3,49,93,82,95,82,70
havo,2026-10-10,0.005,1.00,9.78,3,49,93,82,95,82,70
havo,2026-10-11,0.030,1.00,9.80,3,49,93,82,95,82,70
havo,2026-10-12,0.073,0.98,9.81,3,49,93,82,95,82,70
havo,2026-10-13,0.132,0.90,9.83,3,49,92,82,94,82,69
havo,2026-10-14,0.204,0.82,9.85,3,49,91,81,93,81,68
havo,2026-10-15,0.285,0.74,9.86,3,49,89,80,92,79,67
havo,2026-10-16,0.374,0.65,9.88,3,49,86,77,90,77,65
havo,2026-10-17,0.468,0.56,9.89,3,49,82,74,87,74,62
havo,2026-10-18,0.563,0.47,9.91,3,49,77,71,83,70,58
havo,2026-10-19,0.657,0.38,9.92,3,49,71,66,78,66,53
havo,2026-10-20,0.747,0.29,9.94,3,49,65,61,74,61,49
havo,2026-10-21,0.830,0.20,9.95,3,49,58,56,68,56,43
havo,2026-10-22,0.901,0.11,9.97,3,49,51,51,63,50,38
havo,2026-10-23,0.956,0.02,9.98,3,49,43,45,57,45,32
havo,2026-10-24,0.991,0.00,10.00,3,49,40,43,55,43,30
havo,2026-10-25,1.000,0.00,10.01,3,49,40,43,55,43,30
havo,2026-10-26,0.981,0.00,10.02,3,49,41,43,56,43,31
havo,2026-10-27,0.936,0.02,10.04,3,49,44,46,58,46,33
havo,2026-10-28,0.865,0.12,10.05,3,49,53,52,64,52,39
havo,2026-10-29,0.775,0.23,10.06,3,49,61,59,71,59,46
havo,2026-10-30,0.670,0.34,10.08,3,49,70,65,77,65,52
havo,2026-10-31,0.559,0.44,10.09,3,49,77,70,83,70,58
havo,2026-11-01,0.446,0.55,10.10,3,48,83,75,87,74,62
havo,2026-11-02,0.339,0.64,10.11,3,48,87,78,90,78,65
havo,2026-11-03,0.241,0.73,10.13,3,48,90,80,92,80,67
havo,2026-11-04,0.156,0.82,10.14,3,48,92,82,94,81,69
havo,2026-11-05,0.088,0.90,10.15,3,48,93,83,95,82,70
havo,2026-11-06,0.039,0.99,10.16,3,48,93,83,95,82,70
havo,2026-11-07,0.009,1.00,10.17,3,48,93,83,95,83,70
havo,2026-11-08,0.000,1.00,10.18,3,48,93,83,95,83,70
havo,2026-11-09,0.010,1.00,10.19,3,48,93,83,95,83,70
havo,2026-11-10,0.039,1.00,10.21,3,48,93,83,95,83,70
havo,2026-11-11,0.085,0.93,10.22,3,48,93,83,95,82,70
havo,2026-11-12,0.145,0.85,10.23,3,48,92,82,94,82,69
havo,2026-11-13,0.217,0.76,10.24,3,48,91,81,93,80,68
havo,2026-11-14,0.299,0.67,10.25,3,48,88,79,91,79,66
havo,2026-11-15,0.389,0.59,10.26,3,48,85,77,89,76,64
havo,2026-11-16,0.484,0.51,10.26,3,48,81,73,85,73,60
havo,2026-11-17,0.582,0.42,10.27,3,48,75,70,82,69,57
havo,2026-11-18,0.680,0.34,10.28,3,48,69,65,77,65,52
havo,2026-11-19,0.773,0.26,10.29,3,48,63,60,72,59,47
havo,2026-11-20,0.858,0.17,10.30,3,48,55,54,66,54,41
havo,2026-11-21,0.927,0.07,10.31,3,48,47,49,61,48,36
havo,2026-11-22,0.976,0.00,10.32,3,48,41,44,56,43,31
havo,2026-11-23,0.999,0.00,10.32,3,48,40,43,55,43,30
havo,2026-11-24,0.992,0.00,10.33,3,48,40,43,55,43,30
havo,2026-11-25,0.957,0.01,10.34,3,48,43,45,57,44,32
havo,2026-11-26,0.894,0.12,10.34,3,48,51,51,63,51,38
havo,2026-11-27,0.809,0.23,10.35,3,48,60,58,70,57,45
havo,2026-11-28,0.709,0.33,10.36,3,48,68,64,76,64,51
havo,2026-11-29,0.601,0.43,10.36,3,48,75,69,81,69,56
havo,2026-11-30,0.491,0.52,10.37,3,48,81,74,86,73,61
havo,2026-12-01,0.385,0.60,10.37,3,42,85,78,89,76,64
havo,2026-12-02,0.286,0.69,10.38,3,42,89,81,91,79,66
havo,2026-12-03,0.199,0.77,10.38,3,42,91,83,93,81,68
havo,2026-12-04,0.125,0.85,10.39,3,42,92,84,94,82,69
havo,2026-12-05,0.067,0.94,10.39,3,42,93,84,95,82,70
hosp,2026-10-07,0.072,0.93,9.62,5,37,86,80,89,77,64
hosp,2026-10-08,0.026,1.00,9.66,5,37,86,80,89,77,64
hosp,2026-10-09,0.003,1.00,9.69,5,37,86,80,90,77,65
hosp,2026-10-10,0.002,1.00,9.73,5,37,86,80,90,77,65
hosp,2026-10-11,0.023,1.00,9.76,5,37,86,80,90,77,65
hosp,2026-10-12,0.062,1.00,9.79,5,37,86,80,90,77,65
hosp,2026-10-13,0.118,0.98,9.83,5,37,86,80,90,77,65
hosp,2026-10-14,0.188,0.91,9.86,5,37,85,80,89,77,64
hosp,2026-10-15,0.268,0.82,9.89,5,37,84,79,88,75,63
hosp,2026-10-16,0.355,0.73,9.93,5,37,81,77,86,74,61
hosp,2026-10-17,0.448,0.64,9.96,5,37,78,74,83,71,58
hosp,2026-10-18,0.543,0.54,9.99,5,37,73,71,80,67,55
hosp,2026-10-19,0.638,0.44,10.02,5,37,67,66,76,63,51
hosp,2026-10-20,0.729,0.34,10.06,5,37,61,61,71,58,46
hosp,2026-10-21,0.814,0.24,10.09,5,37,53,56,65,53,40
hosp,2026-10-22,0.888,0.13,10.12,5,37,46,50,59,47,34
hosp,2026-10-23,0.947,0.03,10.15,5,37,38,44,53,41,28
hosp,2026-10-24,0.985,0.00,10.18,5,37,34,41,51,38,26
hosp,2026-10-25,1.000,0.00,10.21,5,37,33,41,50,38,25
hosp,2026-10-26,0.988,0.00,10.24,5,37,34,41,50,38,25
hosp,2026-10-27,0.948,0.00,10.27,5,37,36,43,52,40,27
hosp,2026-10-28,0.882,0.04,10.30,5,37,41,47,56,44,31
hosp,2026-10-29,0.795,0.14,10.33,5,37,50,54,63,50,38
hosp,2026-10-30,0.693,0.26,10.35,5,37,59,60,69,57,44
hosp,2026-10-31,0.582,0.37,10.38,5,37,67,66,75,63,50
hosp,2026-11-01,0.465,0.49,10.41,5,45,74,69,80,68,55
hosp,2026-11-02,0.356,0.59,10.44,5,45,79,73,84,72,59
hosp,2026-11-03,0.256,0.70,10.46,5,45,83,76,87,74,62
hosp,2026-11-04,0.169,0.80,10.49,5,45,85,77,89,76,64
hosp,2026-11-05,0.098,0.89,10.52,5,45,86,78,90,77,65
hosp,2026-11-06,0.046,0.99,10.54,5,45,87,79,90,77,65
hosp,2026-11-07,0.013,1.00,10.57,5,45,87,79,90,78,65
hosp,2026-11-08,0.000,1.00,10.59,5,45,87,79,90,78,65
hosp,2026-11-09,0.007,1.00,10.62,5,45,87,79,90,78,65
hosp,2026-11-10,0.033,1.00,10.64,5,45,87,79,90,78,65
hosp,2026-11-11,0.076,1.00,10.66,5,45,87,79,90,77,65
hosp,2026-11-12,0.134,0.91,10.69,5,45,86,78,90,77,65
hosp,2026-11-13,0.204,0.83,10.71,5,45,85,77,89,76,64
hosp,2026-11-14,0.285,0.74,10.73,5,45,83,76,87,74,62
hosp,2026-11-15,0.374,0.64,10.75,5,45,80,73,85,72,60
hosp,2026-11-16,0.468,0.55,10.77,5,45,76,70,82,69,57
hosp,2026-11-17,0.566,0.46,10.80,5,45,70,67,78,65,53
hosp,2026-11-18,0.664,0.37,10.82,5,45,64,62,73,61,48
hosp,2026-11-19,0.758,0.28,10.84,5,45,57,57,68,56,43
hosp,2026-11-20,0.844,0.18,10.85,5,45,50,51,62,50,37
hosp,2026-11-21,0.917,0.07,10.87,5,45,41,45,56,44,31
hosp,2026-11-22,0.969,0.00,10.89,5,45,35,40,51,39,26
hosp,2026-11-23,0.997,0.00,10.91,5,45,33,39,50,38,25
hosp,2026-11-24,0.996,0.00,10.93,5,45,34,39,50,38,25
hosp,2026-11-25,0.965,0.00,10.94,5,45,35,40,51,39,26
hosp,2026-11-26,0.906,0.06,10.96,5,45,41,45,56,43,31
hosp,2026-11-27,0.824,0.17,10.97,5,45,50,51,63,50,38
hosp,2026-11-28,0.727,0.28,10.99,5,45,59,58,69,57,44
hosp,2026-11-29,0.620,0.39,11.00,5,45,66,64,75,62,50
hosp,2026-11-30,0.510,0.49,11.02,5,45,73,68,80,67,55
hosp,2026-12-01,0.402,0.58,11.03,5,55,78,70,83,71,58
hosp,2026-12-02,0.302,0.68,11.04,5,55,81,72,86,74,61
hosp,2026-12-03,0.213,0.77,11.05,5,55,84,74,88,76,63
hosp,2026-12-04,0.136,0.86,11.07,5,55,86,75,89,77,64
hosp,2026-12-05,0.076,0.95,11.08,5,55,86,76,90,77,65
indu,2026-10-07,0.072,0.93,9.48,6,58,82,72,87,74,62
indu,2026-10-08,0.026,1.00,9.52,6,58,82,72,87,74,62
indu,2026-10-09,0.003,1.00,9.57,6,58,82,72,87,74,62
indu,2026-10-10,0.002,1.00,9.61,6,58,83,72,87,74,62
indu,2026-10-11,0.023,1.00,9.66,6,58,83,72,87,74,62
indu,2026-10-12,0.062,1.00,9.70,6,58,83,73,87,75,62
indu,2026-10-13,0.118,1.00,9.75,6,58,83,73,87,75,62
indu,2026-10-14,0.188,0.96,9.79,6,58,83,72,87,74,62
indu,2026-10-15,0.268,0.88,9.84,6,58,81,71,86,73,61
indu,2026-10-16,0.355,0.78,9.88,6,58,79,70,84,72,59
indu,2026-10-17,0.448,0.68,9.92,6,58,76,67,82,69,57
indu,2026-10-18,0.543,0.57,9.96,6,58,71,64,78,66,53
indu,2026-10-19,0.638,0.46,10.01,6,58,65,59,74,61,49
indu,2026-10-20,0.729,0.36,10.05,6,58,58,54,69,56,44
indu,2026-10-21,0.814,0.25,10.09,6,58,51,48,63,50,38
indu,2026-10-22,0.888,0.14,10.13,6,58,42,42,57,44,32
indu,2026-10-23,0.947,0.02,10.17,6,58,34,36,51,38,26
indu,2026-10-24,0.985,0.00,10.21,6,58,31,34,48,36,23
indu,2026-10-25,1.000,0.00,10.25,6,58,30,33,48,35,23
indu,2026-10-26,0.988,0.00,10.29,6,58,31,33,48,35,23
indu,2026-10-27,0.948,0.00,10.33,6,58,33,35,50,37,25
indu,2026-10-28,0.882,0.00,10.36,6,58,36,38,52,40,27
indu,2026-10-29,0.795,0.10,10.40,6,58,45,44,59,46,34
indu,2026-10-30,0.693,0.22,10.44,6,58,54,51,66,53,41
indu,2026-10-31,0.582,0.34,10.48,6,58,63,58,72,60,47
indu,2026-11-01,0.465,0.46,10.51,6,65,70,61,77,65,52
indu,2026-11-02,0.356,0.58,10.55,6,65,75,65,81,69,56
indu,2026-11-03,0.256,0.69,10.58,6,65,79,68,84,72,59
indu,2026-11-04,0.169,0.79,10.62,6,65,81,70,86,74,61
indu,2026-11-05,0.098,0.90,10.65,6,65,83,71,87,75,62
indu,2026-11-06,0.046,1.00,10.69,6,65,83,71,87,75,62
indu,2026-11-07,0.013,1.00,10.72,6,65,83,71,88,75,63
indu,2026-11-08,0.000,1.00,10.75,6,65,83,71,88,75,63
indu,2026-11-09,0.007,1.00,10.79,6,65,83,71,88,75,63
indu,2026-11-10,0.033,1.00,10.82,6,65,83,71,88,75,63
indu,2026-11-11,0.076,1.00,10.85,6,65,83,71,88,75,63
indu,2026-11-12,0.134,0.95,10.88,6,65,83,71,87,75,62
indu,2026-11-13,0.204,0.86,10.91,6,65,82,70,86,74,61
indu,2026-11-14,0.285,0.77,10.94,6,65,80,69,85,72,60
indu,2026-11-15,0.374,0.67,10.97,6,65,77,66,83,70,58
indu,2026-11-16,0.468,0.57,10.99,6,65,73,63,80,67,55
indu,2026-11-17,0.566,0.48,11.02,6,65,68,59,76,63,51
indu,2026-11-18,0.664,0.38,11.05,6,65,61,55,71,59,46
indu,2026-11-19,0.758,0.28,11.08,6,65,54,49,66,53,41
indu,2026-11-20,0.844,0.17,11.10,6,65,46,43,60,47,35
indu,2026-11-21,0.917,0.06,11.13,6,65,38,37,53,41,28
indu,2026-11-22,0.969,0.00,11.15,6,65,32,32,49,36,24
indu,2026-11-23,0.997,0.00,11.17,6,65,30,31,48,35,23
indu,2026-11-24,0.996,0.00,11.20,6,65,30,31,48,35,23
indu,2026-11-25,0.965,0.00,11.22,6,65,32,33,49,36,24
indu,2026-11-26,0.906,0.03,11.24,6,65,36,36,52,40,27
indu,2026-11-27,0.824,0.14,11.26,6,65,46,43,59,47,34
indu,2026-11-28,0.727,0.26,11.28,6,65,55,50,66,53,41
indu,2026-11-29,0.620,0.37,11.30,6,65,63,56,72,59,47
indu,2026-11-30,0.510,0.48,11.32,6,65,69,61,77,64,52
indu,2026-12-01,0.402,0.58,11.33,6,78,74,61,81,68,56
indu,2026-12-02,0.302,0.68,11.35,6,78,78,64,84,71,59
indu,2026-12-03,0.213,0.77,11.37,6,78,81,66,86,73,61
indu,2026-12-04,0.136,0.87,11.38,6,78,82,67,87,74,62
indu,2026-12-05,0.076,0.96,11.40,6,78,83,68,87,75,62
isro,2026-10-07,0.075,0.93,9.27,2,65,95,80,96,84,71
isro,2026-10-08,0.028,1.00,9.33,2,65,95,80,96,84,71
isro,2026-10-09,0.004,1.00,9.39,2,65,95,80,97,84,72
isro,2026-10-10,0.002,1.00,9.44,2,65,96,80,97,84,72
isro,2026-10-11,0.022,1.00,9.50,2,65,96,80,97,84,72
isro,2026-10-12,0.060,1.00,9.56,2,65,96,81,97,84,72
isro,2026-10-13,0.116,1.00,9.61,2,65,96,81,97,84,72
isro,2026-10-14,0.185,1.00,9.67,2,65,96,81,97,85,72
isro,2026-10-15,0.264,0.94,9.72,2,65,95,80,96,84,71
isro,2026-10-16,0.352,0.84,9.78,2,65,93,79,95,82,70
isro,2026-10-17,0.444,0.73,9.83,2,65,90,76,92,80,67
isro,2026-10-18,0.539,0.61,9.88,2,65,85,73,89,76,64
isro,2026-10-19,0.634,0.49,9.94,2,65,79,68,85,72,60
isro,2026-10-20,0.725,0.37,9.99,2,65,72,63,79,67,54
isro,2026-10-21,0.810,0.26,10.04,2,65,64,57,73,61,48
isro,2026-10-22,0.885,0.14,10.09,2,65,56,51,67,54,42
isro,2026-10-23,0.944,0.01,10.14,2,65,47,44,60,48,35
isro,2026-10-24,0.984,0.00,10.19,2,65,44,42,58,46,33
isro,2026-10-25,1.000,0.00,10.24,2,65,43,41,58,45,33
isro,2026-10-26,0.989,0.00,10.29,2,65,44,42,58,45,33
isro,2026-10-27,0.950,0.00,10.34,2,65,46,43,60,47,35
isro,2026-10-28,0.885,0.00,10.39,2,65,49,46,62,50,37
isro,2026-10-29,0.799,0.05,10.44,2,65,56,51,67,55,42
isro,2026-10-30,0.697,0.17,10.49,2,65,66,58,74,62,49
isro,2026-10-31,0.587,0.30,10.53,2,65,75,65,81,69,56
isro,2026-11-01,0.469,0.43,10.58,2,78,82,67,87,74,62
isro,2026-11-02,0.360,0.56,10.62,2,78,88,72,91,79,66
isro,2026-11-03,0.260,0.68,10.67,2,78,92,75,94,82,69
isro,2026-11-04,0.172,0.79,10.71,2,78,95,77,96,84,71
isro,2026-11-05,0.101,0.90,10.76,2,78,96,78,97,85,72
isro,2026-11-06,0.047,1.00,10.80,2,78,97,78,98,85,73
isro,2026-11-07,0.014,1.00,10.84,2,78,97,78,98,85,73
isro,2026-11-08,0.000,1.00,10.88,2,78,97,78,98,85,73
isro,2026-11-09,0.007,1.00,10.92,2,78,97,78,98,85,73
isro,2026-11-10,0.032,1.00,10.96,2,78,97,78,98,85,73
isro,2026-11-11,0.074,1.00,11.00,2,78,97,78,98,85,73
isro,2026-11-12,0.131,0.99,11.04,2,78,97,78,97,85,72
isro,2026-11-13,0.201,0.90,11.08,2,78,96,77,97,84,72
isro,2026-11-14,0.282,0.80,11.12,2,78,94,76,95,83,70
isro,2026-11-15,0.370,0.70,11.15,2,78,91,74,93,81,68
isro,2026-11-16,0.464,0.59,11.19,2,78,87,70,90,77,65
isro,2026-11-17,0.562,0.49,11.22,2,78,81,67,86,74,61
isro,2026-11-18,0.660,0.39,11.26,2,78,75,62,81,69,56
isro,2026-11-19,0.754,0.28,11.29,2,78,68,56,76,63,51
isro,2026-11-20,0.841,0.17,11.32,2,78,59,50,69,57,44
isro,2026-11-21,0.914,0.05,11.35,2,78,50,43,63,50,38
isro,2026-11-22,0.968,0.00,11.39,2,78,45,39,59,46,34
isro,2026-11-23,0.996,0.00,11.42,2,78,44,38,58,45,33
isro,2026-11-24,0.996,0.00,11.44,2,78,44,38,58,45,33
isro,2026-11-25,0.966,0.00,11.47,2,78,45,39,59,46,34
isro,2026-11-26,0.909,0.00,11.50,2,78,48,42,61,49,36
isro,2026-11-27,0.828,0.11,11.53,2,78,57,49,68,56,43
isro,2026-11-28,0.731,0.24,11.55,2,78,67,56,75,63,50
isro,2026-11-29,0.624,0.36,11.57,2,78,75,62,81,69,56
isro,2026-11-30,0.514,0.47,11.60,2,78,82,67,87,74,62
isro,2026-12-01,0.407,0.58,11.62,2,89,87,68,91,78,66
isro,2026-12-02,0.306,0.68,11.64,2,89,91,71,94,81,69
isro,2026-12-03,0.216,0.78,11.66,2,89,94,73,96,83,71
isro,2026-12-04,0.139,0.88,11.68,2,89,96,75,97,84,72
isro,2026-12-05,0.078,0.98,11.70,2,89,97,75,97,85,72
jotr,2026-10-07,0.068,0.94,9.63,3,18,92,90,94,82,69
jotr,2026-10-08,0.024,1.00,9.67,3,18,93,90,95,82,70
jotr,2026-10-09,0.002,1.00,9.70,3,18,93,90,95,82,70
jotr,2026-10-10,0.003,1.00,9.74,3,18,93,90,95,82,70
jotr,2026-10-11,0.025,1.00,9.77,3,18,93,90,95,82,70
jotr,2026-10-12,0.066,1.00,9.80,3,18,93,90,95,82,70
jotr,2026-10-13,0.124,0.98,9.83,3,18,93,90,95,82,70
jotr,2026-10-14,0.194,0.90,9.87,3,18,92,90,94,82,69
jotr,2026-10-15,0.275,0.82,9.90,3,18,90,88,93,80,68
jotr,2026-10-16,0.363,0.72,9.93,3,18,88,86,91,78,66
jotr,2026-10-17,0.456,0.63,9.96,3,18,84,84,88,76,63
jotr,2026-10-18,0.551,0.53,9.99,3,18,79,80,85,72,60
jotr,2026-10-19,0.645,0.43,10.03,3,18,74,76,80,68,55
jotr,2026-10-20,0.736,0.33,10.06,3,18,67,71,75,63,50
jotr,2026-10-21,0.820,0.23,10.09,3,18,60,65,70,57,45
jotr,2026-10-22,0.893,0.13,10.12,3,18,52,59,64,51,39
jotr,2026-10-23,0.951,0.02,10.15,3,18,44,53,58,45,33
jotr,2026-10-24,0.988,0.00,10.18,3,18,41,51,55,43,30
jotr,2026-10-25,1.000,0.00,10.21,3,18,40,51,55,43,30
jotr,2026-10-26,0.985,0.00,10.23,3,18,41,51,56,43,31
jotr,2026-10-27,0.943,0.00,10.26,3,18,43,53,57,45,32
jotr,2026-10-28,0.876,0.05,10.29,3,18,49,57,62,49,37
jotr,2026-10-29,0.787,0.15,10.32,3,18,58,64,68,56,43
jotr,2026-10-30,0.684,0.27,10.35,3,18,67,70,75,62,50
jotr,2026-10-31,0.573,0.38,10.37,3,18,74,76,81,68,56
jotr,2026-11-01,0.456,0.50,10.40,3,25,81,80,86,73,61
jotr,2026-11-02,0.347,0.60,10.43,3,25,86,83,89,77,64
jotr,2026-11-03,0.248,0.70,10.45,3,25,89,86,92,80,67
jotr,2026-11-04,0.163,0.80,10.48,3,25,92,87,94,81,69
jotr,2026-11-05,0.093,0.90,10.50,3,25,93,88,95,82,70
jotr,2026-11-06,0.042,0.99,10.53,3,25,93,89,95,82,70
jotr,2026-11-07,0.011,1.00,10.55,3,25,93,89,95,83,70
jotr,2026-11-08,0.000,1.00,10.58,3,25,93,89,95,83,70
jotr,2026-11-09,0.009,1.00,10.60,3,25,93,89,95,83,70
jotr,2026-11-10,0.036,1.00,10.63,3,25,93,89,95,83,70
jotr,2026-11-11,0.080,0.99,10.65,3,25,93,89,95,82,70
jotr,2026-11-12,0.139,0.91,10.67,3,25,93,88,94,82,69
jotr,2026-11-13,0.211,0.82,10.69,3,25,91,87,93,81,68
jotr,2026-11-14,0.292,0.73,10.71,3,25,89,86,92,79,67
jotr,2026-11-15,0.381,0.64,10.74,3,25,86,83,89,77,64
jotr,2026-11-16,0.476,0.55,10.76,3,25,82,80,86,74,61
jotr,2026-11-17,0.574,0.46,10.78,3,25,77,76,82,70,57
jotr,2026-11-18,0.672,0.36,10.80,3,25,71,72,78,65,53
jotr,2026-11-19,0.766,0.27,10.82,3,25,64,66,73,60,48
jotr,2026-11-20,0.851,0.17,10.83,3,25,56,61,67,54,42
jotr,2026-11-21,0.922,0.07,10.85,3,25,47,54,61,48,36
jotr,2026-11-22,0.973,0.00,10.87,3,25,41,50,56,44,31
jotr,2026-11-23,0.998,0.00,10.89,3,25,40,49,55,43,30
jotr,2026-11-24,0.994,0.00,10.90,3,25,40,49,55,43,30
jotr,2026-11-25,0.961,0.00,10.92,3,25,42,50,57,44,32
jotr,2026-11-26,0.900,0.07,10.94,3,25,48,55,61,49,36
jotr,2026-11-27,0.817,0.18,10.95,3,25,58,62,68,56,43
jotr,2026-11-28,0.718,0.29,10.96,3,25,66,68,75,62,50
jotr,2026-11-29,0.610,0.40,10.98,3,25,74,74,80,68,55
jotr,2026-11-30,0.501,0.49,10.99,3,25,80,79,85,72,60
jotr,2026-12-01,0.394,0.59,11.00,3,39,85,79,89,76,64
jotr,2026-12-02,0.294,0.68,11.02,3,39,88,81,91,79,66
jotr,2026-12-03,0.206,0.77,11.03,3,39,91,83,93,81,68
jotr,2026-12-04,0.131,0.86,11.04,3,39,92,85,94,82,69
jotr,2026-12-05,0.071,0.95,11.05,3,39,93,85,95,82,70
katm,2026-10-07,0.065,0.98,8.64,2,85,94,74,95,83,70
katm,2026-10-08,0.022,1.00,8.73,2,85,94,74,96,83,71
katm,2026-10-09,0.002,1.00,8.82,2,85,94,74,96,83,71
katm,2026-10-10,0.004,1.00,8.91,2,85,94,75,96,83,71
katm,2026-10-11,0.027,1.00,8.99,2,85,95,75,96,83,71
katm,2026-10-12,0.068,1.00,9.08,2,85,95,75,96,84,71
katm,2026-10-13,0.126,1.00,9.16,2,85,95,75,96,84,71
katm,2026-10-14,0.197,1.00,9.25,2,85,95,75,96,84,71
katm,2026-10-15,0.278,1.00,9.33,2,85,95,75,96,84,71
katm,2026-10-16,0.367,1.00,9.41,2,85,95,75,97,84,72
katm,2026-10-17,0.460,0.85,9.49,2,85,92,73,94,82,69
katm,2026-10-18,0.555,0.70,9.58,2,85,87,69,90,78,65
katm,2026-10-19,0.649,0.55,9.65,2,85,80,64,85,73,60
katm,2026-10-20,0.740,0.40,9.73,2,85,72,58,79,67,54
katm,2026-10-21,0.824,0.25,9.81,2,85,63,51,72,60,47
katm,2026-10-22,0.896,0.10,9.89,2,85,54,44,65,53,40
katm,2026-10-23,0.953,0.00,9.97,2,85,46,38,59,47,34
katm,2026-10-24,0.989,0.00,10.04,2,85,44,37,58,45,33
katm,2026-10-25,1.000,0.00,10.12,2,85,43,36,58,45,33
katm,2026-10-26,0.984,0.00,10.19,2,85,44,37,58,46,33
katm,2026-10-27,0.941,0.00,10.26,2,85,46,39,60,47,35
katm,2026-10-28,0.872,0.00,10.34,2,85,50,41,63,50,38
katm,2026-10-29,0.783,0.00,10.41,2,85,55,45,66,54,41
katm,2026-10-30,0.680,0.06,10.48,2,85,63,51,72,60,47
katm,2026-10-31,0.568,0.23,10.55,2,85,73,59,80,67,55
katm,2026-11-01,0.451,0.39,10.62,2,83,82,66,87,74,62
katm,2026-11-02,0.343,0.54,10.68,2,83,88,70,91,79,66
katm,2026-11-03,0.244,0.68,10.75,2,83,93,74,94,82,69
katm,2026-11-04,0.159,0.82,10.82,2,83,95,76,96,84,71
katm,2026-11-05,0.091,0.95,10.88,2,83,96,77,97,85,72
katm,2026-11-06,0.040,1.00,10.94,2,83,97,77,98,85,73
katm,2026-11-07,0.010,1.00,11.01,2,83,97,77,98,85,73
katm,2026-11-08,0.000,1.00,11.07,2,83,97,77,98,85,73
katm,2026-11-09,0.010,1.00,11.13,2,83,97,77,98,85,73
katm,2026-11-10,0.038,1.00,11.19,2,83,97,77,98,85,73
katm,2026-11-11,0.083,1.00,11.25,2,83,97,77,98,85,73
katm,2026-11-12,0.142,1.00,11.31,2,83,97,77,98,85,73
katm,2026-11-13,0.214,0.99,11.36,2,83,97,77,97,85,72
katm,2026-11-14,0.296,0.87,11.42,2,83,95,75,96,83,71
katm,2026-11-15,0.385,0.74,11.47,2,83,91,73,94,81,69
katm,2026-11-16,0.480,0.62,11.53,2,83,87,69,90,78,65
katm,2026-11-17,0.578,0.50,11.58,2,83,81,65,86,73,61
katm,2026-11-18,0.676,0.38,11.63,2,83,74,60,81,68,56
katm,2026-11-19,0.770,0.25,11.68,2,83,66,54,74,62,49
katm,2026-11-20,0.854,0.12,11.73,2,83,57,47,67,55,42
katm,2026-11-21,0.925,0.00,11.77,2,83,47,40,61,48,36
katm,2026-11-22,0.974,0.00,11.82,2,83,45,38,59,46,34
katm,2026-11-23,0.998,0.00,11.86,2,83,43,37,58,45,33
katm,2026-11-24,0.993,0.00,11.91,2,83,44,37,58,45,33
katm,2026-11-25,0.959,0.00,11.95,2,83,46,38,59,47,34
katm,2026-11-26,0.897,0.00,11.99,2,83,49,41,62,49,37
katm,2026-11-27,0.813,0.06,12.03,2,83,56,46,67,54,42
katm,2026-11-28,0.714,0.20,12.07,2,83,66,54,75,62,50
katm,2026-11-29,0.606,0.34,12.10,2,83,75,61,82,69,57
katm,2026-11-30,0.496,0.47,12.14,2,83,83,66,87,75,62
katm,2026-12-01,0.389,0.59,12.17,2,86,88,70,91,79,66
katm,2026-12-02,0.290,0.71,12.20,2,86,92,73,94,82,69
katm,2026-12-03,0.202,0.83,12.23,2,86,95,75,96,84,71
katm,2026-12-04,0.128,0.95,12.26,2,86,96,76,97,85,72
katm,2026-12-05,0.069,1.00,12.29,2,86,97,76,98,85,73
kefj,2026-10-07,0.065,0.98,8.53,2,73,94,77,95,83,70
kefj,2026-10-08,0.022,1.00,8.63,2,73,94,77,95,83,70
kefj,2026-10-09,0.002,1.00,8.72,2,73,94,77,96,83,71
kefj,2026-10-10,0.004,1.00,8.81,2,73,94,77,96,83,71
kefj,2026-10-11,0.027,1.00,8.90,2,73,94,78,96,83,71
kefj,2026-10-12,0.068,1.00,8.99,2,73,95,78,96,83,71
kefj,2026-10-13,0.126,1.00,9.08,2,73,95,78,96,84,71
kefj,2026-10-14,0.197,1.00,9.17,2,73,95,78,96,84,71
kefj,2026-10-15,0.278,1.00,9.26,2,73,95,78,96,84,71
kefj,2026-10-16,0.367,1.00,9.34,2,73,95,78,97,84,72
kefj,2026-10-17,0.460,0.88,9.43,2,73,93,76,94,82,69
kefj,2026-10-18,0.555,0.72,9.51,2,73,87,72,91,78,66
kefj,2026-10-19,0.649,0.56,9.60,2,73,81,67,85,73,60
kefj,2026-10-20,0.740,0.41,9.68,2,73,73,61,79,67,54
kefj,2026-10-21,0.824,0.25,9.76,2,73,63,54,73,60,48
kefj,2026-10-22,0.896,0.10,9.85,2,73,53,47,65,53,40
kefj,2026-10-23,0.953,0.00,9.93,2,73,46,41,59,47,34
kefj,2026-10-24,0.989,0.00,10.00,2,73,44,40,58,45,33
kefj,2026-10-25,1.000,0.00,10.08,2,73,43,39,58,45,33
kefj,2026-10-26,0.984,0.00,10.16,2,73,44,40,58,46,33
kefj,2026-10-27,0.941,0.00,10.24,2,73,46,42,60,47,35
kefj,2026-10-28,0.872,0.00,10.31,2,73,50,44,63,50,38
kefj,2026-10-29,0.783,0.00,10.39,2,73,55,48,66,54,41
kefj,2026-10-30,0.680,0.03,10.46,2,73,62,53,71,59,46
kefj,2026-10-31,0.568,0.21,10.54,2,73,73,61,80,67,55
kefj,2026-11-01,0.451,0.38,10.61,2,66,82,70,86,74,61
kefj,2026-11-02,0.343,0.53,10.68,2,66,88,75,91,79,66
kefj,2026-11-03,0.244,0.68,10.75,2,66,92,78,94,82,69
kefj,2026-11-04,0.159,0.82,10.82,2,66,95,80,96,84,71
kefj,2026-11-05,0.091,0.95,10.89,2,66,96,81,97,85,72
kefj,2026-11-06,0.040,1.00,10.95,2,66,97,81,98,85,73
kefj,2026-11-07,0.010,1.00,11.02,2,66,97,81,98,85,73
kefj,2026-11-08,0.000,1.00,11.08,2,66,97,81,98,85,73
kefj,2026-11-09,0.010,1.00,11.15,2,66,97,81,98,85,73
kefj,2026-11-10,0.038,1.00,11.21,2,66,97,81,98,85,73
kefj,2026-11-11,0.083,1.00,11.27,2,66,97,81,98,85,73
kefj,2026-11-12,0.142,1.00,11.33,2,66,97,81,98,85,73
kefj,2026-11-13,0.214,1.00,11.39,2,66,97,81,98,85,73
kefj,2026-11-14,0.296,0.89,11.45,2,66,95,80,96,84,71
kefj,2026-11-15,0.385,0.76,11.51,2,66,92,77,94,81,69
kefj,2026-11-16,0.480,0.63,11.56,2,66,87,74,90,78,65
kefj,2026-11-17,0.578,0.50,11.62,2,66,81,70,86,74,61
kefj,2026-11-18,0.676,0.38,11.67,2,66,74,64,81,68,56
kefj,2026-11-19,0.770,0.25,11.72,2,66,66,58,75,62,50
kefj,2026-11-20,0.854,0.12,11.78,2,66,57,51,67,55,42
kefj,2026-11-21,0.925,0.00,11.82,2,66,47,44,61,48,36
kefj,2026-11-22,0.974,0.00,11.87,2,66,45,42,59,46,34
kefj,2026-11-23,0.998,0.00,11.92,2,66,43,41,58,45,33
kefj,2026-11-24,0.993,0.00,11.97,2,66,44,41,58,45,33
kefj,2026-11-25,0.959,0.00,12.01,2,66,46,43,59,47,34
kefj,2026-11-26,0.897,0.00,12.05,2,66,49,45,62,49,37
kefj,2026-11-27,0.813,0.04,12.09,2,66,55,50,66,54,41
kefj,2026-11-28,0.714,0.19,12.13,2,66,66,58,74,62,49
kefj,2026-11-29,0.606,0.34,12.17,2,66,75,65,81,69,56
kefj,2026-11-30,0.496,0.47,12.21,2,66,83,70,87,74,62
kefj,2026-12-01,0.389,0.59,12.24,2,77,88,72,91,79,66
kefj,2026-12-02,0.290,0.71,12.27,2,77,92,75,94,82,69
kefj,2026-12-03,0.202,0.83,12.31,2,77,95,77,96,84,71
kefj,2026-12-04,0.128,0.95,12.34,2,77,96,78,97,85,72
kefj,2026-12-05,0.069,1.00,12.36,2,77,97,78,98,85,73
kica,2026-10-07,0.068,0.94,9.59,3,20,92,89,94,82,69
kica,2026-10-08,0.024,1.00,9.62,3,20,93,89,94,82,69
kica,2026-10-09,0.002,1.00,9.66,3,20,93,89,94,82,69
kica,2026-10-10,0.003,1.00,9.70,3,20,93,90,95,82,70
kica,2026-10-11,0.025,1.00,9.74,3,20,93,90,95,82,70
kica,2026-10-12,0.066,1.00,9.77,3,20,93,90,95,82,70
kica,2026-10-13,0.124,0.99,9.81,3,20,93,90,95,82,70
kica,2026-10-14,0.194,0.92,9.85,3,20,92,89,94,82,69
kica,2026-10-15,0.275,0.83,9.88,3,20,91,88,93,80,68
kica,2026-10-16,0.363,0.74,9.92,3,20,88,86,91,79,66
kica,2026-10-17,0.456,0.64,9.96,3,20,85,83,88,76,63
kica,2026-10-18,0.551,0.54,9.99,3,20,80,80,85,72,60
kica,2026-10-19,0.645,0.44,10.03,3,20,74,75,80,68,55
kica,2026-10-20,0.736,0.33,10.06,3,20,67,70,75,63,50
kica,2026-10-21,0.820,0.23,10.10,3,20,60,65,70,57,45
kica,2026-10-22,0.893,0.13,10.13,3,20,52,59,64,51,39
kica,2026-10-23,0.951,0.02,10.16,3,20,44,53,58,45,33
kica,2026-10-24,0.988,0.00,10.20,3,20,41,50,55,43,30
kica,2026-10-25,1.000,0.00,10.23,3,20,40,50,55,43,30
kica,2026-10-26,0.985,0.00,10.26,3,20,41,51,56,43,31
kica,2026-10-27,0.943,0.00,10.29,3,20,43,52,57,45,32
kica,2026-10-28,0.876,0.03,10.33,3,20,48,56,61,49,36
kica,2026-10-29,0.787,0.14,10.36,3,20,57,63,68,55,43
kica,2026-10-30,0.684,0.25,10.39,3,20,66,70,75,62,50
kica,2026-10-31,0.573,0.37,10.42,3,20,74,76,81,68,56
kica,2026-11-01,0.456,0.49,10.45,3,34,81,77,86,73,61
kica,2026-11-02,0.347,0.60,10.48,3,34,86,81,89,77,64
kica,2026-11-03,0.248,0.70,10.51,3,34,89,84,92,80,67
kica,2026-11-04,0.163,0.80,10.54,3,34,92,85,94,81,69
kica,2026-11-05,0.093,0.90,10.57,3,34,93,86,95,82,70
kica,2026-11-06,0.042,1.00,10.59,3,34,93,86,95,82,70
kica,2026-11-07,0.011,1.00,10.62,3,34,93,87,95,83,70
kica,2026-11-08,0.000,1.00,10.65,3,34,93,87,95,83,70
kica,2026-11-09,0.009,1.00,10.68,3,34,93,87,95,83,70
kica,2026-11-10,0.036,1.00,10.70,3,34,93,87,95,83,70
kica,2026-11-11,0.080,1.00,10.73,3,34,93,87,95,83,70
kica,2026-11-12,0.139,0.92,10.75,3,34,93,86,95,82,70
kica,2026-11-13,0.211,0.83,10.78,3,34,91,85,94,81,69
kica,2026-11-14,0.292,0.74,10.80,3,34,89,83,92,79,67
kica,2026-11-15,0.381,0.64,10.83,3,34,86,81,90,77,65
kica,2026-11-16,0.476,0.55,10.85,3,34,82,78,86,74,61
kica,2026-11-17,0.574,0.46,10.87,3,34,77,74,83,70,58
kica,2026-11-18,0.672,0.37,10.90,3,34,71,69,78,65,53
kica,2026-11-19,0.766,0.27,10.92,3,34,64,64,73,60,48
kica,2026-11-20,0.851,0.17,10.94,3,34,56,58,67,54,42
kica,2026-11-21,0.922,0.06,10.96,3,34,47,52,60,48,35
kica,2026-11-22,0.973,0.00,10.98,3,34,41,48,56,44,31
kica,2026-11-23,0.998,0.00,11.00,3,34,40,47,55,43,30
kica,2026-11-24,0.994,0.00,11.02,3,34,40,47,55,43,30
kica,2026-11-25,0.961,0.00,11.04,3,34,42,48,57,44,32
kica,2026-11-26,0.900,0.06,11.05,3,34,48,52,61,48,36
kica,2026-11-27,0.817,0.17,11.07,3,34,57,59,68,55,43
kica,2026-11-28,0.718,0.28,11.09,3,34,66,66,74,62,49
kica,2026-11-29,0.610,0.39,11.10,3,34,73,72,80,68,55
kica,2026-11-30,0.501,0.49,11.12,3,34,80,76,85,72,60
kica,2026-12-01,0.394,0.59,11.13,3,52,85,76,89,76,64
kica,2026-12-02,0.294,0.68,11.14,3,52,88,78,91,79,66
kica,2026-12-03,0.206,0.77,11.16,3,52,91,80,93,81,68
kica,2026-12-04,0.131,0.87,11.17,3,52,92,81,94,82,69
kica,2026-12-05,0.071,0.96,11.18,3,52,93,82,95,82,70
kova,2026-10-07,0.065,1.00,7.49,2,70,92,76,94,81,69
kova,2026-10-08,0.022,1.00,7.63,2,70,92,76,94,81,69
kova,2026-10-09,0.002,1.00,7.77,2,70,92,77,94,82,69
kova,2026-10-10,0.004,1.00,7.91,2,70,92,77,94,82,69
kova,2026-10-11,0.027,1.00,8.05,2,70,93,77,95,82,70
kova,2026-10-12,0.068,1.00,8.18,2,70,93,77,95,82,70
kova,2026-10-13,0.126,1.00,8.31,2,70,93,77,95,82,70
kova,2026-10-14,0.197,1.00,8.44,2,70,94,78,95,83,70
kova,2026-10-15,0.278,1.00,8.57,2,70,94,78,95,83,70
kova,2026-10-16,0.367,1.00,8.69,2,70,94,78,96,83,71
kova,2026-10-17,0.460,1.00,8.82,2,70,94,78,96,83,71
kova,2026-10-18,0.555,0.98,8.94,2,70,94,78,95,83,70
kova,2026-10-19,0.649,0.68,9.06,2,70,84,70,88,75,63
kova,2026-10-20,0.740,0.47,9.18,2,70,74,63,80,68,55
kova,2026-10-21,0.824,0.27,9.30,2,70,63,55,72,60,47
kova,2026-10-22,0.896,0.08,9.41,2,70,51,46,63,51,38
kova,2026-10-23,0.953,0.00,9.53,2,70,45,41,59,46,34
kova,2026-10-24,0.989,0.00,9.64,2,70,43,40,57,45,32
kova,2026-10-25,1.000,0.00,9.75,2,70,43,40,57,45,32
kova,2026-10-26,0.984,0.00,9.86,2,70,44,40,58,45,33
kova,2026-10-27,0.941,0.00,9.97,2,70,46,42,60,47,35
kova,2026-10-28,0.872,0.00,10.08,2,70,50,45,63,50,38
kova,2026-10-29,0.783,0.00,10.18,2,70,55,49,66,54,41
kova,2026-10-30,0.680,0.00,10.29,2,70,60,53,70,58,45
kova,2026-10-31,0.568,0.00,10.39,2,70,66,57,75,62,50
kova,2026-11-01,0.451,0.28,10.49,2,64,79,68,84,72,59
kova,2026-11-02,0.343,0.48,10.59,2,64,87,74,90,78,65
kova,2026-11-03,0.244,0.66,10.69,2,64,92,78,94,82,69
kova,2026-11-04,0.159,0.83,10.79,2,64,95,80,96,84,71
kova,2026-11-05,0.091,1.00,10.88,2,64,97,81,97,85,72
kova,2026-11-06,0.040,1.00,10.98,2,64,97,82,98,85,73
kova,2026-11-07,0.010,1.00,11.07,2,64,97,82,98,85,73
kova,2026-11-08,0.000,1.00,11.16,2,64,97,82,98,85,73
kova,2026-11-09,0.010,1.00,11.25,2,64,97,82,98,85,73
kova,2026-11-10,0.038,1.00,11.34,2,64,97,82,98,85,73
kova,2026-11-11,0.083,1.00,11.42,2,64,97,82,98,85,73
kova,2026-11-12,0.142,1.00,11.51,2,64,97,82,98,85,73
kova,2026-11-13,0.214,1.00,11.59,2,64,97,82,98,85,73
kova,2026-11-14,0.296,1.00,11.67,2,64,97,82,98,85,73
kova,2026-11-15,0.385,0.86,11.75,2,64,94,79,95,83,70
kova,2026-11-16,0.480,0.69,11.83,2,64,89,76,92,79,67
kova,2026-11-17,0.578,0.54,11.91,2,64,82,71,87,74,62
kova,2026-11-18,0.676,0.39,11.98,2,64,75,65,81,68,56
kova,2026-11-19,0.770,0.24,12.06,2,64,65,58,74,62,49
kova,2026-11-20,0.854,0.08,12.13,2,64,55,50,66,54,41
kova,2026-11-21,0.925,0.00,12.20,2,64,47,45,61,48,36
kova,2026-11-22,0.974,0.00,12.27,2,64,45,43,59,46,34
kova,2026-11-23,0.998,0.00,12.33,2,64,43,42,58,45,33
kova,2026-11-24,0.993,0.00,12.40,2,64,44,42,58,45,33
kova,2026-11-25,0.959,0.00,12.46,2,64,46,43,59,47,34
kova,2026-11-26,0.897,0.00,12.52,2,64,49,46,62,49,37
kova,2026-11-27,0.813,0.00,12.58,2,64,53,49,65,52,40
kova,2026-11-28,0.714,0.10,12.63,2,64,63,56,72,59,47
kova,2026-11-29,0.606,0.29,12.68,2,64,74,64,80,68,55
kova,2026-11-30,0.496,0.45,12.74,2,64,82,71,87,74,62
kova,2026-12-01,0.389,0.59,12.79,2,64,88,75,91,79,66
kova,2026-12-02,0.290,0.73,12.83,2,64,93,78,94,82,69
kova,2026-12-03,0.202,0.88,12.88,2,64,95,80,96,84,71
kova,2026-12-04,0.128,1.00,12.92,2,64,97,82,98,85,73
kova,2026-12-05,0.069,1.00,12.96,2,64,97,82,98,85,73
lacl,2026-10-07,0.065,0.99,8.46,2,84,94,74,95,83,70
lacl,2026-10-08,0.022,1.00,8.55,2,84,94,74,95,83,70
lacl,2026-10-09,0.002,1.00,8.65,2,84,94,74,95,83,70
lacl,2026-10-10,0.004,1.00,8.75,2,84,94,75,96,83,71
lacl,2026-10-11,0.027,1.00,8.84,2,84,94,75,96,83,71
lacl,2026-10-12,0.068,1.00,8.93,2,84,95,75,96,83,71
lacl,2026-10-13,0.126,1.00,9.03,2,84,95,75,96,84,71
lacl,2026-10-14,0.197,1.00,9.12,2,84,95,75,96,84,71
lacl,2026-10-15,0.278,1.00,9.21,2,84,95,75,96,84,71
lacl,2026-10-16,0.367,1.00,9.30,2,84,95,75,96,84,71
lacl,2026-10-17,0.460,0.90,9.39,2,84,93,74,95,82,70
lacl,2026-10-18,0.555,0.73,9.47,2,84,88,70,91,78,66
lacl,2026-10-19,0.649,0.57,9.56,2,84,81,65,86,73,61
lacl,2026-10-20,0.740,0.41,9.65,2,84,73,58,79,67,54
lacl,2026-10-21,0.824,0.25,9.73,2,84,63,52,73,60,48
lacl,2026-10-22,0.896,0.10,9.82,2,84,53,44,65,52,40
lacl,2026-10-23,0.953,0.00,9.90,2,84,46,38,59,47,34
lacl,2026-10-24,0.989,0.00,9.98,2,84,44,37,58,45,33
lacl,2026-10-25,1.000,0.00,10.06,2,84,43,37,58,45,33
lacl,2026-10-26,0.984,0.00,10.14,2,84,44,37,58,46,33
lacl,2026-10-27,0.941,0.00,10.22,2,84,46,39,60,47,35
lacl,2026-10-28,0.872,0.00,10.30,2,84,50,42,63,50,38
lacl,2026-10-29,0.783,0.00,10.38,2,84,55,45,66,54,41
lacl,2026-10-30,0.680,0.02,10.45,2,84,61,50,71,58,46
lacl,2026-10-31,0.568,0.20,10.53,2,84,72,58,79,67,54
lacl,2026-11-01,0.451,0.37,10.60,2,82,82,66,86,74,61
lacl,2026-11-02,0.343,0.53,10.68,2,82,88,71,91,79,66
lacl,2026-11-03,0.244,0.68,10.75,2,82,92,74,94,82,69
lacl,2026-11-04,0.159,0.82,10.82,2,82,95,76,96,84,71
lacl,2026-11-05,0.091,0.96,10.89,2,82,96,77,97,85,72
lacl,2026-11-06,0.040,1.00,10.96,2,82,97,77,98,85,73
lacl,2026-11-07,0.010,1.00,11.03,2,82,97,77,98,85,73
lacl,2026-11-08,0.000,1.00,11.09,2,82,97,77,98,85,73
lacl,2026-11-09,0.010,1.00,11.16,2,82,97,77,98,85,73
lacl,2026-11-10,0.038,1.00,11.23,2,82,97,77,98,85,73
lacl,2026-11-11,0.083,1.00,11.29,2,82,97,77,98,85,73
lacl,2026-11-12,0.142,1.00,11.35,2,82,97,77,98,85,73
lacl,2026-11-13,0.214,1.00,11.41,2,82,97,77,98,85,73
lacl,2026-11-14,0.296,0.90,11.47,2,82,95,76,96,84,71
lacl,2026-11-15,0.385,0.76,11.53,2,82,92,73,94,81,69
lacl,2026-11-16,0.480,0.63,11.59,2,82,87,70,90,78,65
lacl,2026-11-17,0.578,0.51,11.65,2,82,81,66,86,74,61
lacl,2026-11-18,0.676,0.38,11.70,2,82,74,60,81,68,56
lacl,2026-11-19,0.770,0.25,11.76,2,82,66,54,74,62,49
lacl,2026-11-20,0.854,0.12,11.81,2,82,56,47,67,55,42
lacl,2026-11-21,0.925,0.00,11.86,2,82,47,40,61,48,36
lacl,2026-11-22,0.974,0.00,11.91,2,82,45,38,59,46,34
lacl,2026-11-23,0.998,0.00,11.96,2,82,43,37,58,45,33
lacl,2026-11-24,0.993,0.00,12.00,2,82,44,37,58,45,33
lacl,2026-11-25,0.959,0.00,12.05,2,82,46,39,59,47,34
lacl,2026-11-26,0.897,0.00,12.09,2,82,49,41,62,49,37
lacl,2026-11-27,0.813,0.03,12.13,2,82,55,45,66,53,41
lacl,2026-11-28,0.714,0.19,12.18,2,82,66,54,74,62,49
lacl,2026-11-29,0.606,0.33,12.21,2,82,75,61,81,69,56
lacl,2026-11-30,0.496,0.47,12.25,2,82,83,66,87,74,62
lacl,2026-12-01,0.389,0.59,12.29,2,84,88,70,91,79,66
lacl,2026-12-02,0.290,0.71,12.32,2,84,92,73,94,82,69
lacl,2026-12-03,0.202,0.83,12.36,2,84,95,75,96,84,71
lacl,2026-12-04,0.128,0.96,12.39,2,84,96,76,97,85,72
lacl,2026-12-05,0.069,1.00,12.42,2,84,97,77,98,85,73
lavo,2026-10-07,0.068,0.94,9.51,2,30,95,89,97,84,72
lavo,2026-10-08,0.024,1.00,9.56,2,30,96,89,97,84,72
lavo,2026-10-09,0.002,1.00,9.60,2,30,96,89,97,84,72
lavo,2026-10-10,0.003,1.00,9.64,2,30,96,89,97,84,72
lavo,2026-10-11,0.025,1.00,9.68,2,30,96,90,97,85,72
lavo,2026-10-12,0.066,1.00,9.73,2,30,96,90,97,85,72
lavo,2026-10-13,0.124,1.00,9.77,2,30,96,90,97,85,72
lavo,2026-10-14,0.194,0.94,9.81,2,30,96,89,97,84,72
lavo,2026-10-15,0.275,0.86,9.85,2,30,94,88,96,83,71
lavo,2026-10-16,0.363,0.76,9.89,2,30,92,86,94,81,69
lavo,2026-10-17,0.456,0.66,9.94,2,30,88,84,91,79,66
lavo,2026-10-18,0.551,0.56,9.98,2,30,84,80,88,75,63
lavo,2026-10-19,0.645,0.45,10.02,2,30,78,76,83,71,58
lavo,2026-10-20,0.736,0.34,10.06,2,30,71,71,78,66,53
lavo,2026-10-21,0.820,0.23,10.09,2,30,63,65,72,60,47
lavo,2026-10-22,0.893,0.13,10.13,2,30,55,59,66,54,41
lavo,2026-10-23,0.951,0.01,10.17,2,30,47,53,60,48,35
lavo,2026-10-24,0.988,0.00,10.21,2,30,44,50,58,45,33
lavo,2026-10-25,1.000,0.00,10.25,2,30,43,50,58,45,33
lavo,2026-10-26,0.985,0.00,10.29,2,30,44,51,58,46,33
lavo,2026-10-27,0.943,0.00,10.32,2,30,46,52,60,47,35
lavo,2026-10-28,0.876,0.01,10.36,2,30,51,55,63,50,38
lavo,2026-10-29,0.787,0.12,10.40,2,30,60,62,70,57,45
lavo,2026-10-30,0.684,0.23,10.43,2,30,69,69,77,64,52
lavo,2026-10-31,0.573,0.36,10.47,2,30,77,75,83,70,58
lavo,2026-11-01,0.456,0.48,10.50,2,52,84,75,88,75,63
lavo,2026-11-02,0.347,0.59,10.54,2,52,89,79,92,79,67
lavo,2026-11-03,0.248,0.70,10.57,2,52,93,81,94,82,69
lavo,2026-11-04,0.163,0.80,10.60,2,52,95,83,96,84,71
lavo,2026-11-05,0.093,0.90,10.64,2,52,96,84,97,85,72
lavo,2026-11-06,0.042,1.00,10.67,2,52,97,85,98,85,73
lavo,2026-11-07,0.011,1.00,10.70,2,52,97,85,98,85,73
lavo,2026-11-08,0.000,1.00,10.73,2,52,97,85,98,85,73
lavo,2026-11-09,0.009,1.00,10.76,2,52,97,85,98,85,73
lavo,2026-11-10,0.036,1.00,10.79,2,52,97,85,98,85,73
lavo,2026-11-11,0.080,1.00,10.82,2,52,97,85,98,85,73
lavo,2026-11-12,0.139,0.94,10.85,2,52,96,84,97,85,72
lavo,2026-11-13,0.211,0.85,10.88,2,52,95,83,96,84,71
lavo,2026-11-14,0.292,0.75,10.91,2,52,93,82,95,82,70
lavo,2026-11-15,0.381,0.66,10.94,2,52,90,79,92,80,67
lavo,2026-11-16,0.476,0.56,10.96,2,52,86,76,89,77,64
lavo,2026-11-17,0.574,0.46,10.99,2,52,80,72,85,73,60
lavo,2026-11-18,0.672,0.37,11.01,2,52,74,68,81,68,56
lavo,2026-11-19,0.766,0.27,11.04,2,52,67,62,75,63,50
lavo,2026-11-20,0.851,0.17,11.06,2,52,59,56,69,57,44
lavo,2026-11-21,0.922,0.06,11.09,2,52,50,50,63,50,38
lavo,2026-11-22,0.973,0.00,11.11,2,52,45,46,59,46,34
lavo,2026-11-23,0.998,0.00,11.13,2,52,43,45,58,45,33
lavo,2026-11-24,0.994,0.00,11.15,2,52,44,45,58,45,33
lavo,2026-11-25,0.961,0.00,11.18,2,52,45,46,59,47,34
lavo,2026-11-26,0.900,0.04,11.20,2,52,51,50,63,51,38
lavo,2026-11-27,0.817,0.16,11.22,2,52,60,57,70,57,45
lavo,2026-11-28,0.718,0.27,11.23,2,52,69,64,77,64,52
lavo,2026-11-29,0.610,0.38,11.25,2,52,77,69,82,70,57
lavo,2026-11-30,0.501,0.49,11.27,2,52,83,74,87,75,62
lavo,2026-12-01,0.394,0.59,11.29,2,65,88,75,91,79,66
lavo,2026-12-02,0.294,0.68,11.30,2,65,92,78,94,81,69
lavo,2026-12-03,0.206,0.78,11.32,2,65,94,79,96,83,71
lavo,2026-12-04,0.131,0.87,11.33,2,65,96,81,97,84,72
lavo,2026-12-05,0.071,0.97,11.34,2,65,97,81,97,85,72
maca,2026-10-07,0.072,0.93,9.58,4,46,89,80,92,79,67
maca,2026-10-08,0.026,1.00,9.62,4,46,89,80,92,79,67
maca,2026-10-09,0.003,1.00,9.65,4,46,89,80,92,79,67
maca,2026-10-10,0.002,1.00,9.69,4,46,89,81,92,80,67
maca,2026-10-11,0.023,1.00,9.73,4,46,89,81,92,80,67
maca,2026-10-12,0.062,1.00,9.77,4,46,90,81,92,80,67
maca,2026-10-13,0.118,1.00,9.81,4,46,90,81,92,80,67
maca,2026-10-14,0.188,0.93,9.84,4,46,89,80,92,79,67
maca,2026-10-15,0.268,0.84,9.88,4,46,88,79,91,78,66
maca,2026-10-16,0.355,0.75,9.92,4,46,85,77,89,76,64
maca,2026-10-17,0.448,0.65,9.95,4,46,82,75,86,74,61
maca,2026-10-18,0.543,0.55,9.99,4,46,77,71,83,70,58
maca,2026-10-19,0.638,0.45,10.02,4,46,71,67,78,66,53
maca,2026-10-20,0.729,0.34,10.06,4,46,64,62,73,61,48
maca,2026-10-21,0.814,0.24,10.09,4,46,57,56,68,55,43
maca,2026-10-22,0.888,0.14,10.13,4,46,49,50,62,49,37
maca,2026-10-23,0.947,0.03,10.16,4,46,41,44,56,43,31
maca,2026-10-24,0.985,0.00,10.19,4,46,37,42,53,41,28
maca,2026-10-25,1.000,0.00,10.23,4,46,37,41,53,40,28
maca,2026-10-26,0.988,0.00,10.26,4,46,37,41,53,40,28
maca,2026-10-27,0.948,0.00,10.29,4,46,39,43,55,42,30
maca,2026-10-28,0.882,0.02,10.33,4,46,44,47,58,46,33
maca,2026-10-29,0.795,0.13,10.36,4,46,53,53,65,52,40
maca,2026-10-30,0.693,0.24,10.39,4,46,62,60,71,59,46
maca,2026-10-31,0.582,0.36,10.42,4,46,70,66,78,65,53
maca,2026-11-01,0.465,0.48,10.45,4,55,77,69,83,70,58
maca,2026-11-02,0.356,0.59,10.48,4,55,82,73,87,74,62
maca,2026-11-03,0.256,0.69,10.51,4,55,86,76,89,77,64
maca,2026-11-04,0.169,0.79,10.54,4,55,88,77,91,79,66
maca,2026-11-05,0.098,0.89,10.57,4,55,89,78,92,80,67
maca,2026-11-06,0.046,0.99,10.60,4,55,90,79,92,80,67
maca,2026-11-07,0.013,1.00,10.63,4,55,90,79,93,80,68
maca,2026-11-08,0.000,1.00,10.65,4,55,90,79,93,80,68
maca,2026-11-09,0.007,1.00,10.68,4,55,90,79,93,80,68
maca,2026-11-10,0.033,1.00,10.71,4,55,90,79,93,80,68
maca,2026-11-11,0.076,1.00,10.73,4,55,90,79,93,80,68
maca,2026-11-12,0.134,0.93,10.76,4,55,89,78,92,80,67
maca,2026-11-13,0.204,0.84,10.79,4,55,88,77,91,79,66
maca,2026-11-14,0.285,0.75,10.81,4,55,86,76,90,77,65
maca,2026-11-15,0.374,0.65,10.83,4,55,83,74,87,75,62
maca,2026-11-16,0.468,0.56,10.86,4,55,79,71,84,72,59
maca,2026-11-17,0.566,0.47,10.88,4,55,74,67,80,68,55
maca,2026-11-18,0.664,0.37,10.90,4,55,68,62,76,63,51
maca,2026-11-19,0.758,0.28,10.93,4,55,61,57,71,58,46
maca,2026-11-20,0.844,0.18,10.95,4,55,53,51,65,52,40
maca,2026-11-21,0.917,0.07,10.97,4,55,45,45,58,46,33
maca,2026-11-22,0.969,0.00,10.99,4,55,38,40,54,41,29
maca,2026-11-23,0.997,0.00,11.01,4,55,37,39,53,40,28
maca,2026-11-24,0.996,0.00,11.03,4,55,37,39,53,40,28
maca,2026-11-25,0.965,0.00,11.05,4,55,39,40,54,41,29
maca,2026-11-26,0.906,0.04,11.06,4,55,44,44,58,45,33
maca,2026-11-27,0.824,0.16,11.08,4,55,53,51,65,52,40
maca,2026-11-28,0.727,0.27,11.10,4,55,62,58,71,59,46
maca,2026-11-29,0.620,0.38,11.11,4,55,70,63,77,65,52
maca,2026-11-30,0.510,0.48,11.13,4,55,76,68,82,69,57
maca,2026-12-01,0.402,0.58,11.14,4,64,81,70,86,73,61
maca,2026-12-02,0.302,0.67,11.16,4,64,85,73,89,76,64
maca,2026-12-03,0.213,0.77,11.17,4,64,87,75,91,78,66
maca,2026-12-04,0.136,0.86,11.18,4,64,89,76,92,79,67
maca,2026-12-05,0.076,0.95,11.19,4,64,90,76,92,80,67
meve,2026-10-07,0.070,0.93,9.58,3,28,92,87,94,82,69
meve,2026-10-08,0.025,1.00,9.62,3,28,93,87,94,82,69
meve,2026-10-09,0.003,1.00,9.66,3,28,93,87,94,82,69
meve,2026-10-10,0.003,1.00,9.69,3,28,93,88,95,82,70
meve,2026-10-11,0.024,1.00,9.73,3,28,93,88,95,82,70
meve,2026-10-12,0.064,1.00,9.77,3,28,93,88,95,82,70
meve,2026-10-13,0.121,1.00,9.81,3,28,93,88,95,82,70
meve,2026-10-14,0.191,0.92,9.84,3,28,92,87,94,82,69
meve,2026-10-15,0.271,0.84,9.88,3,28,91,86,93,81,68
meve,2026-10-16,0.359,0.75,9.92,3,28,88,84,91,79,66
meve,2026-10-17,0.452,0.65,9.95,3,28,85,82,89,76,64
meve,2026-10-18,0.547,0.54,9.99,3,28,80,78,85,73,60
meve,2026-10-19,0.642,0.44,10.02,3,28,74,74,81,68,56
meve,2026-10-20,0.733,0.34,10.06,3,28,67,69,76,63,51
meve,2026-10-21,0.817,0.23,10.09,3,28,60,63,70,57,45
meve,2026-10-22,0.891,0.13,10.13,3,28,52,57,64,52,39
meve,2026-10-23,0.949,0.02,10.16,3,28,44,51,58,45,33
meve,2026-10-24,0.986,0.00,10.20,3,28,41,49,56,43,31
meve,2026-10-25,1.000,0.00,10.23,3,28,40,48,55,43,30
meve,2026-10-26,0.986,0.00,10.26,3,28,41,49,56,43,31
meve,2026-10-27,0.945,0.00,10.30,3,28,43,50,57,45,32
meve,2026-10-28,0.879,0.03,10.33,3,28,48,54,61,48,36
meve,2026-10-29,0.791,0.13,10.36,3,28,57,61,68,55,43
meve,2026-10-30,0.689,0.25,10.39,3,28,66,67,74,62,49
meve,2026-10-31,0.578,0.37,10.42,3,28,74,73,80,68,55
meve,2026-11-01,0.460,0.48,10.45,3,31,81,78,85,73,60
meve,2026-11-02,0.352,0.59,10.48,3,31,86,82,89,77,64
meve,2026-11-03,0.252,0.70,10.51,3,31,89,84,92,79,67
meve,2026-11-04,0.166,0.80,10.54,3,31,92,86,94,81,69
meve,2026-11-05,0.096,0.90,10.57,3,31,93,87,95,82,70
meve,2026-11-06,0.044,1.00,10.60,3,31,93,87,95,82,70
meve,2026-11-07,0.012,1.00,10.63,3,31,93,87,95,83,70
meve,2026-11-08,0.000,1.00,10.66,3,31,93,87,95,83,70
meve,2026-11-09,0.008,1.00,10.68,3,31,93,87,95,83,70
meve,2026-11-10,0.035,1.00,10.71,3,31,93,87,95,83,70
meve,2026-11-11,0.078,1.00,10.74,3,31,93,87,95,83,70
meve,2026-11-12,0.137,0.92,10.76,3,31,93,87,95,82,70
meve,2026-11-13,0.208,0.83,10.79,3,31,91,86,94,81,69
meve,2026-11-14,0.289,0.74,10.81,3,31,89,84,92,80,67
meve,2026-11-15,0.378,0.65,10.84,3,31,86,82,90,77,65
meve,2026-11-16,0.472,0.56,10.86,3,31,82,79,87,74,62
meve,2026-11-17,0.570,0.46,10.88,3,31,77,75,83,70,58
meve,2026-11-18,0.668,0.37,10.91,3,31,71,70,78,66,53
meve,2026-11-19,0.762,0.27,10.93,3,31,64,65,73,60,48
meve,2026-11-20,0.848,0.17,10.95,3,31,56,59,67,54,42
meve,2026-11-21,0.919,0.07,10.97,3,31,47,53,61,48,36
meve,2026-11-22,0.971,0.00,10.99,3,31,42,48,56,44,31
meve,2026-11-23,0.997,0.00,11.01,3,31,40,47,55,43,30
meve,2026-11-24,0.995,0.00,11.03,3,31,40,47,55,43,30
meve,2026-11-25,0.963,0.00,11.05,3,31,42,49,56,44,31
meve,2026-11-26,0.903,0.05,11.07,3,31,48,53,61,48,36
meve,2026-11-27,0.821,0.17,11.08,3,31,57,60,68,55,43
meve,2026-11-28,0.722,0.28,11.10,3,31,66,66,74,62,49
meve,2026-11-29,0.615,0.39,11.12,3,31,73,72,80,67,55
meve,2026-11-30,0.505,0.49,11.13,3,31,80,77,85,72,60
meve,2026-12-01,0.398,0.59,11.15,3,44,85,77,88,76,63
meve,2026-12-02,0.298,0.68,11.16,3,44,88,80,91,79,66
meve,2026-12-03,0.209,0.77,11.17,3,44,91,82,93,81,68
meve,2026-12-04,0.134,0.86,11.19,3,44,92,83,94,82,69
meve,2026-12-05,0.074,0.96,11.20,3,44,93,84,95,82,70
mora,2026-10-07,0.068,0.94,9.32,3,65,92,78,94,81,69
mora,2026-10-08,0.024,1.00,9.38,3,65,92,78,94,82,69
mora,2026-10-09,0.002,1.00,9.43,3,65,92,78,94,82,69
mora,2026-10-10,0.003,1.00,9.49,3,65,92,78,94,82,69
mora,2026-10-11,0.025,1.00,9.54,3,65,92,78,94,82,69
mora,2026-10-12,0.066,1.00,9.59,3,65,93,78,94,82,69
mora,2026-10-13,0.124,1.00,9.65,3,65,93,78,94,82,69
mora,2026-10-14,0.194,1.00,9.70,3,65,93,78,95,82,70
mora,2026-10-15,0.275,0.92,9.75,3,65,92,77,94,81,69
mora,2026-10-16,0.363,0.82,9.80,3,65,89,76,92,80,67
mora,2026-10-17,0.456,0.71,9.86,3,65,86,73,89,77,64
mora,2026-10-18,0.551,0.59,9.91,3,65,81,70,86,73,61
mora,2026-10-19,0.645,0.48,9.96,3,65,75,65,81,69,56
mora,2026-10-20,0.736,0.36,10.01,3,65,68,60,76,64,51
mora,2026-10-21,0.820,0.24,10.06,3,65,60,54,70,58,45
mora,2026-10-22,0.893,0.12,10.11,3,65,52,47,64,51,39
mora,2026-10-23,0.951,0.00,10.16,3,65,43,41,57,45,32
mora,2026-10-24,0.988,0.00,10.20,3,65,41,39,55,43,30
mora,2026-10-25,1.000,0.00,10.25,3,65,40,39,55,43,30
mora,2026-10-26,0.985,0.00,10.30,3,65,41,39,56,43,31
mora,2026-10-27,0.943,0.00,10.35,3,65,43,41,57,45,32
mora,2026-10-28,0.876,0.00,10.39,3,65,47,44,60,47,35
mora,2026-10-29,0.787,0.07,10.44,3,65,54,49,66,53,41
mora,2026-10-30,0.684,0.19,10.48,3,65,64,57,73,60,48
mora,2026-10-31,0.573,0.32,10.53,3,65,73,63,79,67,54
mora,2026-11-01,0.456,0.45,10.57,3,78,80,65,85,72,60
mora,2026-11-02,0.347,0.57,10.62,3,78,85,70,89,77,64
mora,2026-11-03,0.248,0.69,10.66,3,78,89,72,92,79,67
mora,2026-11-04,0.163,0.80,10.70,3,78,92,74,94,81,69
mora,2026-11-05,0.093,0.91,10.74,3,78,93,75,95,82,70
mora,2026-11-06,0.042,1.00,10.78,3,78,93,76,95,83,70
mora,2026-11-07,0.011,1.00,10.82,3,78,93,76,95,83,70
mora,2026-11-08,0.000,1.00,10.86,3,78,93,76,95,83,70
mora,2026-11-09,0.009,1.00,10.90,3,78,93,76,95,83,70
mora,2026-11-10,0.036,1.00,10.94,3,78,93,76,95,83,70
mora,2026-11-11,0.080,1.00,10.98,3,78,93,76,95,83,70
mora,2026-11-12,0.139,0.98,11.02,3,78,93,75,95,82,70
mora,2026-11-13,0.211,0.88,11.05,3,78,92,75,94,82,69
mora,2026-11-14,0.292,0.78,11.09,3,78,90,73,92,80,67
mora,2026-11-15,0.381,0.68,11.12,3,78,87,71,90,78,65
mora,2026-11-16,0.476,0.58,11.16,3,78,83,67,87,74,62
mora,2026-11-17,0.574,0.48,11.19,3,78,77,63,83,70,58
mora,2026-11-18,0.672,0.37,11.22,3,78,71,59,78,66,53
mora,2026-11-19,0.766,0.27,11.25,3,78,63,53,73,60,48
mora,2026-11-20,0.851,0.16,11.29,3,78,55,47,66,54,41
mora,2026-11-21,0.922,0.04,11.32,3,78,46,40,60,47,35
mora,2026-11-22,0.973,0.00,11.34,3,78,41,37,56,44,31
mora,2026-11-23,0.998,0.00,11.37,3,78,40,36,55,43,30
mora,2026-11-24,0.994,0.00,11.40,3,78,40,36,55,43,30
mora,2026-11-25,0.961,0.00,11.43,3,78,42,37,57,44,32
mora,2026-11-26,0.900,0.01,11.45,3,78,46,40,59,47,34
mora,2026-11-27,0.817,0.13,11.48,3,78,55,47,67,54,42
mora,2026-11-28,0.718,0.25,11.50,3,78,65,54,74,61,49
mora,2026-11-29,0.610,0.37,11.53,3,78,73,60,80,67,55
mora,2026-11-30,0.501,0.48,11.55,3,78,79,65,85,72,60
mora,2026-12-01,0.394,0.59,11.57,3,83,85,68,88,76,63
mora,2026-12-02,0.294,0.69,11.59,3,83,88,71,91,79,66
mora,2026-12-03,0.206,0.79,11.61,3,83,91,73,93,81,68
mora,2026-12-04,0.131,0.89,11.63,3,83,93,74,94,82,69
mora,2026-12-05,0.071,0.99,11.64,3,83,93,74,95,82,70
npsa,2026-10-07,0.059,0.98,9.29,3,58,92,79,94,81,69
npsa,2026-10-08,0.018,1.00,9.27,3,58,92,79,94,81,69
npsa,2026-10-09,0.001,1.00,9.26,3,58,92,79,94,81,69
npsa,2026-10-10,0.006,1.00,9.24,3,58,92,79,94,81,69
npsa,2026-10-11,0.031,1.00,9.23,3,58,92,79,94,81,69
npsa,2026-10-12,0.075,0.90,9.21,3,58,91,79,94,81,69
npsa,2026-10-13,0.134,0.80,9.19,3,58,90,78,93,80,68
npsa,2026-10-14,0.207,0.71,9.18,3,58,88,77,91,79,66
npsa,2026-10-15,0.289,0.61,9.16,3,58,86,75,89,77,64
npsa,2026-10-16,0.378,0.52,9.15,3,58,82,72,86,74,61
npsa,2026-10-17,0.472,0.44,9.13,3,58,77,69,83,71,58
npsa,2026-10-18,0.567,0.36,9.11,3,58,72,65,79,67,54
npsa,2026-10-19,0.661,0.28,9.10,3,58,66,60,75,62,50
npsa,2026-10-20,0.751,0.21,9.08,3,58,60,55,70,57,45
npsa,2026-10-21,0.833,0.14,9.06,3,58,53,51,65,53,40
npsa,2026-10-22,0.904,0.07,9.05,3,58,47,46,60,48,35
npsa,2026-10-23,0.958,0.00,9.03,3,58,40,41,55,43,30
npsa,2026-10-24,0.991,0.00,9.01,3,58,38,39,54,41,29
npsa,2026-10-25,0.999,0.00,9.00,3,58,38,39,54,41,29
npsa,2026-10-26,0.980,0.00,8.98,3,58,39,40,54,42,29
npsa,2026-10-27,0.933,0.09,8.96,3,58,46,45,60,47,35
npsa,2026-10-28,0.862,0.22,8.95,3,58,55,52,66,54,41
npsa,2026-10-29,0.771,0.34,8.93,3,58,64,58,73,60,48
npsa,2026-10-30,0.666,0.45,8.91,3,58,72,64,79,66,54
npsa,2026-10-31,0.554,0.55,8.90,3,58,78,69,83,71,58
npsa,2026-11-01,0.442,0.63,8.88,3,66,82,70,87,74,62
npsa,2026-11-02,0.334,0.71,8.87,3,66,86,73,89,77,64
npsa,2026-11-03,0.237,0.79,8.85,3,66,88,75,91,79,66
npsa,2026-11-04,0.153,0.86,8.83,3,66,90,76,92,80,67
npsa,2026-11-05,0.086,0.93,8.82,3,66,91,76,93,80,68
npsa,2026-11-06,0.037,1.00,8.80,3,66,91,77,93,81,68
npsa,2026-11-07,0.008,1.00,8.79,3,66,91,77,93,81,68
npsa,2026-11-08,0.000,1.00,8.77,3,66,91,77,93,81,68
npsa,2026-11-09,0.011,1.00,8.75,3,66,91,77,93,81,68
npsa,2026-11-10,0.041,0.96,8.74,3,66,91,77,93,81,68
npsa,2026-11-11,0.087,0.86,8.72,3,66,90,76,93,80,68
npsa,2026-11-12,0.148,0.76,8.71,3,66,89,75,92,79,67
npsa,2026-11-13,0.220,0.67,8.69,3,66,87,74,90,78,65
npsa,2026-11-14,0.303,0.59,8.68,3,66,84,72,88,76,63
npsa,2026-11-15,0.393,0.51,8.66,3,66,80,69,85,73,60
npsa,2026-11-16,0.488,0.44,8.65,3,66,76,66,82,70,57
npsa,2026-11-17,0.586,0.37,8.64,3,66,71,62,78,66,53
npsa,2026-11-18,0.684,0.30,8.62,3,66,65,57,74,61,49
npsa,2026-11-19,0.777,0.23,8.61,3,66,58,52,69,56,44
npsa,2026-11-20,0.861,0.15,8.59,3,66,51,47,64,51,39
npsa,2026-11-21,0.930,0.06,8.58,3,66,44,42,58,46,33
npsa,2026-11-22,0.977,0.00,8.57,3,66,38,37,54,41,29
npsa,2026-11-23,0.999,0.00,8.56,3,66,37,36,53,40,28
npsa,2026-11-24,0.992,0.00,8.54,3,66,38,37,53,41,28
npsa,2026-11-25,0.955,0.06,8.53,3,66,42,40,57,44,32
npsa,2026-11-26,0.891,0.18,8.52,3,66,51,47,64,51,39
npsa,2026-11-27,0.805,0.29,8.51,3,66,60,53,70,57,45
npsa,2026-11-28,0.705,0.39,8.50,3,66,67,59,76,63,51
npsa,2026-11-29,0.597,0.48,8.49,3,66,74,64,80,68,55
npsa,2026-11-30,0.487,0.55,8.48,3,66,79,68,84,72,59
npsa,2026-12-01,0.381,0.63,8.47,3,77,83,68,87,75,62
npsa,2026-12-02,0.283,0.70,8.46,3,77,86,70,89,77,64
npsa,2026-12-03,0.196,0.77,8.45,3,77,88,72,91,78,66
npsa,2026-12-04,0.122,0.85,8.44,3,77,89,73,92,79,67
npsa,2026-12-05,0.065,0.93,8.43,3,77,90,73,92,80,67
neri,2026-10-07,0.075,0.93,9.56,3,51,92,81,94,82,69
neri,2026-10-08,0.028,1.00,9.60,3,51,93,82,94,82,69
neri,2026-10-09,0.004,1.00,9.64,3,51,93,82,94,82,69
neri,2026-10-10,0.002,1.00,9.68,3,51,93,82,95,82,70
neri,2026-10-11,0.022,1.00,9.72,3,51,93,82,95,82,70
neri,2026-10-12,0.060,1.00,9.76,3,51,93,82,95,82,70
neri,2026-10-13,0.116,1.00,9.80,3,51,93,82,95,82,70
neri,2026-10-14,0.185,0.93,9.84,3,51,92,82,94,82,69
neri,2026-10-15,0.264,0.85,9.87,3,51,91,80,93,81,68
neri,2026-10-16,0.352,0.76,9.91,3,51,89,79,91,79,66
neri,2026-10-17,0.444,0.66,9.95,3,51,85,76,89,76,64
neri,2026-10-18,0.539,0.55,9.98,3,51,81,73,85,73,60
neri,2026-10-19,0.634,0.45,10.02,3,51,75,68,81,69,56
neri,2026-10-20,0.725,0.35,10.06,3,51,68,63,76,64,51
neri,2026-10-21,0.810,0.24,10.09,3,51,61,58,70,58,45
neri,2026-10-22,0.885,0.14,10.13,3,51,53,52,64,52,39
neri,2026-10-23,0.944,0.03,10.16,3,51,44,46,58,46,33
neri,2026-10-24,0.984,0.00,10.20,3,51,41,43,56,43,31
neri,2026-10-25,1.000,0.00,10.23,3,51,40,42,55,43,30
neri,2026-10-26,0.989,0.00,10.27,3,51,41,43,55,43,30
neri,2026-10-27,0.950,0.00,10.30,3,51,43,44,57,45,32
neri,2026-10-28,0.885,0.02,10.33,3,51,47,48,60,48,35
neri,2026-10-29,0.799,0.12,10.37,3,51,56,54,67,54,42
neri,2026-10-30,0.697,0.24,10.40,3,51,65,61,74,61,49
neri,2026-10-31,0.587,0.35,10.43,3,51,73,67,80,67,55
neri,2026-11-01,0.469,0.47,10.46,3,57,80,71,85,73,60
neri,2026-11-02,0.360,0.58,10.49,3,57,85,75,89,76,64
neri,2026-11-03,0.260,0.69,10.52,3,57,89,78,92,79,67
neri,2026-11-04,0.172,0.79,10.55,3,57,91,79,94,81,69
neri,2026-11-05,0.101,0.89,10.58,3,57,93,80,95,82,70
neri,2026-11-06,0.047,0.99,10.61,3,57,93,81,95,82,70
neri,2026-11-07,0.014,1.00,10.64,3,57,93,81,95,83,70
neri,2026-11-08,0.000,1.00,10.67,3,57,93,81,95,83,70
neri,2026-11-09,0.007,1.00,10.70,3,57,93,81,95,83,70
neri,2026-11-10,0.032,1.00,10.72,3,57,93,81,95,83,70
neri,2026-11-11,0.074,1.00,10.75,3,57,93,81,95,83,70
neri,2026-11-12,0.131,0.93,10.78,3,57,93,80,95,82,70
neri,2026-11-13,0.201,0.84,10.80,3,57,92,79,94,81,69
neri,2026-11-14,0.282,0.75,10.83,3,57,90,78,92,80,67
neri,2026-11-15,0.370,0.66,10.85,3,57,87,76,90,77,65
neri,2026-11-16,0.464,0.56,10.88,3,57,83,73,87,74,62
neri,2026-11-17,0.562,0.47,10.90,3,57,77,69,83,71,58
neri,2026-11-18,0.660,0.38,10.93,3,57,71,64,79,66,54
neri,2026-11-19,0.754,0.28,10.95,3,57,64,59,73,61,48
neri,2026-11-20,0.841,0.18,10.97,3,57,57,53,67,55,42
neri,2026-11-21,0.914,0.07,10.99,3,57,48,47,61,49,36
neri,2026-11-22,0.968,0.00,11.01,3,57,42,42,56,44,31
neri,2026-11-23,0.996,0.00,11.03,3,57,40,41,55,43,30
neri,2026-11-24,0.996,0.00,11.05,3,57,40,41,55,43,30
neri,2026-11-25,0.966,0.00,11.07,3,57,42,42,56,44,31
neri,2026-11-26,0.909,0.04,11.09,3,57,47,46,60,48,35
neri,2026-11-27,0.828,0.15,11.11,3,57,56,53,67,54,42
neri,2026-11-28,0.731,0.27,11.12,3,57,65,59,74,61,49
neri,2026-11-29,0.624,0.38,11.14,3,57,73,65,79,67,54
neri,2026-11-30,0.514,0.48,11.16,3,57,79,70,84,72,59
neri,2026-12-01,0.407,0.58,11.17,3,70,84,71,88,76,63
neri,2026-12-02,0.306,0.67,11.19,3,70,88,73,91,78,66
neri,2026-12-03,0.216,0.77,11.20,3,70,91,75,93,80,68
neri,2026-12-04,0.139,0.86,11.21,3,70,92,77,94,82,69
neri,2026-12-05,0.078,0.95,11.22,3,70,93,77,95,82,70
noca,2026-10-07,0.068,0.95,9.25,2,71,95,78,96,84,71
noca,2026-10-08,0.024,1.00,9.31,2,71,95,79,96,84,71
noca,2026-10-09,0.002,1.00,9.36,2,71,95,79,97,84,72
noca,2026-10-10,0.003,1.00,9.42,2,71,96,79,97,84,72
noca,2026-10-11,0.025,1.00,9.48,2,71,96,79,97,84,72
noca,2026-10-12,0.066,1.00,9.54,2,71,96,79,97,84,72
noca,2026-10-13,0.124,1.00,9.60,2,71,96,79,97,84,72
noca,2026-10-14,0.194,1.00,9.65,2,71,96,79,97,84,72
noca,2026-10-15,0.275,0.94,9.71,2,71,95,79,96,84,71
noca,2026-10-16,0.363,0.84,9.77,2,71,93,77,95,82,70
noca,2026-10-17,0.456,0.73,9.82,2,71,90,74,92,80,67
noca,2026-10-18,0.551,0.61,9.88,2,71,85,71,89,76,64
noca,2026-10-19,0.645,0.49,9.93,2,71,79,66,84,72,59
noca,2026-10-20,0.736,0.37,9.98,2,71,72,61,79,66,54
noca,2026-10-21,0.820,0.25,10.04,2,71,64,55,73,60,48
noca,2026-10-22,0.893,0.12,10.09,2,71,55,48,66,54,41
noca,2026-10-23,0.951,0.00,10.14,2,71,46,42,59,47,34
noca,2026-10-24,0.988,0.00,10.19,2,71,44,40,58,45,33
noca,2026-10-25,1.000,0.00,10.25,2,71,43,40,58,45,33
noca,2026-10-26,0.985,0.00,10.30,2,71,44,40,58,46,33
noca,2026-10-27,0.943,0.00,10.35,2,71,46,42,60,47,35
noca,2026-10-28,0.876,0.00,10.40,2,71,50,45,62,50,37
noca,2026-10-29,0.787,0.05,10.44,2,71,57,50,68,55,43
noca,2026-10-30,0.684,0.18,10.49,2,71,67,57,75,62,50
noca,2026-10-31,0.573,0.31,10.54,2,71,76,64,82,69,57
noca,2026-11-01,0.456,0.44,10.59,2,83,83,67,87,75,62
noca,2026-11-02,0.347,0.57,10.63,2,83,89,71,91,79,66
noca,2026-11-03,0.248,0.69,10.68,2,83,93,74,94,82,69
noca,2026-11-04,0.163,0.80,10.73,2,83,95,75,96,84,71
noca,2026-11-05,0.093,0.91,10.77,2,83,96,76,97,85,72
noca,2026-11-06,0.042,1.00,10.81,2,83,97,77,98,85,73
noca,2026-11-07,0.011,1.00,10.86,2,83,97,77,98,85,73
noca,2026-11-08,0.000,1.00,10.90,2,83,97,77,98,85,73
noca,2026-11-09,0.009,1.00,10.94,2,83,97,77,98,85,73
noca,2026-11-10,0.036,1.00,10.98,2,83,97,77,98,85,73
noca,2026-11-11,0.080,1.00,11.02,2,83,97,77,98,85,73
noca,2026-11-12,0.139,0.99,11.06,2,83,97,77,97,85,72
noca,2026-11-13,0.211,0.90,11.10,2,83,95,76,97,84,72
noca,2026-11-14,0.292,0.79,11.14,2,83,93,74,95,83,70
noca,2026-11-15,0.381,0.69,11.18,2,83,90,72,93,80,68
noca,2026-11-16,0.476,0.59,11.21,2,83,86,69,90,77,65
noca,2026-11-17,0.574,0.48,11.25,2,83,81,65,86,73,61
noca,2026-11-18,0.672,0.38,11.28,2,83,74,60,81,68,56
noca,2026-11-19,0.766,0.27,11.32,2,83,67,54,75,63,50
noca,2026-11-20,0.851,0.16,11.35,2,83,58,48,69,56,44
noca,2026-11-21,0.922,0.04,11.38,2,83,49,41,62,49,37
noca,2026-11-22,0.973,0.00,11.41,2,83,45,38,59,46,34
noca,2026-11-23,0.998,0.00,11.44,2,83,43,37,58,45,33
noca,2026-11-24,0.994,0.00,11.47,2,83,44,37,58,45,33
noca,2026-11-25,0.961,0.00,11.50,2,83,45,38,59,47,34
noca,2026-11-26,0.900,0.00,11.53,2,83,49,41,62,49,37
noca,2026-11-27,0.817,0.12,11.56,2,83,58,48,69,56,44
noca,2026-11-28,0.718,0.24,11.58,2,83,68,55,76,63,51
noca,2026-11-29,0.610,0.36,11.61,2,83,76,61,82,69,57
noca,2026-11-30,0.501,0.48,11.63,2,83,83,66,87,75,62
noca,2026-12-01,0.394,0.59,11.65,2,83,88,70,91,78,66
noca,2026-12-02,0.294,0.69,11.68,2,83,92,73,94,81,69
noca,2026-12-03,0.206,0.79,11.70,2,83,94,75,96,83,71
noca,2026-12-04,0.131,0.89,11.72,2,83,96,76,97,84,72
noca,2026-12-05,0.071,0.99,11.73,2,83,97,77,97,85,72
olym,2026-10-07,0.068,0.95,9.28,3,69,92,77,94,81,69
olym,2026-10-08,0.024,1.00,9.34,3,69,92,77,94,82,69
olym,2026-10-09,0.002,1.00,9.40,3,69,92,77,94,82,69
olym,2026-10-10,0.003,1.00,9.46,3,69,92,77,94,82,69
olym,2026-10-11,0.025,1.00,9.51,3,69,92,77,94,82,69
olym,2026-10-12,0.066,1.00,9.57,3,69,92,77,94,82,69
olym,2026-10-13,0.124,1.00,9.62,3,69,93,77,94,82,69
olym,2026-10-14,0.194,1.00,9.68,3,69,93,77,95,82,70
olym,2026-10-15,0.275,0.93,9.73,3,69,92,77,94,81,69
olym,2026-10-16,0.363,0.83,9.79,3,69,90,75,92,80,67
olym,2026-10-17,0.456,0.72,9.84,3,69,86,72,90,77,65
olym,2026-10-18,0.551,0.60,9.89,3,69,81,69,86,74,61
olym,2026-10-19,0.645,0.48,9.95,3,69,75,64,82,69,57
olym,2026-10-20,0.736,0.36,10.00,3,69,68,59,76,64,51
olym,2026-10-21,0.820,0.24,10.05,3,69,60,53,70,58,45
olym,2026-10-22,0.893,0.12,10.10,3,69,52,46,64,51,39
olym,2026-10-23,0.951,0.00,10.15,3,69,43,40,57,44,32
olym,2026-10-24,0.988,0.00,10.20,3,69,41,38,55,43,30
olym,2026-10-25,1.000,0.00,10.25,3,69,40,38,55,43,30
olym,2026-10-26,0.985,0.00,10.30,3,69,41,38,56,43,31
olym,2026-10-27,0.943,0.00,10.35,3,69,43,40,57,45,32
olym,2026-10-28,0.876,0.00,10.39,3,69,47,43,60,47,35
olym,2026-10-29,0.787,0.06,10.44,3,69,54,48,65,53,40
olym,2026-10-30,0.684,0.18,10.49,3,69,64,55,73,60,48
olym,2026-10-31,0.573,0.32,10.54,3,69,72,62,79,67,54
olym,2026-11-01,0.456,0.45,10.58,3,79,80,65,85,72,60
olym,2026-11-02,0.347,0.57,10.63,3,79,85,69,89,77,64
olym,2026-11-03,0.248,0.69,10.67,3,79,89,72,92,79,67
olym,2026-11-04,0.163,0.80,10.71,3,79,92,74,94,81,69
olym,2026-11-05,0.093,0.91,10.76,3,79,93,75,95,82,70
olym,2026-11-06,0.042,1.00,10.80,3,79,93,75,95,83,70
olym,2026-11-07,0.011,1.00,10.84,3,79,93,75,95,83,70
olym,2026-11-08,0.000,1.00,10.88,3,79,93,75,95,83,70
olym,2026-11-09,0.009,1.00,10.92,3,79,93,75,95,83,70
olym,2026-11-10,0.036,1.00,10.96,3,79,93,75,95,83,70
olym,2026-11-11,0.080,1.00,11.00,3,79,93,75,95,83,70
olym,2026-11-12,0.139,0.98,11.04,3,79,93,75,95,82,70
olym,2026-11-13,0.211,0.89,11.08,3,79,92,74,94,82,69
olym,2026-11-14,0.292,0.79,11.11,3,79,90,73,93,80,68
olym,2026-11-15,0.381,0.69,11.15,3,79,87,70,90,78,65
olym,2026-11-16,0.476,0.58,11.19,3,79,83,67,87,75,62
olym,2026-11-17,0.574,0.48,11.22,3,79,77,63,83,71,58
olym,2026-11-18,0.672,0.37,11.25,3,79,71,58,78,66,53
olym,2026-11-19,0.766,0.27,11.29,3,79,63,53,73,60,48
olym,2026-11-20,0.851,0.16,11.32,3,79,55,47,66,54,41
olym,2026-11-21,0.922,0.04,11.35,3,79,46,40,60,47,35
olym,2026-11-22,0.973,0.00,11.38,3,79,41,36,56,44,31
olym,2026-11-23,0.998,0.00,11.41,3,79,40,35,55,43,30
olym,2026-11-24,0.994,0.00,11.44,3,79,40,35,55,43,30
olym,2026-11-25,0.961,0.00,11.47,3,79,42,37,57,44,32
olym,2026-11-26,0.900,0.00,11.49,3,79,46,39,59,47,34
olym,2026-11-27,0.817,0.13,11.52,3,79,55,47,66,54,41
olym,2026-11-28,0.718,0.25,11.54,3,79,65,54,73,61,48
olym,2026-11-29,0.610,0.37,11.57,3,79,73,60,80,67,55
olym,2026-11-30,0.501,0.48,11.59,3,79,79,65,85,72,60
olym,2026-12-01,0.394,0.59,11.61,3,84,85,67,88,76,63
olym,2026-12-02,0.294,0.69,11.63,3,84,88,70,91,79,66
olym,2026-12-03,0.206,0.79,11.65,3,84,91,72,93,81,68
olym,2026-12-04,0.131,0.89,11.67,3,84,93,73,94,82,69
olym,2026-12-05,0.071,0.99,11.69,3,84,93,74,95,82,70
pefo,2026-10-07,0.068,0.93,9.62,2,23,96,91,97,84,72
pefo,2026-10-08,0.024,1.00,9.65,2,23,96,91,97,84,72
pefo,2026-10-09,0.002,1.00,9.69,2,23,96,91,97,85,72
pefo,2026-10-10,0.003,1.00,9.72,2,23,96,91,97,85,72
pefo,2026-10-11,0.025,1.00,9.76,2,23,96,91,97,85,72
pefo,2026-10-12,0.066,1.00,9.79,2,23,96,91,97,85,72
pefo,2026-10-13,0.124,0.98,9.83,2,23,96,91,97,85,72
pefo,2026-10-14,0.194,0.91,9.86,2,23,95,91,97,84,72
pefo,2026-10-15,0.275,0.82,9.89,2,23,94,90,95,83,70
pefo,2026-10-16,0.363,0.73,9.93,2,23,91,88,93,81,68
pefo,2026-10-17,0.456,0.63,9.96,2,23,88,85,91,78,66
pefo,2026-10-18,0.551,0.53,9.99,2,23,83,81,87,75,62
pefo,2026-10-19,0.645,0.43,10.03,2,23,77,77,83,70,58
pefo,2026-10-20,0.736,0.33,10.06,2,23,70,72,78,65,53
pefo,2026-10-21,0.820,0.23,10.09,2,23,63,67,72,60,47
pefo,2026-10-22,0.893,0.13,10.12,2,23,55,61,66,54,41
pefo,2026-10-23,0.951,0.02,10.15,2,23,47,55,60,48,35
pefo,2026-10-24,0.988,0.00,10.18,2,23,44,52,58,45,33
pefo,2026-10-25,1.000,0.00,10.21,2,23,43,52,58,45,33
pefo,2026-10-26,0.985,0.00,10.24,2,23,44,52,58,46,33
pefo,2026-10-27,0.943,0.00,10.27,2,23,46,54,60,47,35
pefo,2026-10-28,0.876,0.04,10.30,2,23,52,58,64,51,39
pefo,2026-10-29,0.787,0.15,10.33,2,23,61,65,71,58,46
pefo,2026-10-30,0.684,0.26,10.36,2,23,70,72,77,65,52
pefo,2026-10-31,0.573,0.38,10.39,2,23,78,77,83,71,58
pefo,2026-11-01,0.460,0.49,10.42,2,29,84,81,88,76,63
pefo,2026-11-02,0.352,0.60,10.45,2,29,89,85,92,79,67
pefo,2026-11-03,0.252,0.70,10.47,2,29,93,87,94,82,69
pefo,2026-11-04,0.166,0.80,10.50,2,29,95,89,96,84,71
pefo,2026-11-05,0.096,0.90,10.53,2,29,96,90,97,85,72
pefo,2026-11-06,0.044,0.99,10.55,2,29,97,90,97,85,72
pefo,2026-11-07,0.012,1.00,10.58,2,29,97,90,98,85,73
pefo,2026-11-08,0.000,1.00,10.60,2,29,97,90,98,85,73
pefo,2026-11-09,0.008,1.00,10.63,2,29,97,90,98,85,73
pefo,2026-11-10,0.035,1.00,10.65,2,29,97,90,98,85,73
pefo,2026-11-11,0.078,1.00,10.68,2,29,97,90,97,85,72
pefo,2026-11-12,0.137,0.91,10.70,2,29,96,90,97,85,72
pefo,2026-11-13,0.208,0.82,10.72,2,29,95,89,96,84,71
pefo,2026-11-14,0.289,0.73,10.75,2,29,93,87,94,82,69
pefo,2026-11-15,0.378,0.64,10.77,2,29,89,85,92,80,67
pefo,2026-11-16,0.472,0.55,10.79,2,29,85,82,89,76,64
pefo,2026-11-17,0.570,0.46,10.81,2,29,80,78,85,73,60
pefo,2026-11-18,0.668,0.37,10.83,2,29,74,73,81,68,56
pefo,2026-11-19,0.762,0.27,10.85,2,29,67,68,75,63,50
pefo,2026-11-20,0.848,0.17,10.87,2,29,59,62,69,57,44
pefo,2026-11-21,0.919,0.07,10.89,2,29,51,56,63,51,38
pefo,2026-11-22,0.971,0.00,10.91,2,29,45,51,59,46,34
pefo,2026-11-23,0.997,0.00,10.93,2,29,43,50,58,45,33
pefo,2026-11-24,0.995,0.00,10.94,2,29,44,50,58,45,33
pefo,2026-11-25,0.963,0.00,10.96,2,29,45,52,59,46,34
pefo,2026-11-26,0.903,0.06,10.98,2,29,51,56,64,51,39
pefo,2026-11-27,0.821,0.17,10.99,2,29,60,63,70,58,45
pefo,2026-11-28,0.722,0.28,11.01,2,29,69,70,77,64,52
pefo,2026-11-29,0.615,0.39,11.02,2,29,77,75,83,70,58
pefo,2026-11-30,0.505,0.49,11.04,2,29,83,80,87,75,62
pefo,2026-12-01,0.398,0.59,11.05,2,40,88,81,91,78,66
pefo,2026-12-02,0.298,0.68,11.06,2,40,92,84,94,81,69
pefo,2026-12-03,0.209,0.77,11.07,2,40,94,86,96,83,71
pefo,2026-12-04,0.134,0.86,11.09,2,40,96,87,97,84,72
pefo,2026-12-05,0.074,0.95,11.10,2,40,96,87,97,85,72
pinn,2026-10-07,0.068,0.94,9.59,3,29,92,87,94,82,69
pinn,2026-10-08,0.024,1.00,9.63,3,29,93,87,94,82,69
pinn,2026-10-09,0.002,1.00,9.67,3,29,93,87,95,82,70
pinn,2026-10-10,0.003,1.00,9.71,3,29,93,87,95,82,70
pinn,2026-10-11,0.025,1.00,9.74,3,29,93,87,95,82,70
pinn,2026-10-12,0.066,1.00,9.78,3,29,93,87,95,82,70
pinn,2026-10-13,0.124,0.99,9.82,3,29,93,87,95,82,70
pinn,2026-10-14,0.194,0.91,9.85,3,29,92,87,94,82,69
pinn,2026-10-15,0.275,0.83,9.89,3,29,91,86,93,80,68
pinn,2026-10-16,0.363,0.74,9.92,3,29,88,84,91,79,66
pinn,2026-10-17,0.456,0.64,9.96,3,29,84,81,88,76,63
pinn,2026-10-18,0.551,0.54,9.99,3,29,80,78,85,72,60
pinn,2026-10-19,0.645,0.43,10.03,3,29,74,73,80,68,55
pinn,2026-10-20,0.736,0.33,10.06,3,29,67,68,75,63,50
pinn,2026-10-21,0.820,0.23,10.09,3,29,60,62,70,57,45
pinn,2026-10-22,0.893,0.13,10.13,3,29,52,57,64,51,39
pinn,2026-10-23,0.951,0.02,10.16,3,29,44,50,58,45,33
pinn,2026-10-24,0.988,0.00,10.19,3,29,41,48,55,43,30
pinn,2026-10-25,1.000,0.00,10.23,3,29,40,48,55,43,30
pinn,2026-10-26,0.985,0.00,10.26,3,29,41,48,56,43,31
pinn,2026-10-27,0.943,0.00,10.29,3,29,43,50,57,45,32
pinn,2026-10-28,0.876,0.04,10.32,3,29,48,54,61,49,36
pinn,2026-10-29,0.787,0.14,10.35,3,29,57,61,68,55,43
pinn,2026-10-30,0.684,0.26,10.38,3,29,66,67,75,62,50
pinn,2026-10-31,0.573,0.37,10.41,3,29,74,73,81,68,56
pinn,2026-11-01,0.456,0.49,10.44,3,41,81,75,86,73,61
pinn,2026-11-02,0.347,0.60,10.47,3,41,86,79,89,77,64
pinn,2026-11-03,0.248,0.70,10.50,3,41,89,82,92,80,67
pinn,2026-11-04,0.163,0.80,10.53,3,41,92,83,94,81,69
pinn,2026-11-05,0.093,0.90,10.56,3,41,93,84,95,82,70
pinn,2026-11-06,0.042,1.00,10.59,3,41,93,85,95,82,70
pinn,2026-11-07,0.011,1.00,10.61,3,41,93,85,95,83,70
pinn,2026-11-08,0.000,1.00,10.64,3,41,93,85,95,83,70
pinn,2026-11-09,0.009,1.00,10.67,3,41,93,85,95,83,70
pinn,2026-11-10,0.036,1.00,10.69,3,41,93,85,95,83,70
pinn,2026-11-11,0.080,1.00,10.72,3,41,93,85,95,82,70
pinn,2026-11-12,0.139,0.92,10.74,3,41,93,84,95,82,70
pinn,2026-11-13,0.211,0.83,10.77,3,41,91,83,94,81,69
pinn,2026-11-14,0.292,0.74,10.79,3,41,89,82,92,79,67
pinn,2026-11-15,0.381,0.64,10.82,3,41,86,79,90,77,65
pinn,2026-11-16,0.476,0.55,10.84,3,41,82,76,86,74,61
pinn,2026-11-17,0.574,0.46,10.86,3,41,77,72,83,70,58
pinn,2026-11-18,0.672,0.36,10.88,3,41,71,68,78,65,53
pinn,2026-11-19,0.766,0.27,10.90,3,41,63,62,73,60,48
pinn,2026-11-20,0.851,0.17,10.92,3,41,56,56,67,54,42
pinn,2026-11-21,0.922,0.06,10.94,3,41,47,50,60,48,35
pinn,2026-11-22,0.973,0.00,10.96,3,41,41,46,56,44,31
pinn,2026-11-23,0.998,0.00,10.98,3,41,40,45,55,43,30
pinn,2026-11-24,0.994,0.00,11.00,3,41,40,45,55,43,30
pinn,2026-11-25,0.961,0.00,11.02,3,41,42,46,57,44,32
pinn,2026-11-26,0.900,0.06,11.04,3,41,48,51,61,49,36
pinn,2026-11-27,0.817,0.17,11.05,3,41,57,58,68,55,43
pinn,2026-11-28,0.718,0.28,11.07,3,41,66,64,74,62,49
pinn,2026-11-29,0.610,0.39,11.09,3,41,74,70,80,68,55
pinn,2026-11-30,0.501,0.49,11.10,3,41,80,75,85,72,60
pinn,2026-12-01,0.394,0.59,11.11,3,60,85,74,89,76,64
pinn,2026-12-02,0.294,0.68,11.13,3,60,88,76,91,79,66
pinn,2026-12-03,0.206,0.77,11.14,3,60,91,78,93,81,68
pinn,2026-12-04,0.131,0.87,11.15,3,60,92,79,94,82,69
pinn,2026-12-05,0.071,0.96,11.16,3,60,93,80,95,82,70
redw,2026-10-07,0.068,0.94,9.49,3,42,92,84,94,82,69
redw,2026-10-08,0.024,1.00,9.54,3,42,92,84,94,82,69
redw,2026-10-09,0.002,1.00,9.58,3,42,92,84,94,82,69
redw,2026-10-10,0.003,1.00,9.62,3,42,93,84,94,82,69
redw,2026-10-11,0.025,1.00,9.67,3,42,93,84,95,82,70
redw,2026-10-12,0.066,1.00,9.71,3,42,93,84,95,82,70
redw,2026-10-13,0.124,1.00,9.76,3,42,93,84,95,82,70
redw,2026-10-14,0.194,0.95,9.80,3,42,92,84,94,82,69
redw,2026-10-15,0.275,0.86,9.84,3,42,91,83,93,81,68
redw,2026-10-16,0.363,0.77,9.89,3,42,89,81,91,79,66
redw,2026-10-17,0.456,0.67,9.93,3,42,85,78,89,76,64
redw,2026-10-18,0.551,0.56,9.97,3,42,80,75,85,73,60
redw,2026-10-19,0.645,0.45,10.01,3,42,74,70,81,68,56
redw,2026-10-20,0.736,0.34,10.05,3,42,68,65,76,63,51
redw,2026-10-21,0.820,0.24,10.09,3,42,60,59,70,57,45
redw,2026-10-22,0.893,0.13,10.13,3,42,52,53,64,51,39
redw,2026-10-23,0.951,0.01,10.17,3,42,43,47,57,45,32
redw,2026-10-24,0.988,0.00,10.21,3,42,41,45,55,43,30
redw,2026-10-25,1.000,0.00,10.25,3,42,40,45,55,43,30
redw,2026-10-26,0.985,0.00,10.29,3,42,41,45,56,43,31
redw,2026-10-27,0.943,0.00,10.33,3,42,43,47,57,45,32
redw,2026-10-28,0.876,0.01,10.37,3,42,47,50,60,48,35
redw,2026-10-29,0.787,0.11,10.40,3,42,56,57,67,55,42
redw,2026-10-30,0.684,0.23,10.44,3,42,65,63,74,61,49
redw,2026-10-31,0.573,0.35,10.48,3,42,74,70,80,68,55
redw,2026-11-01,0.456,0.47,10.51,3,58,81,71,85,73,60
redw,2026-11-02,0.347,0.59,10.55,3,58,86,75,89,77,64
redw,2026-11-03,0.248,0.70,10.58,3,58,89,77,92,79,67
redw,2026-11-04,0.163,0.80,10.62,3,58,92,79,94,81,69
redw,2026-11-05,0.093,0.91,10.65,3,58,93,80,95,82,70
redw,2026-11-06,0.042,1.00,10.69,3,58,93,81,95,83,70
redw,2026-11-07,0.011,1.00,10.72,3,58,93,81,95,83,70
redw,2026-11-08,0.000,1.00,10.75,3,58,93,81,95,83,70
redw,2026-11-09,0.009,1.00,10.78,3,58,93,81,95,83,70
redw,2026-11-10,0.036,1.00,10.81,3,58,93,81,95,83,70
redw,2026-11-11,0.080,1.00,10.84,3,58,93,81,95,83,70
redw,2026-11-12,0.139,0.94,10.87,3,58,93,80,95,82,70
redw,2026-11-13,0.211,0.85,10.90,3,58,92,79,94,81,69
redw,2026-11-14,0.292,0.76,10.93,3,58,90,78,92,80,67
redw,2026-11-15,0.381,0.66,10.96,3,58,86,75,90,77,65
redw,2026-11-16,0.476,0.56,10.99,3,58,82,72,87,74,62
redw,2026-11-17,0.574,0.47,11.02,3,58,77,68,83,70,58
redw,2026-11-18,0.672,0.37,11.04,3,58,71,64,78,66,53
redw,2026-11-19,0.766,0.27,11.07,3,58,63,58,73,60,48
redw,2026-11-20,0.851,0.16,11.09,3,58,55,52,67,54,42
redw,2026-11-21,0.922,0.05,11.12,3,58,47,46,60,48,35
redw,2026-11-22,0.973,0.00,11.14,3,58,41,42,56,44,31
redw,2026-11-23,0.998,0.00,11.17,3,58,40,41,55,43,30
redw,2026-11-24,0.994,0.00,11.19,3,58,40,41,55,43,30
redw,2026-11-25,0.961,0.00,11.21,3,58,42,42,57,44,32
redw,2026-11-26,0.900,0.04,11.23,3,58,47,46,60,48,35
redw,2026-11-27,0.817,0.16,11.25,3,58,57,53,67,55,42
redw,2026-11-28,0.718,0.27,11.27,3,58,65,60,74,62,49
redw,2026-11-29,0.610,0.38,11.29,3,58,73,65,80,67,55
redw,2026-11-30,0.501,0.49,11.31,3,58,80,70,85,72,60
redw,2026-12-01,0.394,0.59,11.32,3,68,85,72,89,76,64
redw,2026-12-02,0.294,0.69,11.34,3,68,88,74,91,79,66
redw,2026-12-03,0.206,0.78,11.36,3,68,91,76,93,81,68
redw,2026-12-04,0.131,0.88,11.37,3,68,92,77,94,82,69
redw,2026-12-05,0.071,0.97,11.39,3,68,93,78,95,82,70
romo,2026-10-07,0.070,0.93,9.51,2,37,95,87,97,84,72
romo,2026-10-08,0.025,1.00,9.56,2,37,96,88,97,84,72
romo,2026-10-09,0.003,1.00,9.60,2,37,96,88,97,84,72
romo,2026-10-10,0.003,1.00,9.64,2,37,96,88,97,84,72
romo,2026-10-11,0.024,1.00,9.69,2,37,96,88,97,85,72
romo,2026-10-12,0.064,1.00,9.73,2,37,96,88,97,85,72
romo,2026-10-13,0.121,1.00,9.77,2,37,96,88,97,85,72
romo,2026-10-14,0.191,0.95,9.81,2,37,96,88,97,84,72
romo,2026-10-15,0.271,0.86,9.85,2,37,94,87,96,83,71
romo,2026-10-16,0.359,0.77,9.89,2,37,92,85,94,81,69
romo,2026-10-17,0.452,0.67,9.93,2,37,88,82,91,79,66
romo,2026-10-18,0.547,0.56,9.97,2,37,84,79,88,75,63
romo,2026-10-19,0.642,0.45,10.01,2,37,78,74,83,71,58
romo,2026-10-20,0.733,0.35,10.05,2,37,71,69,78,66,53
romo,2026-10-21,0.817,0.24,10.09,2,37,64,63,73,60,48
romo,2026-10-22,0.891,0.13,10.13,2,37,55,57,67,54,42
romo,2026-10-23,0.949,0.02,10.17,2,37,47,51,60,48,35
romo,2026-10-24,0.986,0.00,10.21,2,37,44,49,58,46,33
romo,2026-10-25,1.000,0.00,10.25,2,37,43,48,58,45,33
romo,2026-10-26,0.986,0.00,10.28,2,37,44,49,58,46,33
romo,2026-10-27,0.945,0.00,10.32,2,37,46,50,60,47,35
romo,2026-10-28,0.879,0.01,10.36,2,37,50,53,63,50,38
romo,2026-10-29,0.791,0.11,10.39,2,37,59,60,69,57,44
romo,2026-10-30,0.689,0.23,10.43,2,37,68,67,76,64,51
romo,2026-10-31,0.578,0.35,10.46,2,37,77,73,83,70,58
romo,2026-11-01,0.460,0.47,10.50,2,45,84,77,88,75,63
romo,2026-11-02,0.352,0.58,10.53,2,45,89,80,92,79,67
romo,2026-11-03,0.252,0.69,10.57,2,45,93,83,94,82,69
romo,2026-11-04,0.166,0.80,10.60,2,45,95,85,96,84,71
romo,2026-11-05,0.096,0.90,10.63,2,45,96,86,97,85,72
romo,2026-11-06,0.044,1.00,10.66,2,45,97,86,98,85,73
romo,2026-11-07,0.012,1.00,10.70,2,45,97,86,98,85,73
romo,2026-11-08,0.000,1.00,10.73,2,45,97,86,98,85,73
romo,2026-11-09,0.008,1.00,10.76,2,45,97,86,98,85,73
romo,2026-11-10,0.035,1.00,10.79,2,45,97,86,98,85,73
romo,2026-11-11,0.078,1.00,10.82,2,45,97,86,98,85,73
romo,2026-11-12,0.137,0.94,10.85,2,45,96,86,97,85,72
romo,2026-11-13,0.208,0.85,10.87,2,45,95,85,96,84,71
romo,2026-11-14,0.289,0.76,10.90,2,45,93,83,95,82,70
romo,2026-11-15,0.378,0.66,10.93,2,45,90,81,92,80,67
romo,2026-11-16,0.472,0.56,10.96,2,45,86,78,89,77,64
romo,2026-11-17,0.570,0.47,10.98,2,45,81,74,85,73,60
romo,2026-11-18,0.668,0.37,11.01,2,45,74,69,81,68,56
romo,2026-11-19,0.762,0.27,11.03,2,45,67,64,75,63,50
romo,2026-11-20,0.848,0.17,11.06,2,45,59,58,69,57,44
romo,2026-11-21,0.919,0.06,11.08,2,45,51,52,63,50,38
romo,2026-11-22,0.971,0.00,11.10,2,45,45,47,59,46,34
romo,2026-11-23,0.997,0.00,11.13,2,45,43,46,58,45,33
romo,2026-11-24,0.995,0.00,11.15,2,45,44,46,58,45,33
romo,2026-11-25,0.963,0.00,11.17,2,45,45,48,59,46,34
romo,2026-11-26,0.903,0.04,11.19,2,45,50,51,63,50,38
romo,2026-11-27,0.821,0.15,11.21,2,45,60,58,70,57,45
romo,2026-11-28,0.722,0.27,11.23,2,45,69,65,76,64,51
romo,2026-11-29,0.615,0.38,11.25,2,45,76,71,82,70,57
romo,2026-11-30,0.505,0.48,11.26,2,45,83,76,87,75,62
romo,2026-12-01,0.398,0.58,11.28,2,53,88,78,91,78,66
romo,2026-12-02,0.298,0.68,11.30,2,53,92,80,94,81,69
romo,2026-12-03,0.209,0.78,11.31,2,53,94,82,96,83,71
romo,2026-12-04,0.134,0.87,11.32,2,53,96,84,97,84,72
romo,2026-12-05,0.074,0.96,11.34,2,53,97,84,97,85,72
sagu,2026-10-07,0.068,0.93,9.66,4,20,89,87,92,79,67
sagu,2026-10-08,0.024,1.00,9.69,4,20,89,87,92,80,67
sagu,2026-10-09,0.002,1.00,9.72,4,20,89,87,92,80,67
sagu,2026-10-10,0.003,1.00,9.75,4,20,90,87,92,80,67
sagu,2026-10-11,0.025,1.00,9.78,4,20,90,87,92,80,67
sagu,2026-10-12,0.066,1.00,9.81,4,20,90,87,92,80,67
sagu,2026-10-13,0.124,0.97,9.84,4,20,89,87,92,80,67
sagu,2026-10-14,0.194,0.89,9.87,4,20,89,86,91,79,66
sagu,2026-10-15,0.275,0.81,9.90,4,20,87,85,90,78,65
sagu,2026-10-16,0.363,0.72,9.93,4,20,84,83,88,76,63
sagu,2026-10-17,0.456,0.62,9.96,4,20,81,81,86,73,61
sagu,2026-10-18,0.551,0.52,9.99,4,20,76,77,82,69,57
sagu,2026-10-19,0.645,0.42,10.02,4,20,70,73,78,65,53
sagu,2026-10-20,0.736,0.33,10.05,4,20,64,68,73,60,48
sagu,2026-10-21,0.820,0.23,10.08,4,20,56,62,67,55,42
sagu,2026-10-22,0.893,0.13,10.11,4,20,48,56,61,49,36
sagu,2026-10-23,0.951,0.03,10.13,4,20,41,50,55,43,30
sagu,2026-10-24,0.988,0.00,10.16,4,20,37,48,53,40,28
sagu,2026-10-25,1.000,0.00,10.19,4,20,37,48,53,40,28
sagu,2026-10-26,0.985,0.00,10.22,4,20,37,48,53,41,28
sagu,2026-10-27,0.943,0.00,10.24,4,20,40,50,55,42,30
sagu,2026-10-28,0.876,0.06,10.27,4,20,46,54,59,47,34
sagu,2026-10-29,0.787,0.16,10.30,4,20,55,61,66,54,41
sagu,2026-10-30,0.684,0.27,10.32,4,20,63,68,73,60,48
sagu,2026-10-31,0.573,0.39,10.35,4,20,71,73,78,66,53
sagu,2026-11-01,0.460,0.50,10.37,4,30,78,76,83,71,58
sagu,2026-11-02,0.352,0.60,10.40,4,30,83,79,87,74,62
sagu,2026-11-03,0.252,0.70,10.42,4,30,86,82,90,77,65
sagu,2026-11-04,0.166,0.80,10.44,4,30,88,84,91,79,66
sagu,2026-11-05,0.096,0.90,10.47,4,30,89,85,92,80,67
sagu,2026-11-06,0.044,0.99,10.49,4,30,90,85,92,80,67
sagu,2026-11-07,0.012,1.00,10.51,4,30,90,85,93,80,68
sagu,2026-11-08,0.000,1.00,10.54,4,30,90,85,93,80,68
sagu,2026-11-09,0.008,1.00,10.56,4,30,90,85,93,80,68
sagu,2026-11-10,0.035,1.00,10.58,4,30,90,85,93,80,68
sagu,2026-11-11,0.078,0.98,10.60,4,30,90,85,92,80,67
sagu,2026-11-12,0.137,0.90,10.62,4,30,89,84,92,79,67
sagu,2026-11-13,0.208,0.81,10.64,4,30,88,83,91,78,66
sagu,2026-11-14,0.289,0.72,10.66,4,30,86,82,89,77,64
sagu,2026-11-15,0.378,0.63,10.68,4,30,83,79,87,74,62
sagu,2026-11-16,0.472,0.54,10.70,4,30,78,76,84,71,59
sagu,2026-11-17,0.570,0.45,10.72,4,30,73,73,80,68,55
sagu,2026-11-18,0.668,0.36,10.74,4,30,67,68,76,63,51
sagu,2026-11-19,0.762,0.27,10.76,4,30,60,63,70,58,45
sagu,2026-11-20,0.848,0.17,10.77,4,30,53,57,64,52,39
sagu,2026-11-21,0.919,0.07,10.79,4,30,44,51,58,46,33
sagu,2026-11-22,0.971,0.00,10.81,4,30,38,46,54,41,29
sagu,2026-11-23,0.997,0.00,10.82,4,30,37,45,53,40,28
sagu,2026-11-24,0.995,0.00,10.84,4,30,37,45,53,40,28
sagu,2026-11-25,0.963,0.00,10.85,4,30,39,46,54,41,29
sagu,2026-11-26,0.903,0.07,10.87,4,30,45,51,59,46,34
sagu,2026-11-27,0.821,0.18,10.88,4,30,54,58,66,53,41
sagu,2026-11-28,0.722,0.29,10.89,4,30,63,65,72,60,47
sagu,2026-11-29,0.615,0.40,10.91,4,30,70,70,78,65,53
sagu,2026-11-30,0.505,0.50,10.92,4,30,76,75,82,70,57
sagu,2026-12-01,0.398,0.59,10.93,4,39,81,76,86,73,61
sagu,2026-12-02,0.298,0.68,10.94,4,39,85,79,89,76,64
sagu,2026-12-03,0.209,0.77,10.95,4,39,87,81,91,78,66
sagu,2026-12-04,0.134,0.86,10.96,4,39,89,82,92,79,67
sagu,2026-12-05,0.074,0.95,10.97,4,39,90,83,92,80,67
sequ,2026-10-07,0.068,0.94,9.59,3,20,92,89,94,82,69
sequ,2026-10-08,0.024,1.00,9.63,3,20,93,89,94,82,69
sequ,2026-10-09,0.002,1.00,9.67,3,20,93,90,95,82,70
sequ,2026-10-10,0.003,1.00,9.71,3,20,93,90,95,82,70
sequ,2026-10-11,0.025,1.00,9.74,3,20,93,90,95,82,70
sequ,2026-10-12,0.066,1.00,9.78,3,20,93,90,95,82,70
sequ,2026-10-13,0.124,0.99,9.82,3,20,93,90,95,82,70
sequ,2026-10-14,0.194,0.92,9.85,3,20,92,89,94,82,69
sequ,2026-10-15,0.275,0.83,9.89,3,20,91,88,93,80,68
sequ,2026-10-16,0.363,0.74,9.92,3,20,88,86,91,79,66
sequ,2026-10-17,0.456,0.64,9.96,3,20,84,83,88,76,63
sequ,2026-10-18,0.551,0.54,9.99,3,20,80,80,85,72,60
sequ,2026-10-19,0.645,0.44,10.03,3,20,74,75,80,68,55
sequ,2026-10-20,0.736,0.33,10.06,3,20,67,70,75,63,50
sequ,2026-10-21,0.820,0.23,10.09,3,20,60,65,70,57,45
sequ,2026-10-22,0.893,0.13,10.13,3,20,52,59,64,51,39
sequ,2026-10-23,0.951,0.02,10.16,3,20,44,53,58,45,33
sequ,2026-10-24,0.988,0.00,10.19,3,20,41,50,55,43,30
sequ,2026-10-25,1.000,0.00,10.23,3,20,40,50,55,43,30
sequ,2026-10-26,0.985,0.00,10.26,3,20,41,51,56,43,31
sequ,2026-10-27,0.943,0.00,10.29,3,20,43,52,57,45,32
sequ,2026-10-28,0.876,0.04,10.32,3,20,48,56,61,49,36
sequ,2026-10-29,0.787,0.14,10.35,3,20,57,63,68,55,43
sequ,2026-10-30,0.684,0.26,10.38,3,20,66,70,75,62,50
sequ,2026-10-31,0.573,0.37,10.41,3,20,74,76,81,68,56
sequ,2026-11-01,0.456,0.49,10.44,3,33,81,77,86,73,61
sequ,2026-11-02,0.347,0.60,10.47,3,33,86,81,89,77,64
sequ,2026-11-03,0.248,0.70,10.50,3,33,89,84,92,80,67
sequ,2026-11-04,0.163,0.80,10.53,3,33,92,85,94,81,69
sequ,2026-11-05,0.093,0.90,10.56,3,33,93,86,95,82,70
sequ,2026-11-06,0.042,1.00,10.59,3,33,93,87,95,82,70
sequ,2026-11-07,0.011,1.00,10.61,3,33,93,87,95,83,70
sequ,2026-11-08,0.000,1.00,10.64,3,33,93,87,95,83,70
sequ,2026-11-09,0.009,1.00,10.67,3,33,93,87,95,83,70
sequ,2026-11-10,0.036,1.00,10.69,3,33,93,87,95,83,70
sequ,2026-11-11,0.080,1.00,10.72,3,33,93,87,95,82,70
sequ,2026-11-12,0.139,0.92,10.74,3,33,93,86,95,82,70
sequ,2026-11-13,0.211,0.83,10.77,3,33,91,85,94,81,69
sequ,2026-11-14,0.292,0.74,10.79,3,33,89,84,92,79,67
sequ,2026-11-15,0.381,0.64,10.81,3,33,86,81,90,77,65
sequ,2026-11-16,0.476,0.55,10.84,3,33,82,78,86,74,61
sequ,2026-11-17,0.574,0.46,10.86,3,33,77,74,83,70,58
sequ,2026-11-18,0.672,0.37,10.88,3,33,71,70,78,65,53
sequ,2026-11-19,0.766,0.27,10.90,3,33,64,64,73,60,48
sequ,2026-11-20,0.851,0.17,10.92,3,33,56,58,67,54,42
sequ,2026-11-21,0.922,0.06,10.94,3,33,47,52,60,48,35
sequ,2026-11-22,0.973,0.00,10.96,3,33,41,48,56,44,31
sequ,2026-11-23,0.998,0.00,10.98,3,33,40,47,55,43,30
sequ,2026-11-24,0.994,0.00,11.00,3,33,40,47,55,43,30
sequ,2026-11-25,0.961,0.00,11.02,3,33,42,48,57,44,32
sequ,2026-11-26,0.900,0.06,11.04,3,33,48,53,61,49,36
sequ,2026-11-27,0.817,0.17,11.05,3,33,57,60,68,55,43
sequ,2026-11-28,0.718,0.28,11.07,3,33,66,66,74,62,49
sequ,2026-11-29,0.610,0.39,11.08,3,33,74,72,80,68,55
sequ,2026-11-30,0.501,0.49,11.10,3,33,80,77,85,72,60
sequ,2026-12-01,0.394,0.59,11.11,3,49,85,76,89,76,64
sequ,2026-12-02,0.294,0.68,11.13,3,49,88,79,91,79,66
sequ,2026-12-03,0.206,0.77,11.14,3,49,91,81,93,81,68
sequ,2026-12-04,0.131,0.87,11.15,3,49,92,82,94,82,69
sequ,2026-12-05,0.071,0.96,11.16,3,49,93,83,95,82,70
shen,2026-10-07,0.075,0.92,9.55,3,47,92,82,94,82,69
shen,2026-10-08,0.028,1.00,9.59,3,47,93,83,94,82,69
shen,2026-10-09,0.004,1.00,9.63,3,47,93,83,94,82,69
shen,2026-10-10,0.002,1.00,9.67,3,47,93,83,95,82,70
shen,2026-10-11,0.022,1.00,9.71,3,47,93,83,95,82,70
shen,2026-10-12,0.060,1.00,9.75,3,47,93,83,95,82,70
shen,2026-10-13,0.116,1.00,9.79,3,47,93,83,95,82,70
shen,2026-10-14,0.185,0.94,9.83,3,47,92,83,94,82,69
shen,2026-10-15,0.264,0.85,9.87,3,47,91,82,93,81,68
shen,2026-10-16,0.352,0.76,9.91,3,47,89,80,92,79,67
shen,2026-10-17,0.444,0.66,9.94,3,47,85,77,89,76,64
shen,2026-10-18,0.539,0.56,9.98,3,47,81,74,85,73,60
shen,2026-10-19,0.634,0.45,10.02,3,47,75,69,81,69,56
shen,2026-10-20,0.725,0.35,10.06,3,47,68,64,76,64,51
shen,2026-10-21,0.810,0.24,10.09,3,47,61,59,71,58,46
shen,2026-10-22,0.885,0.14,10.13,3,47,53,53,65,52,40
shen,2026-10-23,0.944,0.03,10.16,3,47,44,47,58,46,33
shen,2026-10-24,0.984,0.00,10.20,3,47,41,44,56,43,31
shen,2026-10-25,1.000,0.00,10.24,3,47,40,43,55,43,30
shen,2026-10-26,0.989,0.00,10.27,3,47,41,44,55,43,30
shen,2026-10-27,0.950,0.00,10.30,3,47,43,45,57,45,32
shen,2026-10-28,0.885,0.01,10.34,3,47,47,48,60,48,35
shen,2026-10-29,0.799,0.12,10.37,3,47,56,55,67,54,42
shen,2026-10-30,0.697,0.23,10.40,3,47,65,62,74,61,49
shen,2026-10-31,0.587,0.35,10.44,3,47,73,68,80,67,55
shen,2026-11-01,0.469,0.47,10.47,3,48,80,73,85,73,60
shen,2026-11-02,0.360,0.58,10.50,3,48,85,77,89,76,64
shen,2026-11-03,0.260,0.69,10.53,3,48,89,80,92,79,67
shen,2026-11-04,0.172,0.79,10.56,3,48,91,82,94,81,69
shen,2026-11-05,0.101,0.89,10.59,3,48,93,83,95,82,70
shen,2026-11-06,0.047,0.99,10.62,3,48,93,83,95,82,70
shen,2026-11-07,0.014,1.00,10.65,3,48,93,83,95,83,70
shen,2026-11-08,0.000,1.00,10.68,3,48,93,83,95,83,70
shen,2026-11-09,0.007,1.00,10.71,3,48,93,83,95,83,70
shen,2026-11-10,0.032,1.00,10.74,3,48,93,83,95,83,70
shen,2026-11-11,0.074,1.00,10.77,3,48,93,83,95,83,70
shen,2026-11-12,0.131,0.94,10.79,3,48,93,83,95,82,70
shen,2026-11-13,0.201,0.85,10.82,3,48,92,82,94,81,69
shen,2026-11-14,0.282,0.75,10.85,3,48,90,80,92,80,67
shen,2026-11-15,0.370,0.66,10.87,3,48,87,78,90,77,65
shen,2026-11-16,0.464,0.57,10.90,3,48,83,75,87,74,62
shen,2026-11-17,0.562,0.47,10.92,3,48,78,71,83,71,58
shen,2026-11-18,0.660,0.38,10.95,3,48,71,67,79,66,54
shen,2026-11-19,0.754,0.28,10.97,3,48,64,61,73,61,48
shen,2026-11-20,0.841,0.18,10.99,3,48,57,55,67,55,42
shen,2026-11-21,0.914,0.07,11.01,3,48,48,49,61,49,36
shen,2026-11-22,0.968,0.00,11.03,3,48,42,44,56,44,31
shen,2026-11-23,0.996,0.00,11.06,3,48,40,43,55,43,30
shen,2026-11-24,0.996,0.00,11.08,3,48,40,43,55,43,30
shen,2026-11-25,0.966,0.00,11.10,3,48,42,44,56,44,31
shen,2026-11-26,0.909,0.04,11.11,3,48,47,48,60,47,35
shen,2026-11-27,0.828,0.15,11.13,3,48,56,55,67,54,42
shen,2026-11-28,0.731,0.27,11.15,3,48,65,62,74,61,49
shen,2026-11-29,0.624,0.38,11.17,3,48,73,67,79,67,54
shen,2026-11-30,0.514,0.48,11.18,3,48,79,72,84,72,59
shen,2026-12-01,0.407,0.58,11.20,3,59,84,73,88,76,63
shen,2026-12-02,0.306,0.67,11.21,3,59,88,76,91,78,66
shen,2026-12-03,0.216,0.77,11.23,3,59,91,78,93,80,68
shen,2026-12-04,0.139,0.86,11.24,3,59,92,79,94,82,69
shen,2026-12-05,0.078,0.95,11.25,3,59,93,80,95,82,70
thro,2026-10-07,0.070,0.94,9.30,2,49,95,84,96,84,71
thro,2026-10-08,0.025,1.00,9.36,2,49,95,84,97,84,72
thro,2026-10-09,0.003,1.00,9.42,2,49,96,84,97,84,72
thro,2026-10-10,0.003,1.00,9.47,2,49,96,84,97,84,72
thro,2026-10-11,0.024,1.00,9.53,2,49,96,85,97,84,72
thro,2026-10-12,0.064,1.00,9.58,2,49,96,85,97,84,72
thro,2026-10-13,0.121,1.00,9.64,2,49,96,85,97,84,72
thro,2026-10-14,0.191,1.00,9.69,2,49,96,85,97,85,72
thro,2026-10-15,0.271,0.92,9.74,2,49,95,84,96,84,71
thro,2026-10-16,0.359,0.83,9.80,2,49,93,82,95,82,70
thro,2026-10-17,0.452,0.72,9.85,2,49,90,80,92,80,67
thro,2026-10-18,0.547,0.60,9.90,2,49,85,76,89,76,64
thro,2026-10-19,0.642,0.48,9.95,2,49,79,72,84,72,59
thro,2026-10-20,0.733,0.37,10.00,2,49,72,67,79,66,54
thro,2026-10-21,0.817,0.25,10.05,2,49,64,61,73,60,48
thro,2026-10-22,0.891,0.13,10.10,2,49,55,54,67,54,42
thro,2026-10-23,0.949,0.01,10.15,2,49,47,48,60,47,35
thro,2026-10-24,0.986,0.00,10.20,2,49,44,46,58,46,33
thro,2026-10-25,1.000,0.00,10.25,2,49,43,45,58,45,33
thro,2026-10-26,0.986,0.00,10.30,2,49,44,46,58,46,33
thro,2026-10-27,0.945,0.00,10.34,2,49,46,47,60,47,35
thro,2026-10-28,0.879,0.00,10.39,2,49,50,50,62,50,37
thro,2026-10-29,0.791,0.06,10.44,2,49,57,56,68,55,43
thro,2026-10-30,0.689,0.18,10.48,2,49,67,63,75,62,50
thro,2026-10-31,0.578,0.31,10.53,2,49,75,69,82,69,57
thro,2026-11-01,0.460,0.44,10.57,2,54,83,74,87,75,62
thro,2026-11-02,0.352,0.57,10.62,2,54,89,78,91,79,66
thro,2026-11-03,0.252,0.68,10.66,2,54,92,81,94,82,69
thro,2026-11-04,0.166,0.80,10.70,2,54,95,83,96,84,71
thro,2026-11-05,0.096,0.91,10.75,2,54,96,84,97,85,72
thro,2026-11-06,0.044,1.00,10.79,2,54,97,84,98,85,73
thro,2026-11-07,0.012,1.00,10.83,2,54,97,84,98,85,73
thro,2026-11-08,0.000,1.00,10.87,2,54,97,84,98,85,73
thro,2026-11-09,0.008,1.00,10.91,2,54,97,84,98,85,73
thro,2026-11-10,0.035,1.00,10.95,2,54,97,84,98,85,73
thro,2026-11-11,0.078,1.00,10.98,2,54,97,84,98,85,73
thro,2026-11-12,0.137,0.98,11.02,2,54,97,84,97,85,72
thro,2026-11-13,0.208,0.89,11.06,2,54,95,83,97,84,72
thro,2026-11-14,0.289,0.79,11.09,2,54,93,82,95,83,70
thro,2026-11-15,0.378,0.69,11.13,2,54,90,79,93,80,68
thro,2026-11-16,0.472,0.59,11.16,2,54,86,76,90,77,65
thro,2026-11-17,0.570,0.48,11.20,2,54,81,72,86,73,61
thro,2026-11-18,0.668,0.38,11.23,2,54,75,67,81,68,56
thro,2026-11-19,0.762,0.27,11.26,2,54,67,62,75,63,50
thro,2026-11-20,0.848,0.16,11.29,2,54,59,56,69,57,44
thro,2026-11-21,0.919,0.05,11.33,2,54,50,49,62,50,37
thro,2026-11-22,0.971,0.00,11.36,2,54,45,45,59,46,34
thro,2026-11-23,0.997,0.00,11.38,2,54,43,44,58,45,33
thro,2026-11-24,0.995,0.00,11.41,2,54,44,44,58,45,33
thro,2026-11-25,0.963,0.00,11.44,2,54,45,45,59,46,34
thro,2026-11-26,0.903,0.00,11.47,2,54,49,48,61,49,36
thro,2026-11-27,0.821,0.12,11.49,2,54,58,55,69,56,44
thro,2026-11-28,0.722,0.25,11.51,2,54,68,62,76,63,51
thro,2026-11-29,0.615,0.36,11.54,2,54,76,68,82,69,57
thro,2026-11-30,0.505,0.47,11.56,2,54,83,73,87,74,62
thro,2026-12-01,0.398,0.58,11.58,2,58,88,76,91,78,66
thro,2026-12-02,0.298,0.68,11.60,2,58,92,79,94,81,69
thro,2026-12-03,0.209,0.78,11.62,2,58,94,81,96,83,71
thro,2026-12-04,0.134,0.88,11.64,2,58,96,82,97,84,72
thro,2026-12-05,0.074,0.98,11.66,2,58,97,83,97,85,72
viis,2026-10-07,0.075,0.93,9.72,3,55,92,81,94,82,69
viis,2026-10-08,0.028,1.00,9.74,3,55,93,81,95,82,70
viis,2026-10-09,0.004,1.00,9.76,3,55,93,81,95,82,70
viis,2026-10-10,0.002,1.00,9.77,3,55,93,81,95,82,70
viis,2026-10-11,0.022,1.00,9.79,3,55,93,81,95,82,70
viis,2026-10-12,0.060,1.00,9.80,3,55,93,81,95,82,70
viis,2026-10-13,0.116,0.92,9.82,3,55,92,81,94,82,69
viis,2026-10-14,0.185,0.84,9.83,3,55,91,80,94,81,69
viis,2026-10-15,0.264,0.75,9.85,3,55,90,78,92,80,67
viis,2026-10-16,0.352,0.67,9.86,3,55,87,76,90,78,65
viis,2026-10-17,0.444,0.57,9.88,3,55,83,74,87,75,62
viis,2026-10-18,0.539,0.48,9.89,3,55,78,70,84,71,59
viis,2026-10-19,0.634,0.40,9.91,3,55,73,66,80,67,55
viis,2026-10-20,0.725,0.31,9.92,3,55,66,61,75,62,50
viis,2026-10-21,0.810,0.22,9.93,3,55,60,56,70,57,45
viis,2026-10-22,0.885,0.13,9.95,3,55,52,51,64,52,39
viis,2026-10-23,0.944,0.04,9.96,3,55,45,45,59,46,34
viis,2026-10-24,0.984,0.00,9.97,3,55,41,42,56,43,31
viis,2026-10-25,1.000,0.00,9.99,3,55,40,41,55,42,30
viis,2026-10-26,0.989,0.00,10.00,3,55,41,42,55,43,30
viis,2026-10-27,0.950,0.00,10.01,3,55,43,43,57,45,32
viis,2026-10-28,0.885,0.10,10.03,3,55,51,49,63,50,38
viis,2026-10-29,0.799,0.20,10.04,3,55,59,56,69,57,44
viis,2026-10-30,0.697,0.31,10.05,3,55,68,62,76,63,51
viis,2026-10-31,0.587,0.42,10.06,3,55,75,68,81,69,56
viis,2026-11-01,0.474,0.52,10.07,3,50,81,73,86,73,61
viis,2026-11-02,0.365,0.62,10.09,3,50,86,77,89,77,64
viis,2026-11-03,0.264,0.71,10.10,3,50,89,79,92,79,67
viis,2026-11-04,0.176,0.80,10.11,3,50,91,81,94,81,69
viis,2026-11-05,0.103,0.88,10.12,3,50,93,82,95,82,70
viis,2026-11-06,0.049,0.97,10.13,3,50,93,82,95,82,70
viis,2026-11-07,0.015,1.00,10.14,3,50,93,83,95,83,70
viis,2026-11-08,0.000,1.00,10.15,3,50,93,83,95,83,70
viis,2026-11-09,0.006,1.00,10.16,3,50,93,83,95,83,70
viis,2026-11-10,0.030,1.00,10.17,3,50,93,83,95,83,70
viis,2026-11-11,0.072,0.95,10.18,3,50,93,82,95,82,70
viis,2026-11-12,0.129,0.87,10.19,3,50,92,82,94,82,69
viis,2026-11-13,0.198,0.78,10.20,3,50,91,81,93,81,68
viis,2026-11-14,0.278,0.69,10.21,3,50,89,79,92,79,67
viis,2026-11-15,0.366,0.61,10.22,3,50,86,77,89,77,64
viis,2026-11-16,0.460,0.53,10.23,3,50,82,74,86,74,61
viis,2026-11-17,0.558,0.44,10.23,3,50,77,70,83,70,58
viis,2026-11-18,0.656,0.36,10.24,3,50,71,66,78,66,53
viis,2026-11-19,0.751,0.28,10.25,3,50,64,61,73,61,48
viis,2026-11-20,0.838,0.19,10.26,3,50,57,55,68,55,43
viis,2026-11-21,0.911,0.10,10.27,3,50,49,50,62,50,37
viis,2026-11-22,0.966,0.00,10.27,3,50,42,44,56,44,31
viis,2026-11-23,0.996,0.00,10.28,3,50,40,43,55,43,30
viis,2026-11-24,0.997,0.00,10.29,3,50,40,43,55,43,30
viis,2026-11-25,0.968,0.00,10.29,3,50,42,44,56,44,31
viis,2026-11-26,0.912,0.09,10.30,3,50,49,49,62,49,37
viis,2026-11-27,0.832,0.20,10.31,3,50,58,56,68,56,43
viis,2026-11-28,0.735,0.31,10.31,3,50,66,62,75,62,50
viis,2026-11-29,0.629,0.41,10.32,3,50,73,68,80,68,55
viis,2026-11-30,0.519,0.50,10.32,3,50,79,72,85,72,60
viis,2026-12-01,0.411,0.58,10.33,3,33,84,80,88,76,63
viis,2026-12-02,0.310,0.67,10.33,3,33,88,83,91,78,66
viis,2026-12-03,0.220,0.75,10.34,3,33,90,85,93,80,68
viis,2026-12-04,0.142,0.83,10.34,3,33,92,86,94,82,69
viis,2026-12-05,0.080,0.92,10.35,3,33,93,86,95,82,70
voya,2026-10-07,0.072,0.93,9.25,2,67,95,79,96,84,71
voya,2026-10-08,0.026,1.00,9.31,2,67,95,80,96,84,71
voya,2026-10-09,0.003,1.00,9.37,2,67,95,80,97,84,72
voya,2026-10-10,0.002,1.00,9.43,2,67,96,80,97,84,72
voya,2026-10-11,0.023,1.00,9.48,2,67,96,80,97,84,72
voya,2026-10-12,0.062,1.00,9.54,2,67,96,80,97,84,72
voya,2026-10-13,0.118,1.00,9.60,2,67,96,80,97,84,72
voya,2026-10-14,0.188,1.00,9.66,2,67,96,80,97,84,72
voya,2026-10-15,0.268,0.94,9.71,2,67,95,80,96,84,71
voya,2026-10-16,0.355,0.84,9.77,2,67,93,78,95,82,70
voya,2026-10-17,0.448,0.73,9.82,2,67,90,76,92,80,67
voya,2026-10-18,0.543,0.61,9.88,2,67,85,72,89,76,64
voya,2026-10-19,0.638,0.49,9.93,2,67,79,68,85,72,60
voya,2026-10-20,0.729,0.38,9.98,2,67,72,62,79,67,54
voya,2026-10-21,0.814,0.26,10.04,2,67,64,57,73,61,48
voya,2026-10-22,0.888,0.13,10.09,2,67,56,50,67,54,42
voya,2026-10-23,0.947,0.01,10.14,2,67,47,43,60,48,35
voya,2026-10-24,0.985,0.00,10.19,2,67,44,41,58,46,33
voya,2026-10-25,1.000,0.00,10.24,2,67,43,41,58,45,33
voya,2026-10-26,0.988,0.00,10.29,2,67,44,41,58,45,33
voya,2026-10-27,0.948,0.00,10.34,2,67,46,43,60,47,35
voya,2026-10-28,0.882,0.00,10.39,2,67,50,45,62,50,37
voya,2026-10-29,0.795,0.05,10.44,2,67,56,50,67,55,42
voya,2026-10-30,0.693,0.17,10.49,2,67,66,58,74,62,49
voya,2026-10-31,0.582,0.30,10.54,2,67,75,64,81,69,56
voya,2026-11-01,0.465,0.43,10.58,2,80,83,67,87,74,62
voya,2026-11-02,0.356,0.56,10.63,2,80,88,71,91,79,66
voya,2026-11-03,0.256,0.68,10.67,2,80,92,74,94,82,69
voya,2026-11-04,0.169,0.79,10.72,2,80,95,76,96,84,71
voya,2026-11-05,0.098,0.90,10.76,2,80,96,77,97,85,72
voya,2026-11-06,0.046,1.00,10.81,2,80,97,78,98,85,73
voya,2026-11-07,0.013,1.00,10.85,2,80,97,78,98,85,73
voya,2026-11-08,0.000,1.00,10.89,2,80,97,78,98,85,73
voya,2026-11-09,0.007,1.00,10.93,2,80,97,78,98,85,73
voya,2026-11-10,0.033,1.00,10.97,2,80,97,78,98,85,73
voya,2026-11-11,0.076,1.00,11.01,2,80,97,78,98,85,73
voya,2026-11-12,0.134,1.00,11.05,2,80,97,77,97,85,72
voya,2026-11-13,0.204,0.90,11.09,2,80,96,77,97,84,72
voya,2026-11-14,0.285,0.80,11.13,2,80,94,75,95,83,70
voya,2026-11-15,0.374,0.70,11.17,2,80,91,73,93,80,68
voya,2026-11-16,0.468,0.59,11.20,2,80,87,70,90,77,65
voya,2026-11-17,0.566,0.49,11.24,2,80,81,66,86,73,61
voya,2026-11-18,0.664,0.38,11.27,2,80,75,61,81,69,56
voya,2026-11-19,0.758,0.28,11.31,2,80,67,56,76,63,51
voya,2026-11-20,0.844,0.16,11.34,2,80,59,49,69,57,44
voya,2026-11-21,0.917,0.05,11.37,2,80,50,43,63,50,38
voya,2026-11-22,0.969,0.00,11.40,2,80,45,39,59,46,34
voya,2026-11-23,0.997,0.00,11.43,2,80,43,38,58,45,33
voya,2026-11-24,0.996,0.00,11.46,2,80,44,38,58,45,33
voya,2026-11-25,0.965,0.00,11.49,2,80,45,39,59,46,34
voya,2026-11-26,0.906,0.00,11.52,2,80,48,41,61,49,36
voya,2026-11-27,0.824,0.11,11.55,2,80,58,48,68,56,43
voya,2026-11-28,0.727,0.24,11.57,2,80,67,55,75,63,50
voya,2026-11-29,0.620,0.36,11.60,2,80,75,62,82,69,57
voya,2026-11-30,0.510,0.47,11.62,2,80,82,67,87,74,62
voya,2026-12-01,0.402,0.58,11.64,2,83,88,70,91,78,66
voya,2026-12-02,0.302,0.68,11.66,2,83,92,73,94,81,69
voya,2026-12-03,0.213,0.78,11.68,2,83,94,75,96,83,71
voya,2026-12-04,0.136,0.88,11.70,2,83,96,76,97,84,72
voya,2026-12-05,0.076,0.99,11.72,2,83,97,77,97,85,72
whsa,2026-10-07,0.070,0.93,9.65,3,27,92,88,94,82,69
whsa,2026-10-08,0.025,1.00,9.68,3,27,93,88,95,82,70
whsa,2026-10-09,0.003,1.00,9.71,3,27,93,88,95,82,70
whsa,2026-10-10,0.003,1.00,9.75,3,27,93,88,95,82,70
whsa,2026-10-11,0.024,1.00,9.78,3,27,93,88,95,82,70
whsa,2026-10-12,0.064,1.00,9.81,3,27,93,88,95,82,70
whsa,2026-10-13,0.121,0.97,9.84,3,27,93,88,95,82,70
whsa,2026-10-14,0.191,0.90,9.87,3,27,92,87,94,82,69
whsa,2026-10-15,0.271,0.81,9.90,3,27,90,86,93,80,68
whsa,2026-10-16,0.359,0.72,9.93,3,27,88,84,91,78,66
whsa,2026-10-17,0.452,0.62,9.96,3,27,84,81,88,76,63
whsa,2026-10-18,0.547,0.53,9.99,3,27,79,78,85,72,60
whsa,2026-10-19,0.642,0.43,10.02,3,27,74,74,80,68,55
whsa,2026-10-20,0.733,0.33,10.05,3,27,67,69,75,63,50
whsa,2026-10-21,0.817,0.23,10.08,3,27,60,63,70,57,45
whsa,2026-10-22,0.891,0.13,10.11,3,27,52,57,64,51,39
whsa,2026-10-23,0.949,0.03,10.14,3,27,44,51,58,46,33
whsa,2026-10-24,0.986,0.00,10.17,3,27,41,49,56,43,31
whsa,2026-10-25,1.000,0.00,10.19,3,27,40,48,55,43,30
whsa,2026-10-26,0.986,0.00,10.22,3,27,41,49,56,43,31
whsa,2026-10-27,0.945,0.00,10.25,3,27,43,50,57,45,32
whsa,2026-10-28,0.879,0.05,10.28,3,27,49,55,62,49,37
whsa,2026-10-29,0.791,0.16,10.30,3,27,58,62,68,56,43
whsa,2026-10-30,0.689,0.27,10.33,3,27,67,68,75,62,50
whsa,2026-10-31,0.578,0.38,10.36,3,27,74,74,81,68,56
whsa,2026-11-01,0.460,0.50,10.38,3,31,81,78,86,73,61
whsa,2026-11-02,0.352,0.60,10.41,3,31,86,82,89,77,64
whsa,2026-11-03,0.252,0.70,10.43,3,31,89,84,92,80,67
whsa,2026-11-04,0.166,0.80,10.46,3,31,92,86,94,81,69
whsa,2026-11-05,0.096,0.90,10.48,3,31,93,87,95,82,70
whsa,2026-11-06,0.044,0.99,10.50,3,31,93,87,95,82,70
whsa,2026-11-07,0.012,1.00,10.53,3,31,93,87,95,83,70
whsa,2026-11-08,0.000,1.00,10.55,3,31,93,87,95,83,70
whsa,2026-11-09,0.008,1.00,10.57,3,31,93,87,95,83,70
whsa,2026-11-10,0.035,1.00,10.60,3,31,93,87,95,83,70
whsa,2026-11-11,0.078,0.99,10.62,3,31,93,87,95,82,70
whsa,2026-11-12,0.137,0.90,10.64,3,31,93,87,94,82,69
whsa,2026-11-13,0.208,0.82,10.66,3,31,91,86,93,81,68
whsa,2026-11-14,0.289,0.73,10.68,3,31,89,84,92,79,67
whsa,2026-11-15,0.378,0.64,10.70,3,31,86,82,89,77,64
whsa,2026-11-16,0.472,0.55,10.72,3,31,82,79,86,74,61
whsa,2026-11-17,0.570,0.46,10.74,3,31,77,75,83,70,58
whsa,2026-11-18,0.668,0.37,10.76,3,31,71,70,78,66,53
whsa,2026-11-19,0.762,0.27,10.78,3,31,64,65,73,60,48
whsa,2026-11-20,0.848,0.18,10.79,3,31,56,59,67,55,42
whsa,2026-11-21,0.919,0.07,10.81,3,31,48,53,61,48,36
whsa,2026-11-22,0.971,0.00,10.83,3,31,42,48,56,44,31
whsa,2026-11-23,0.997,0.00,10.84,3,31,40,47,55,43,30
whsa,2026-11-24,0.995,0.00,10.86,3,31,40,47,55,43,30
whsa,2026-11-25,0.963,0.00,10.88,3,31,42,49,56,44,31
whsa,2026-11-26,0.903,0.07,10.89,3,31,48,54,61,49,36
whsa,2026-11-27,0.821,0.18,10.90,3,31,57,60,68,56,43
whsa,2026-11-28,0.722,0.29,10.92,3,31,66,67,74,62,49
whsa,2026-11-29,0.615,0.39,10.93,3,31,73,72,80,68,55
whsa,2026-11-30,0.505,0.49,10.94,3,31,80,77,85,72,60
whsa,2026-12-01,0.398,0.59,10.96,3,35,85,80,88,76,63
whsa,2026-12-02,0.298,0.68,10.97,3,35,88,82,91,79,66
whsa,2026-12-03,0.209,0.77,10.98,3,35,91,84,93,81,68
whsa,2026-12-04,0.134,0.86,10.99,3,35,92,85,94,82,69
whsa,2026-12-05,0.074,0.95,11.00,3,35,93,86,95,82,70
wica,2026-10-07,0.070,0.93,9.43,2,39,95,87,96,84,71
wica,2026-10-08,0.025,1.00,9.48,2,39,96,87,97,84,72
wica,2026-10-09,0.003,1.00,9.52,2,39,96,87,97,84,72
wica,2026-10-10,0.003,1.00,9.57,2,39,96,87,97,84,72
wica,2026-10-11,0.024,1.00,9.62,2,39,96,87,97,84,72
wica,2026-10-12,0.064,1.00,9.67,2,39,96,87,97,85,72
wica,2026-10-13,0.121,1.00,9.72,2,39,96,87,97,85,72
wica,2026-10-14,0.191,0.97,9.76,2,39,96,87,97,84,72
wica,2026-10-15,0.271,0.89,9.81,2,39,95,86,96,84,71
wica,2026-10-16,0.359,0.79,9.86,2,39,92,85,94,82,69
wica,2026-10-17,0.452,0.69,9.90,2,39,89,82,92,79,67
wica,2026-10-18,0.547,0.58,9.95,2,39,84,78,88,76,63
wica,2026-10-19,0.642,0.47,9.99,2,39,78,74,84,71,59
wica,2026-10-20,0.733,0.36,10.04,2,39,72,69,79,66,54
wica,2026-10-21,0.817,0.24,10.08,2,39,64,63,73,60,48
wica,2026-10-22,0.891,0.13,10.12,2,39,55,57,67,54,42
wica,2026-10-23,0.949,0.02,10.17,2,39,47,50,60,48,35
wica,2026-10-24,0.986,0.00,10.21,2,39,44,48,58,46,33
wica,2026-10-25,1.000,0.00,10.25,2,39,43,48,58,45,33
wica,2026-10-26,0.986,0.00,10.30,2,39,44,48,58,46,33
wica,2026-10-27,0.945,0.00,10.34,2,39,46,50,60,47,35
wica,2026-10-28,0.879,0.00,10.38,2,39,50,53,62,50,37
wica,2026-10-29,0.791,0.09,10.42,2,39,58,59,69,56,44
wica,2026-10-30,0.689,0.21,10.46,2,39,68,66,76,63,51
wica,2026-10-31,0.578,0.33,10.50,2,39,76,72,82,70,57
wica,2026-11-01,0.460,0.46,10.54,2,45,83,76,88,75,63
wica,2026-11-02,0.352,0.58,10.58,2,45,89,80,92,79,67
wica,2026-11-03,0.252,0.69,10.61,2,45,92,83,94,82,69
wica,2026-11-04,0.166,0.80,10.65,2,45,95,85,96,84,71
wica,2026-11-05,0.096,0.90,10.69,2,45,96,86,97,85,72
wica,2026-11-06,0.044,1.00,10.72,2,45,97,86,98,85,73
wica,2026-11-07,0.012,1.00,10.76,2,45,97,86,98,85,73
wica,2026-11-08,0.000,1.00,10.80,2,45,97,86,98,85,73
wica,2026-11-09,0.008,1.00,10.83,2,45,97,86,98,85,73
wica,2026-11-10,0.035,1.00,10.86,2,45,97,86,98,85,73
wica,2026-11-11,0.078,1.00,10.90,2,45,97,86,98,85,73
wica,2026-11-12,0.137,0.96,10.93,2,45,96,86,97,85,72
wica,2026-11-13,0.208,0.87,10.96,2,45,95,85,96,84,71
wica,2026-11-14,0.289,0.77,10.99,2,45,93,84,95,82,70
wica,2026-11-15,0.378,0.67,11.03,2,45,90,81,93,80,68
wica,2026-11-16,0.472,0.57,11.06,2,45,86,78,89,77,64
wica,2026-11-17,0.570,0.48,11.08,2,45,81,74,86,73,61
wica,2026-11-18,0.668,0.38,11.11,2,45,74,70,81,68,56
wica,2026-11-19,0.762,0.27,11.14,2,45,67,64,75,63,50
wica,2026-11-20,0.848,0.17,11.17,2,45,59,58,69,57,44
wica,2026-11-21,0.919,0.06,11.20,2,45,50,52,63,50,38
wica,2026-11-22,0.971,0.00,11.22,2,45,45,47,59,46,34
wica,2026-11-23,0.997,0.00,11.25,2,45,43,46,58,45,33
wica,2026-11-24,0.995,0.00,11.27,2,45,44,46,58,45,33
wica,2026-11-25,0.963,0.00,11.30,2,45,45,48,59,46,34
wica,2026-11-26,0.903,0.02,11.32,2,45,50,51,62,50,37
wica,2026-11-27,0.821,0.14,11.34,2,45,59,58,69,57,44
wica,2026-11-28,0.722,0.26,11.36,2,45,68,65,76,64,51
wica,2026-11-29,0.615,0.37,11.38,2,45,76,71,82,70,57
wica,2026-11-30,0.505,0.48,11.40,2,45,83,76,87,74,62
wica,2026-12-01,0.398,0.58,11.42,2,49,88,79,91,78,66
wica,2026-12-02,0.298,0.68,11.44,2,49,92,81,94,81,69
wica,2026-12-03,0.209,0.78,11.46,2,49,94,83,96,83,71
wica,2026-12-04,0.134,0.88,11.47,2,49,96,85,97,84,72
wica,2026-12-05,0.074,0.97,11.49,2,49,97,85,97,85,72
wrst,2026-10-07,0.065,0.99,8.36,2,79,93,75,95,83,70
wrst,2026-10-08,0.022,1.00,8.47,2,79,94,75,95,83,70
wrst,2026-10-09,0.002,1.00,8.57,2,79,94,76,95,83,70
wrst,2026-10-10,0.004,1.00,8.67,2,79,94,76,95,83,70
wrst,2026-10-11,0.027,1.00,8.76,2,79,94,76,96,83,71
wrst,2026-10-12,0.068,1.00,8.86,2,79,94,76,96,83,71
wrst,2026-10-13,0.126,1.00,8.96,2,79,95,76,96,83,71
wrst,2026-10-14,0.197,1.00,9.05,2,79,95,76,96,84,71
wrst,2026-10-15,0.278,1.00,9.15,2,79,95,76,96,84,71
wrst,2026-10-16,0.367,1.00,9.24,2,79,95,77,96,84,71
wrst,2026-10-17,0.460,0.93,9.33,2,79,94,76,95,83,70
wrst,2026-10-18,0.555,0.75,9.42,2,79,88,71,91,79,66
wrst,2026-10-19,0.649,0.58,9.51,2,79,81,66,86,73,61
wrst,2026-10-20,0.740,0.42,9.60,2,79,73,60,80,67,55
wrst,2026-10-21,0.824,0.26,9.69,2,79,64,53,73,60,48
wrst,2026-10-22,0.896,0.10,9.78,2,79,53,45,65,52,40
wrst,2026-10-23,0.953,0.00,9.86,2,79,46,39,59,47,34
wrst,2026-10-24,0.989,0.00,9.95,2,79,44,38,58,45,33
wrst,2026-10-25,1.000,0.00,10.03,2,79,43,38,58,45,33
wrst,2026-10-26,0.984,0.00,10.12,2,79,44,38,58,46,33
wrst,2026-10-27,0.941,0.00,10.20,2,79,46,40,60,47,35
wrst,2026-10-28,0.872,0.00,10.28,2,79,50,43,63,50,38
wrst,2026-10-29,0.783,0.00,10.36,2,79,55,46,66,54,41
wrst,2026-10-30,0.680,0.00,10.44,2,79,60,51,70,58,45
wrst,2026-10-31,0.568,0.18,10.52,2,79,72,59,79,66,54
wrst,2026-11-01,0.451,0.36,10.59,2,75,81,67,86,73,61
wrst,2026-11-02,0.343,0.52,10.67,2,75,88,72,91,78,66
wrst,2026-11-03,0.244,0.67,10.74,2,75,92,76,94,82,69
wrst,2026-11-04,0.159,0.81,10.82,2,75,95,78,96,84,71
wrst,2026-11-05,0.091,0.95,10.89,2,75,96,79,97,85,72
wrst,2026-11-06,0.040,1.00,10.96,2,75,97,79,98,85,73
wrst,2026-11-07,0.010,1.00,11.03,2,75,97,79,98,85,73
wrst,2026-11-08,0.000,1.00,11.10,2,75,97,79,98,85,73
wrst,2026-11-09,0.010,1.00,11.17,2,75,97,79,98,85,73
wrst,2026-11-10,0.038,1.00,11.24,2,75,97,79,98,85,73
wrst,2026-11-11,0.083,1.00,11.30,2,75,97,79,98,85,73
wrst,2026-11-12,0.142,1.00,11.37,2,75,97,79,98,85,73
wrst,2026-11-13,0.214,1.00,11.43,2,75,97,79,98,85,73
wrst,2026-11-14,0.296,0.92,11.50,2,75,95,78,96,84,71
wrst,2026-11-15,0.385,0.78,11.56,2,75,92,75,94,82,69
wrst,2026-11-16,0.480,0.64,11.62,2,75,88,72,91,78,66
wrst,2026-11-17,0.578,0.51,11.67,2,75,82,67,86,74,61
wrst,2026-11-18,0.676,0.38,11.73,2,75,74,62,81,68,56
wrst,2026-11-19,0.770,0.25,11.79,2,75,66,56,75,62,50
wrst,2026-11-20,0.854,0.12,11.84,2,75,56,49,67,55,42
wrst,2026-11-21,0.925,0.00,11.90,2,75,47,42,61,48,36
wrst,2026-11-22,0.974,0.00,11.95,2,75,45,40,59,46,34
wrst,2026-11-23,0.998,0.00,12.00,2,75,43,39,58,45,33
wrst,2026-11-24,0.993,0.00,12.05,2,75,44,39,58,45,33
wrst,2026-11-25,0.959,0.00,12.09,2,75,46,40,59,47,34
wrst,2026-11-26,0.897,0.00,12.14,2,75,49,43,62,49,37
wrst,2026-11-27,0.813,0.01,12.18,2,75,54,47,65,53,40
wrst,2026-11-28,0.714,0.18,12.22,2,75,65,55,74,61,49
wrst,2026-11-29,0.606,0.32,12.26,2,75,75,62,81,69,56
wrst,2026-11-30,0.496,0.46,12.30,2,75,82,68,87,74,62
wrst,2026-12-01,0.389,0.59,12.34,2,78,88,72,91,79,66
wrst,2026-12-02,0.290,0.71,12.38,2,78,92,75,94,82,69
wrst,2026-12-03,0.202,0.83,12.41,2,78,95,77,96,84,71
wrst,2026-12-04,0.128,0.96,12.44,2,78,96,78,97,85,72
wrst,2026-12-05,0.069,1.00,12.47,2,78,97,78,98,85,73
yell,2026-10-07,0.070,0.94,9.40,2,55,95,83,96,84,71
yell,2026-10-08,0.025,1.00,9.45,2,55,96,83,97,84,72
yell,2026-10-09,0.003,1.00,9.50,2,55,96,83,97,84,72
yell,2026-10-10,0.003,1.00,9.55,2,55,96,83,97,84,72
yell,2026-10-11,0.024,1.00,9.60,2,55,96,83,97,84,72
yell,2026-10-12,0.064,1.00,9.65,2,55,96,83,97,84,72
yell,2026-10-13,0.121,1.00,9.70,2,55,96,83,97,85,72
yell,2026-10-14,0.191,0.98,9.75,2,55,96,83,97,84,72
yell,2026-10-15,0.271,0.90,9.79,2,55,95,82,96,84,71
yell,2026-10-16,0.359,0.80,9.84,2,55,93,81,94,82,69
yell,2026-10-17,0.452,0.69,9.89,2,55,89,78,92,79,67
yell,2026-10-18,0.547,0.58,9.94,2,55,84,75,88,76,63
yell,2026-10-19,0.642,0.47,9.98,2,55,78,70,84,71,59
yell,2026-10-20,0.733,0.36,10.03,2,55,72,65,79,66,54
yell,2026-10-21,0.817,0.24,10.08,2,55,64,59,73,60,48
yell,2026-10-22,0.891,0.13,10.12,2,55,55,53,66,54,41
yell,2026-10-23,0.949,0.01,10.17,2,55,47,46,60,47,35
yell,2026-10-24,0.986,0.00,10.21,2,55,44,44,58,46,33
yell,2026-10-25,1.000,0.00,10.25,2,55,43,44,58,45,33
yell,2026-10-26,0.986,0.00,10.30,2,55,44,44,58,46,33
yell,2026-10-27,0.945,0.00,10.34,2,55,46,46,60,47,35
yell,2026-10-28,0.879,0.00,10.38,2,55,50,49,62,50,37
yell,2026-10-29,0.791,0.09,10.43,2,55,58,55,69,56,44
yell,2026-10-30,0.689,0.20,10.47,2,55,67,62,76,63,51
yell,2026-10-31,0.578,0.33,10.51,2,55,76,68,82,70,57
yell,2026-11-01,0.460,0.46,10.55,2,70,83,70,87,75,62
yell,2026-11-02,0.352,0.58,10.59,2,70,89,74,92,79,67
yell,2026-11-03,0.252,0.69,10.63,2,70,92,77,94,82,69
yell,2026-11-04,0.166,0.80,10.67,2,70,95,79,96,84,71
yell,2026-11-05,0.096,0.91,10.71,2,70,96,80,97,85,72
yell,2026-11-06,0.044,1.00,10.74,2,70,97,80,98,85,73
yell,2026-11-07,0.012,1.00,10.78,2,70,97,80,98,85,73
yell,2026-11-08,0.000,1.00,10.82,2,70,97,80,98,85,73
yell,2026-11-09,0.008,1.00,10.85,2,70,97,80,98,85,73
yell,2026-11-10,0.035,1.00,10.89,2,70,97,80,98,85,73
yell,2026-11-11,0.078,1.00,10.92,2,70,97,80,98,85,73
yell,2026-11-12,0.137,0.96,10.96,2,70,96,80,97,85,72
yell,2026-11-13,0.208,0.87,10.99,2,70,95,79,96,84,71
yell,2026-11-14,0.289,0.77,11.02,2,70,93,77,95,82,70
yell,2026-11-15,0.378,0.67,11.06,2,70,90,75,93,80,68
yell,2026-11-16,0.472,0.58,11.09,2,70,86,72,89,77,64
yell,2026-11-17,0.570,0.48,11.12,2,70,81,68,86,73,61
yell,2026-11-18,0.668,0.38,11.15,2,70,74,63,81,68,56
yell,2026-11-19,0.762,0.27,11.18,2,70,67,58,75,63,50
yell,2026-11-20,0.848,0.16,11.21,2,70,59,52,69,57,44
yell,2026-11-21,0.919,0.05,11.23,2,70,50,45,63,50,38
yell,2026-11-22,0.971,0.00,11.26,2,70,45,41,59,46,34
yell,2026-11-23,0.997,0.00,11.29,2,70,43,40,58,45,33
yell,2026-11-24,0.995,0.00,11.31,2,70,44,40,58,45,33
yell,2026-11-25,0.963,0.00,11.34,2,70,45,41,59,46,34
yell,2026-11-26,0.903,0.02,11.36,2,70,49,45,62,50,37
yell,2026-11-27,0.821,0.14,11.38,2,70,59,52,69,57,44
yell,2026-11-28,0.722,0.26,11.40,2,70,68,59,76,64,51
yell,2026-11-29,0.615,0.37,11.43,2,70,76,65,82,70,57
yell,2026-11-30,0.505,0.48,11.45,2,70,83,70,87,75,62
yell,2026-12-01,0.398,0.58,11.47,2,76,88,72,91,78,66
yell,2026-12-02,0.298,0.68,11.48,2,76,92,75,94,81,69
yell,2026-12-03,0.209,0.78,11.50,2,76,94,77,96,83,71
yell,2026-12-04,0.134,0.88,11.52,2,76,96,78,97,84,72
yell,2026-12-05,0.074,0.98,11.53,2,76,97,78,97,85,72
yose,2026-10-07,0.068,0.94,9.57,3,23,92,88,94,82,69
yose,2026-10-08,0.024,1.00,9.61,3,23,93,89,94,82,69
yose,2026-10-09,0.002,1.00,9.65,3,23,93,89,94,82,69
yose,2026-10-10,0.003,1.00,9.69,3,23,93,89,95,82,70
yose,2026-10-11,0.025,1.00,9.73,3,23,93,89,95,82,70
yose,2026-10-12,0.066,1.00,9.76,3,23,93,89,95,82,70
yose,2026-10-13,0.124,1.00,9.80,3,23,93,89,95,82,70
yose,2026-10-14,0.194,0.92,9.84,3,23,92,88,94,82,69
yose,2026-10-15,0.275,0.84,9.88,3,23,91,87,93,81,68
yose,2026-10-16,0.363,0.75,9.91,3,23,88,85,91,79,66
yose,2026-10-17,0.456,0.65,9.95,3,23,85,83,88,76,63
yose,2026-10-18,0.551,0.54,9.99,3,23,80,79,85,72,60
yose,2026-10-19,0.645,0.44,10.02,3,23,74,75,81,68,56
yose,2026-10-20,0.736,0.34,10.06,3,23,67,70,75,63,50
yose,2026-10-21,0.820,0.23,10.10,3,23,60,64,70,57,45
yose,2026-10-22,0.893,0.13,10.13,3,23,52,58,64,51,39
yose,2026-10-23,0.951,0.02,10.17,3,23,44,52,58,45,33
yose,2026-10-24,0.988,0.00,10.20,3,23,41,50,55,43,30
yose,2026-10-25,1.000,0.00,10.24,3,23,40,49,55,43,30
yose,2026-10-26,0.985,0.00,10.27,3,23,41,50,56,43,31
yose,2026-10-27,0.943,0.00,10.30,3,23,43,52,57,45,32
yose,2026-10-28,0.876,0.03,10.34,3,23,48,55,61,49,36
yose,2026-10-29,0.787,0.13,10.37,3,23,57,62,68,55,43
yose,2026-10-30,0.684,0.25,10.40,3,23,66,69,74,62,49
yose,2026-10-31,0.573,0.37,10.43,3,23,74,75,81,68,56
yose,2026-11-01,0.456,0.48,10.46,3,41,81,75,86,73,61
yose,2026-11-02,0.347,0.59,10.49,3,41,86,79,89,77,64
yose,2026-11-03,0.248,0.70,10.53,3,41,89,82,92,80,67
yose,2026-11-04,0.163,0.80,10.56,3,41,92,83,94,81,69
yose,2026-11-05,0.093,0.90,10.59,3,41,93,84,95,82,70
yose,2026-11-06,0.042,1.00,10.61,3,41,93,85,95,83,70
yose,2026-11-07,0.011,1.00,10.64,3,41,93,85,95,83,70
yose,2026-11-08,0.000,1.00,10.67,3,41,93,85,95,83,70
yose,2026-11-09,0.009,1.00,10.70,3,41,93,85,95,83,70
yose,2026-11-10,0.036,1.00,10.73,3,41,93,85,95,83,70
yose,2026-11-11,0.080,1.00,10.75,3,41,93,85,95,83,70
yose,2026-11-12,0.139,0.92,10.78,3,41,93,84,95,82,70
yose,2026-11-13,0.211,0.83,10.81,3,41,91,83,94,81,69
yose,2026-11-14,0.292,0.74,10.83,3,41,89,82,92,79,67
yose,2026-11-15,0.381,0.65,10.86,3,41,86,79,90,77,65
yose,2026-11-16,0.476,0.55,10.88,3,41,82,76,87,74,62
yose,2026-11-17,0.574,0.46,10.90,3,41,77,72,83,70,58
yose,2026-11-18,0.672,0.37,10.93,3,41,71,68,78,65,53
yose,2026-11-19,0.766,0.27,10.95,3,41,63,62,73,60,48
yose,2026-11-20,0.851,0.17,10.97,3,41,56,56,67,54,42
yose,2026-11-21,0.922,0.06,10.99,3,41,47,50,60,48,35
yose,2026-11-22,0.973,0.00,11.01,3,41,41,46,56,44,31
yose,2026-11-23,0.998,0.00,11.03,3,41,40,45,55,43,30
yose,2026-11-24,0.994,0.00,11.05,3,41,40,45,55,43,30
yose,2026-11-25,0.961,0.00,11.07,3,41,42,46,57,44,32
yose,2026-11-26,0.900,0.05,11.09,3,41,48,51,61,48,36
yose,2026-11-27,0.817,0.17,11.11,3,41,57,58,68,55,43
yose,2026-11-28,0.718,0.28,11.13,3,41,66,64,74,62,49
yose,2026-11-29,0.610,0.39,11.14,3,41,73,70,80,68,55
yose,2026-11-30,0.501,0.49,11.16,3,41,80,75,85,72,60
yose,2026-12-01,0.394,0.59,11.17,3,57,85,74,89,76,64
yose,2026-12-02,0.294,0.68,11.19,3,57,88,77,91,79,66
yose,2026-12-03,0.206,0.78,11.20,3,57,91,79,93,81,68
yose,2026-12-04,0.131,0.87,11.21,3,57,92,80,94,82,69
yose,2026-12-05,0.071,0.96,11.23,3,57,93,81,95,82,70
zion,2026-10-07,0.070,0.94,9.58,3,23,92,88,94,82,69
zion,2026-10-08,0.025,1.00,9.62,3,23,93,89,94,82,69
zion,2026-10-09,0.003,1.00,9.66,3,23,93,89,94,82,69
zion,2026-10-10,0.003,1.00,9.69,3,23,93,89,95,82,70
zion,2026-10-11,0.024,1.00,9.73,3,23,93,89,95,82,70
zion,2026-10-12,0.064,1.00,9.77,3,23,93,89,95,82,70
zion,2026-10-13,0.121,1.00,9.81,3,23,93,89,95,82,70
zion,2026-10-14,0.191,0.92,9.84,3,23,92,88,94,82,69
zion,2026-10-15,0.271,0.84,9.88,3,23,91,87,93,81,68
zion,2026-10-16,0.359,0.74,9.92,3,23,88,85,91,79,66
zion,2026-10-17,0.452,0.65,9.95,3,23,85,83,89,76,64
zion,2026-10-18,0.547,0.54,9.99,3,23,80,79,85,72,60
zion,2026-10-19,0.642,0.44,10.03,3,23,74,75,81,68,56
zion,2026-10-20,0.733,0.34,10.06,3,23,67,70,76,63,51
zion,2026-10-21,0.817,0.23,10.10,3,23,60,64,70,57,45
zion,2026-10-22,0.891,0.13,10.13,3,23,52,58,64,51,39
zion,2026-10-23,0.949,0.02,10.16,3,23,44,52,58,45,33
zion,2026-10-24,0.986,0.00,10.20,3,23,41,50,56,43,31
zion,2026-10-25,1.000,0.00,10.23,3,23,40,49,55,43,30
zion,2026-10-26,0.986,0.00,10.26,3,23,41,50,56,43,31
zion,2026-10-27,0.945,0.00,10.30,3,23,43,51,57,45,32
zion,2026-10-28,0.879,0.03,10.33,3,23,48,55,61,48,36
zion,2026-10-29,0.791,0.13,10.36,3,23,57,62,68,55,43
zion,2026-10-30,0.689,0.25,10.39,3,23,66,69,74,62,49
zion,2026-10-31,0.578,0.37,10.42,3,23,74,75,80,68,55
zion,2026-11-01,0.460,0.48,10.46,3,28,81,78,85,73,60
zion,2026-11-02,0.352,0.59,10.49,3,28,86,82,89,77,64
zion,2026-11-03,0.252,0.70,10.52,3,28,89,85,92,79,67
zion,2026-11-04,0.166,0.80,10.55,3,28,92,87,94,81,69
zion,2026-11-05,0.096,0.90,10.57,3,28,93,88,95,82,70
zion,2026-11-06,0.044,1.00,10.60,3,28,93,88,95,82,70
zion,2026-11-07,0.012,1.00,10.63,3,28,93,88,95,83,70
zion,2026-11-08,0.000,1.00,10.66,3,28,93,88,95,83,70
zion,2026-11-09,0.008,1.00,10.69,3,28,93,88,95,83,70
zion,2026-11-10,0.035,1.00,10.71,3,28,93,88,95,83,70
zion,2026-11-11,0.078,1.00,10.74,3,28,93,88,95,83,70
zion,2026-11-12,0.137,0.92,10.76,3,28,93,88,95,82,70
zion,2026-11-13,0.208,0.83,10.79,3,28,91,87,94,81,69
zion,2026-11-14,0.289,0.74,10.81,3,28,89,85,92,80,67
zion,2026-11-15,0.378,0.65,10.84,3,28,86,83,90,77,65
zion,2026-11-16,0.472,0.55,10.86,3,28,82,80,87,74,62
zion,2026-11-17,0.570,0.46,10.89,3,28,77,76,83,70,58
zion,2026-11-18,0.668,0.37,10.91,3,28,71,71,78,66,53
zion,2026-11-19,0.762,0.27,10.93,3,28,64,66,73,60,48
zion,2026-11-20,0.848,0.17,10.95,3,28,56,60,67,54,42
zion,2026-11-21,0.919,0.06,10.97,3,28,47,54,61,48,36
zion,2026-11-22,0.971,0.00,10.99,3,28,42,49,56,44,31
zion,2026-11-23,0.997,0.00,11.01,3,28,40,48,55,43,30
zion,2026-11-24,0.995,0.00,11.03,3,28,40,48,55,43,30
zion,2026-11-25,0.963,0.00,11.05,3,28,42,49,56,44,31
zion,2026-11-26,0.903,0.05,11.07,3,28,48,54,61,48,36
zion,2026-11-27,0.821,0.17,11.09,3,28,57,61,68,55,43
zion,2026-11-28,0.722,0.28,11.10,3,28,66,67,74,62,49
zion,2026-11-29,0.615,0.39,11.12,3,28,73,73,80,67,55
zion,2026-11-30,0.505,0.49,11.13,3,28,80,78,85,72,60
zion,2026-12-01,0.398,0.59,11.15,3,46,85,77,88,76,63
zion,2026-12-02,0.298,0.68,11.16,3,46,88,80,91,79,66
zion,2026-12-03,0.209,0.77,11.18,3,46,91,82,93,81,68
zion,2026-12-04,0.134,0.87,11.19,3,46,92,83,94,82,69
zion,2026-12-05,0.074,0.96,11.20,3,46,93,83,95,82,70